y,time,level_2
9.5595,1,1
10.8913,2,1
10.2608,3,1
10.3328,4,1
11.7308,5,1
10.0845,6,1
10.2137,7,1
11.9479,8,1
12.6745,9,1
10.7018,10,1
11.0236,11,1
13.2072,12,1
11.3353,13,1
9.8786,14,1
8.8887,15,1
10.3718,16,1
11.5190,17,1
11.8189,18,1
11.7290,19,1
10.2965,20,1
11.5935,21,1
11.6081,22,1
11.4468,23,1
11.5849,24,1
11.6633,25,1
10.7059,26,1
8.8273,27,1
9.1286,28,1
8.9754,29,1
9.6856,30,1
10.0712,31,1
11.9085,32,1
13.1480,33,1
9.9395,34,1
11.2562,35,1
10.8472,36,1
10.4762,37,1
11.2813,38,1
11.3313,39,1
11.8551,40,1
10.9276,41,1
11.3018,42,1
11.4754,43,1
12.5945,44,1
12.6485,45,1
11.6587,46,1
11.0632,47,1
10.2061,48,1
8.9434,49,1
8.7233,50,1
9.8043,1,2
9.7162,2,2
11.9680,3,2
9.4870,4,2
10.3511,5,2
10.6026,6,2
11.0444,7,2
9.8876,8,2
9.9512,9,2
8.5641,10,2
8.4156,11,2
8.6589,12,2
7.9968,13,2
9.7046,14,2
9.3290,15,2
11.2245,16,2
10.0422,17,2
9.6184,18,2
9.4677,19,2
8.9241,20,2
7.1334,21,2
8.1065,22,2
8.8570,23,2
9.3207,24,2
9.9395,25,2
10.7604,26,2
9.5538,27,2
10.3997,28,2
11.0195,29,2
10.6064,30,2
8.5057,31,2
8.0760,32,2
8.2576,33,2
8.3646,34,2
9.6740,35,2
8.6546,36,2
9.2121,37,2
8.4092,38,2
10.9536,39,2
9.0290,40,2
10.8739,41,2
9.9443,42,2
10.5066,43,2
9.3248,44,2
9.6178,45,2
10.2333,46,2
9.8760,47,2
8.8337,48,2
7.0534,49,2
8.7601,50,2
9.8481,1,3
9.5743,2,3
10.4062,3,3
13.2324,4,3
11.8234,5,3
10.6854,6,3
10.9651,7,3
10.4324,8,3
10.2246,9,3
10.5892,10,3
8.9139,11,3
11.1215,12,3
10.4877,13,3
9.4760,14,3
7.8179,15,3
9.6234,16,3
11.5325,17,3
9.5163,18,3
9.3980,19,3
9.1436,20,3
10.9933,21,3
9.2983,22,3
9.9412,23,3
10.0878,24,3
11.2254,25,3
10.2471,26,3
11.0173,27,3
10.8300,28,3
9.7333,29,3
11.0116,30,3
12.0837,31,3
11.0685,32,3
11.5275,33,3
10.5621,34,3
12.6724,35,3
11.6793,36,3
12.2361,37,3
11.5418,38,3
12.2011,39,3
9.6188,40,3
9.9600,41,3
12.7025,42,3
11.3425,43,3
11.1941,44,3
10.5129,45,3
10.8597,46,3
11.5121,47,3
13.4303,48,3
10.6706,49,3
11.4051,50,3
9.6847,1,4
8.7143,2,4
8.8303,3,4
8.6367,4,4
6.3972,5,4
8.2540,6,4
8.3061,7,4
9.3349,8,4
10.6993,9,4
9.4954,10,4
10.4151,11,4
9.7032,12,4
8.6998,13,4
10.3228,14,4
9.7887,15,4
9.0274,16,4
9.6192,17,4
8.1922,18,4
9.7897,19,4
10.1649,20,4
8.9222,21,4
9.2852,22,4
10.3045,23,4
9.3686,24,4
8.9582,25,4
7.9551,26,4
8.0693,27,4
7.4816,28,4
7.6219,29,4
7.1427,30,4
7.9041,31,4
8.4039,32,4
8.2167,33,4
9.6253,34,4
9.5020,35,4
7.6993,36,4
8.0411,37,4
7.5453,38,4
9.4497,39,4
9.5165,40,4
9.4022,41,4
8.3456,42,4
8.7475,43,4
9.4791,44,4
10.1027,45,4
7.6536,46,4
7.5486,47,4
7.6668,48,4
8.6546,49,4
8.5767,50,4
9.4330,1,5
9.8604,2,5
10.6867,3,5
9.9766,4,5
9.4238,5,5
8.4978,6,5
8.7080,7,5
10.1581,8,5
8.8346,9,5
8.4879,10,5
9.3321,11,5
12.7675,12,5
11.9020,13,5
10.6690,14,5
10.2772,15,5
9.6703,16,5
11.5737,17,5
11.6730,18,5
10.4325,19,5
10.1890,20,5
10.6345,21,5
10.6858,22,5
9.8509,23,5
9.2648,24,5
10.1155,25,5
9.1279,26,5
10.2235,27,5
11.1499,28,5
10.0769,29,5
9.6230,30,5
10.1464,31,5
10.5368,32,5
9.5679,33,5
8.9894,34,5
9.5577,35,5
10.8781,36,5
10.6445,37,5
8.1952,38,5
7.2652,39,5
6.9507,40,5
7.9022,41,5
8.4616,42,5
9.5903,43,5
11.3959,44,5
11.2126,45,5
10.5300,46,5
10.6195,47,5
10.5168,48,5
9.0379,49,5
9.8865,50,5
12.4189,1,6
13.6907,2,6
12.9545,3,6
12.4914,4,6
12.9919,5,6
12.4351,6,6
12.1088,7,6
13.3026,8,6
9.7522,9,6
10.1453,10,6
11.0313,11,6
11.8968,12,6
10.7627,13,6
11.9019,14,6
12.7478,15,6
13.2792,16,6
13.2077,17,6
12.8299,18,6
12.9672,19,6
11.4439,20,6
11.1552,21,6
11.2022,22,6
10.1794,23,6
11.9157,24,6
10.6384,25,6
9.7497,26,6
10.1152,27,6
9.5602,28,6
9.6811,29,6
9.7729,30,6
11.8063,31,6
12.0946,32,6
14.1312,33,6
12.6950,34,6
12.2919,35,6
10.6745,36,6
10.4914,37,6
12.2976,38,6
12.6163,39,6
10.9198,40,6
9.5688,41,6
9.2994,42,6
10.1394,43,6
11.3329,44,6
10.7165,45,6
10.3220,46,6
10.9727,47,6
12.7792,48,6
13.7162,49,6
12.0760,50,6
12.1181,1,7
13.0339,2,7
13.0322,3,7
12.3108,4,7
12.5218,5,7
10.4424,6,7
10.3202,7,7
10.2526,8,7
11.3579,9,7
11.1799,10,7
11.1016,11,7
9.1339,12,7
10.1687,13,7
12.3942,14,7
11.2526,15,7
13.3666,16,7
12.8358,17,7
11.9718,18,7
12.7978,19,7
12.9868,20,7
11.0543,21,7
9.7686,22,7
11.1745,23,7
10.9691,24,7
12.5994,25,7
11.6336,26,7
10.7617,27,7
10.4708,28,7
10.9332,29,7
11.4283,30,7
11.7198,31,7
11.1630,32,7
11.1298,33,7
11.2647,34,7
10.9959,35,7
11.7628,36,7
13.0798,37,7
12.5200,38,7
10.9646,39,7
11.6181,40,7
11.4831,41,7
12.1888,42,7
11.6445,43,7
12.4192,44,7
11.6159,45,7
11.4287,46,7
12.7411,47,7
12.7410,48,7
13.0160,49,7
14.0255,50,7
11.3312,1,8
10.7546,2,8
9.8742,3,8
8.7634,4,8
10.2083,5,8
11.0735,6,8
12.3988,7,8
11.1380,8,8
10.9208,9,8
12.9472,10,8
10.4837,11,8
10.4852,12,8
11.4035,13,8
10.1733,14,8
10.0450,15,8
10.2674,16,8
9.4178,17,8
9.5009,18,8
11.4726,19,8
11.7108,20,8
11.6202,21,8
10.6451,22,8
11.9942,23,8
10.5567,24,8
9.2550,25,8
10.6275,26,8
8.8246,27,8
7.9185,28,8
8.4149,29,8
8.9479,30,8
10.6439,31,8
9.2321,32,8
8.7299,33,8
9.6653,34,8
10.4045,35,8
11.7228,36,8
11.6886,37,8
10.8939,38,8
9.2767,39,8
8.4624,40,8
10.0550,41,8
11.4785,42,8
11.2651,43,8
12.8373,44,8
10.4357,45,8
10.7164,46,8
11.6169,47,8
11.6487,48,8
10.5268,49,8
11.1272,50,8
8.4686,1,9
8.0326,2,9
9.2963,3,9
9.4779,4,9
9.3546,5,9
6.8770,6,9
8.0752,7,9
10.8127,8,9
11.0834,9,9
9.4215,10,9
9.2533,11,9
10.3015,12,9
8.9880,13,9
12.1385,14,9
11.1336,15,9
10.0918,16,9
10.4699,17,9
9.4369,18,9
9.2509,19,9
10.6512,20,9
10.9010,21,9
10.5821,22,9
9.8438,23,9
10.0706,24,9
10.4158,25,9
11.0063,26,9
9.8658,27,9
10.3173,28,9
10.3106,29,9
8.3976,30,9
10.0829,31,9
9.4786,32,9
9.8552,33,9
10.4704,34,9
10.6728,35,9
10.4184,36,9
10.1277,37,9
9.5322,38,9
10.8082,39,9
12.1597,40,9
9.8045,41,9
9.7855,42,9
10.0576,43,9
11.7619,44,9
11.6850,45,9
11.4885,46,9
9.1189,47,9
9.2833,48,9
9.1857,49,9
8.3662,50,9
7.3780,1,10
9.4315,2,10
9.8144,3,10
10.3443,4,10
9.9987,5,10
8.6357,6,10
9.2552,7,10
9.2416,8,10
10.5033,9,10
7.1266,10,10
6.4949,11,10
8.4714,12,10
8.3744,13,10
9.7307,14,10
7.9305,15,10
7.9533,16,10
8.7608,17,10
9.4143,18,10
8.1047,19,10
8.8621,20,10
8.3994,21,10
9.1347,22,10
8.3626,23,10
10.3691,24,10
9.6061,25,10
10.2295,26,10
9.1439,27,10
7.0086,28,10
8.7839,29,10
10.6423,30,10
8.8722,31,10
8.3529,32,10
9.4853,33,10
9.9225,34,10
8.7786,35,10
9.3061,36,10
10.9977,37,10
9.3732,38,10
7.8973,39,10
9.8490,40,10
10.4951,41,10
10.9234,42,10
10.3874,43,10
9.5668,44,10
10.2570,45,10
10.3289,46,10
11.6764,47,10
11.8740,48,10
10.7502,49,10
10.0016,50,10
8.4528,1,11
8.1972,2,11
9.2684,3,11
9.6612,4,11
7.5069,5,11
7.4675,6,11
10.6499,7,11
9.5376,8,11
8.3238,9,11
9.3034,10,11
8.2264,11,11
9.2027,12,11
10.2157,13,11
8.1523,14,11
8.4513,15,11
7.5950,16,11
11.5140,17,11
10.6637,18,11
11.4168,19,11
8.8034,20,11
9.6403,21,11
9.0256,22,11
8.5215,23,11
8.3694,24,11
9.7840,25,11
8.7047,26,11
12.7455,27,11
10.8598,28,11
8.0617,29,11
9.1272,30,11
7.8960,31,11
7.6101,32,11
7.6614,33,11
7.3014,34,11
7.5884,35,11
6.3102,36,11
8.6057,37,11
9.5500,38,11
8.9886,39,11
8.7747,40,11
5.8599,41,11
6.1852,42,11
6.9926,43,11
7.5328,44,11
7.6961,45,11
9.3368,46,11
7.8383,47,11
7.5986,48,11
8.6094,49,11
7.4300,50,11
9.9331,1,12
10.2082,2,12
7.9610,3,12
8.4345,4,12
8.8111,5,12
8.1967,6,12
9.1279,7,12
9.3904,8,12
10.2568,9,12
11.3085,10,12
10.4001,11,12
10.8871,12,12
12.0554,13,12
8.8859,14,12
10.9434,15,12
9.1488,16,12
8.3686,17,12
9.5327,18,12
12.7520,19,12
10.1935,20,12
8.8087,21,12
6.6001,22,12
8.6025,23,12
9.6210,24,12
11.6576,25,12
8.9327,26,12
8.6453,27,12
10.3655,28,12
9.7645,29,12
11.1657,30,12
9.4051,31,12
10.0506,32,12
10.1888,33,12
9.3574,34,12
9.5676,35,12
10.9434,36,12
9.3303,37,12
10.4882,38,12
11.1337,39,12
10.2081,40,12
10.0880,41,12
10.6129,42,12
10.5419,43,12
9.4617,44,12
10.5390,45,12
12.0352,46,12
9.5342,47,12
7.1609,48,12
8.0897,49,12
10.6906,50,12
11.8804,1,13
11.6540,2,13
11.9316,3,13
11.9910,4,13
9.7175,5,13
10.3282,6,13
8.8658,7,13
10.1354,8,13
8.0892,9,13
9.6573,10,13
7.8823,11,13
8.7341,12,13
9.1713,13,13
8.9193,14,13
8.7343,15,13
7.5066,16,13
9.1703,17,13
10.6664,18,13
7.4359,19,13
8.0338,20,13
7.3555,21,13
9.0242,22,13
8.9667,23,13
10.9290,24,13
9.7642,25,13
9.0085,26,13
10.1333,27,13
9.0272,28,13
11.3391,29,13
12.3686,30,13
12.1198,31,13
12.3186,32,13
11.9595,33,13
10.7366,34,13
9.6903,35,13
10.2263,36,13
10.9435,37,13
9.3846,38,13
7.4149,39,13
8.5626,40,13
10.0231,41,13
10.0613,42,13
9.9055,43,13
8.4161,44,13
8.2988,45,13
8.9803,46,13
10.1697,47,13
9.0731,48,13
10.7081,49,13
8.5651,50,13
9.7909,1,14
9.4321,2,14
6.8625,3,14
7.9277,4,14
8.2868,5,14
7.2271,6,14
8.1524,7,14
8.5503,8,14
7.1560,9,14
8.5458,10,14
8.2886,11,14
7.1777,12,14
8.5397,13,14
8.8396,14,14
8.8860,15,14
8.9013,16,14
9.3306,17,14
8.4802,18,14
9.1036,19,14
9.6530,20,14
8.7906,21,14
9.3433,22,14
8.1526,23,14
9.0094,24,14
9.0042,25,14
9.2437,26,14
8.9433,27,14
9.0930,28,14
10.6300,29,14
10.4235,30,14
10.5507,31,14
8.2653,32,14
7.9633,33,14
9.2305,34,14
9.9314,35,14
10.6069,36,14
9.5008,37,14
9.1976,38,14
9.7347,39,14
9.3252,40,14
8.3050,41,14
8.7643,42,14
7.8898,43,14
8.9697,44,14
9.3627,45,14
9.5772,46,14
8.3280,47,14
8.5027,48,14
7.6687,49,14
9.3258,50,14
9.6148,1,15
7.9484,2,15
7.7421,3,15
8.1885,4,15
9.9227,5,15
8.9960,6,15
9.8924,7,15
10.3014,8,15
10.0059,9,15
7.9081,10,15
6.7544,11,15
8.8511,12,15
7.5037,13,15
9.3498,14,15
9.0524,15,15
8.5174,16,15
8.6877,17,15
8.7235,18,15
7.8433,19,15
7.9842,20,15
6.5530,21,15
8.3954,22,15
7.3430,23,15
8.5857,24,15
7.4353,25,15
8.9636,26,15
9.8175,27,15
8.7248,28,15
8.6355,29,15
7.1436,30,15
10.6878,31,15
10.5607,32,15
8.3437,33,15
8.4336,34,15
7.9265,35,15
8.2841,36,15
6.9425,37,15
9.2812,38,15
10.2190,39,15
8.4284,40,15
7.8894,41,15
8.7454,42,15
8.4382,43,15
8.1379,44,15
7.2451,45,15
6.6253,46,15
7.2399,47,15
8.5093,48,15
8.7347,49,15
8.7071,50,15
13.8315,1,16
12.2476,2,16
11.5844,3,16
11.2184,4,16
10.6476,5,16
11.0145,6,16
9.6789,7,16
9.3748,8,16
9.2358,9,16
9.0055,10,16
9.3851,11,16
9.9208,12,16
8.8188,13,16
8.9188,14,16
9.7225,15,16
8.2851,16,16
7.2780,17,16
9.2354,18,16
9.0400,19,16
8.8830,20,16
10.6596,21,16
10.5008,22,16
9.6405,23,16
12.2423,24,16
11.7518,25,16
9.9158,26,16
11.7273,27,16
11.2132,28,16
11.9599,29,16
11.3640,30,16
11.4511,31,16
12.1247,32,16
11.2670,33,16
10.9599,34,16
10.6628,35,16
12.4051,36,16
10.2785,37,16
9.9055,38,16
9.4839,39,16
9.6925,40,16
11.0489,41,16
11.0292,42,16
11.1274,43,16
9.7819,44,16
11.1560,45,16
9.9992,46,16
11.1811,47,16
11.7962,48,16
10.8202,49,16
8.8140,50,16
7.8792,1,17
8.6664,2,17
8.8182,3,17
7.3802,4,17
7.8887,5,17
9.5871,6,17
10.3993,7,17
9.2517,8,17
9.4435,9,17
9.6956,10,17
11.4430,11,17
10.4877,12,17
11.9867,13,17
10.1428,14,17
8.9407,15,17
7.4022,16,17
8.6915,17,17
9.5963,18,17
11.4021,19,17
11.9661,20,17
12.8607,21,17
10.6466,22,17
11.6517,23,17
9.6866,24,17
9.6318,25,17
9.0592,26,17
11.5237,27,17
11.6179,28,17
9.9996,29,17
8.9952,30,17
9.2840,31,17
10.3748,32,17
9.6677,33,17
11.5788,34,17
9.8457,35,17
9.6111,36,17
9.5534,37,17
8.3188,38,17
8.3646,39,17
8.3041,40,17
7.5433,41,17
8.7637,42,17
9.4565,43,17
11.0394,44,17
12.8527,45,17
11.8302,46,17
11.4965,47,17
11.1337,48,17
12.5788,49,17
12.8354,50,17
9.2899,1,18
7.9664,2,18
9.9985,3,18
10.0885,4,18
9.8343,5,18
10.7994,6,18
9.7516,7,18
9.1157,8,18
10.3139,9,18
10.5301,10,18
8.5163,11,18
10.4220,12,18
10.3564,13,18
10.3547,14,18
10.8868,15,18
9.0618,16,18
10.0118,17,18
9.9958,18,18
10.6777,19,18
10.5970,20,18
8.3536,21,18
8.8375,22,18
9.9026,23,18
11.1563,24,18
9.9582,25,18
8.7356,26,18
11.3860,27,18
10.8811,28,18
9.9613,29,18
9.4893,30,18
11.0392,31,18
10.3946,32,18
11.7399,33,18
10.8440,34,18
12.6513,35,18
13.1096,36,18
10.4502,37,18
11.5347,38,18
11.0819,39,18
12.1010,40,18
11.5069,41,18
10.3209,42,18
10.6787,43,18
11.7119,44,18
11.3410,45,18
11.1469,46,18
10.8681,47,18
10.9870,48,18
9.7359,49,18
10.0489,50,18
9.6618,1,19
9.6921,2,19
10.3211,3,19
11.3955,4,19
11.9007,5,19
9.1118,6,19
8.2887,7,19
8.9849,8,19
8.4134,9,19
10.2609,10,19
8.8340,11,19
11.2043,12,19
10.1144,13,19
8.8894,14,19
10.2837,15,19
10.6034,16,19
12.3269,17,19
10.5896,18,19
10.8998,19,19
9.5135,20,19
9.1533,21,19
7.4289,22,19
9.2171,23,19
7.9454,24,19
8.3038,25,19
9.2537,26,19
8.4168,27,19
10.0267,28,19
10.4606,29,19
10.9206,30,19
11.4561,31,19
11.3629,32,19
10.1393,33,19
11.7597,34,19
12.7104,35,19
11.2611,36,19
10.7411,37,19
8.8262,38,19
10.8549,39,19
10.2714,40,19
9.4603,41,19
10.5927,42,19
10.7483,43,19
12.2310,44,19
11.0553,45,19
10.0931,46,19
7.9112,47,19
8.4152,48,19
7.9886,49,19
8.9110,50,19
11.8279,1,20
11.6857,2,20
11.2072,3,20
12.9216,4,20
12.8325,5,20
10.9360,6,20
13.0331,7,20
12.7414,8,20
13.2750,9,20
14.4641,10,20
12.0339,11,20
11.0048,12,20
11.2066,13,20
11.1802,14,20
11.5216,15,20
12.5531,16,20
12.9489,17,20
12.0615,18,20
12.9070,19,20
12.6762,20,20
12.8482,21,20
10.2936,22,20
10.0095,23,20
10.2368,24,20
12.1367,25,20
11.3337,26,20
11.1984,27,20
10.8301,28,20
12.6791,29,20
11.8485,30,20
11.0287,31,20
9.2521,32,20
8.8474,33,20
8.3698,34,20
12.8558,35,20
11.5227,36,20
12.4697,37,20
11.4852,38,20
11.0689,39,20
11.8739,40,20
10.9010,41,20
11.5530,42,20
10.6142,43,20
9.8553,44,20
10.7538,45,20
11.8280,46,20
12.1193,47,20
10.8668,48,20
11.3612,49,20
10.7001,50,20
6.1471,1,21
5.1059,2,21
6.4724,3,21
6.7941,4,21
7.6765,5,21
8.8519,6,21
8.4090,7,21
8.4717,8,21
8.1872,9,21
9.1720,10,21
8.6558,11,21
7.8702,12,21
7.4204,13,21
8.6607,14,21
8.0385,15,21
7.7332,16,21
8.2212,17,21
9.0744,18,21
7.3259,19,21
8.5269,20,21
8.5639,21,21
7.7930,22,21
8.4029,23,21
9.0658,24,21
8.3884,25,21
6.9196,26,21
8.1608,27,21
7.8201,28,21
7.7647,29,21
5.6270,30,21
7.4819,31,21
8.3549,32,21
7.5931,33,21
6.9895,34,21
8.2268,35,21
4.8086,36,21
5.9380,37,21
9.5610,38,21
9.0627,39,21
9.7856,40,21
8.9867,41,21
10.0996,42,21
7.0777,43,21
7.1465,44,21
6.7919,45,21
8.7491,46,21
8.9418,47,21
8.2019,48,21
8.5040,49,21
9.9314,50,21
10.4556,1,22
11.0848,2,22
11.1239,3,22
10.4544,4,22
11.0520,5,22
11.8255,6,22
11.8439,7,22
9.5684,8,22
11.1377,9,22
10.9104,10,22
10.5174,11,22
11.1586,12,22
10.3109,13,22
9.1477,14,22
10.0714,15,22
11.0619,16,22
10.2316,17,22
11.7603,18,22
10.2505,19,22
11.0403,20,22
13.0139,21,22
11.9779,22,22
10.7356,23,22
9.8984,24,22
9.9172,25,22
11.4506,26,22
10.7216,27,22
10.9083,28,22
12.8515,29,22
9.8823,30,22
10.3274,31,22
11.8775,32,22
10.2115,33,22
10.8674,34,22
10.7234,35,22
8.7730,36,22
9.3704,37,22
9.7421,38,22
10.2032,39,22
10.1229,40,22
11.2393,41,22
10.9059,42,22
12.9350,43,22
12.3794,44,22
13.0227,45,22
11.5710,46,22
11.2930,47,22
10.7652,48,22
10.6881,49,22
10.7095,50,22
9.8664,1,23
9.2121,2,23
7.8595,3,23
10.1985,4,23
9.0924,5,23
11.0981,6,23
8.0111,7,23
8.1374,8,23
10.4457,9,23
9.8833,10,23
8.8468,11,23
9.5519,12,23
7.9516,13,23
10.5260,14,23
8.1890,15,23
8.6301,16,23
8.0697,17,23
9.5515,18,23
9.5153,19,23
8.9248,20,23
10.6987,21,23
10.4279,22,23
10.2704,23,23
11.7293,24,23
11.1767,25,23
10.6899,26,23
9.5018,27,23
9.8032,28,23
9.8961,29,23
9.5278,30,23
10.1557,31,23
12.0233,32,23
11.2583,33,23
12.2394,34,23
10.9737,35,23
9.7234,36,23
10.1007,37,23
9.0696,38,23
10.4723,39,23
10.7812,40,23
10.3449,41,23
9.0075,42,23
9.6723,43,23
9.8757,44,23
8.9677,45,23
8.1974,46,23
10.9615,47,23
11.5532,48,23
10.0712,49,23
9.1477,50,23
9.3621,1,24
10.5138,2,24
10.4899,3,24
12.7811,4,24
12.4861,5,24
11.4358,6,24
11.9727,7,24
10.3731,8,24
11.1266,9,24
10.1877,10,24
12.8001,11,24
11.1070,12,24
12.8071,13,24
13.3977,14,24
11.6984,15,24
12.4838,16,24
11.2056,17,24
11.7272,18,24
11.8149,19,24
10.7298,20,24
11.4806,21,24
12.0579,22,24
11.0649,23,24
11.3798,24,24
10.0130,25,24
10.1918,26,24
9.9568,27,24
8.7261,28,24
10.3562,29,24
9.9530,30,24
11.3717,31,24
10.1147,32,24
9.5677,33,24
10.0724,34,24
10.2568,35,24
11.5817,36,24
11.9523,37,24
12.0278,38,24
11.2130,39,24
10.9597,40,24
10.9382,41,24
10.6620,42,24
11.1365,43,24
12.1006,44,24
9.8609,45,24
10.6738,46,24
10.9280,47,24
11.9028,48,24
14.3330,49,24
13.9104,50,24
10.4854,1,25
8.9466,2,25
9.1179,3,25
10.0924,4,25
8.2714,5,25
10.5294,6,25
10.3520,7,25
11.5268,8,25
10.7644,9,25
10.2032,10,25
10.5568,11,25
10.0161,12,25
10.1649,13,25
10.1404,14,25
9.2031,15,25
6.9673,16,25
8.1726,17,25
7.5984,18,25
8.8774,19,25
9.0853,20,25
7.6651,21,25
7.3797,22,25
8.4179,23,25
9.7031,24,25
10.9044,25,25
10.7139,26,25
11.3641,27,25
10.7127,28,25
10.1025,29,25
9.1966,30,25
9.0575,31,25
11.5315,32,25
8.8895,33,25
8.7637,34,25
8.2071,35,25
9.6221,36,25
9.4436,37,25
9.9051,38,25
9.8324,39,25
9.6722,40,25
9.0704,41,25
8.7336,42,25
9.3293,43,25
10.1992,44,25
8.4052,45,25
8.7698,46,25
9.7935,47,25
8.6261,48,25
9.6594,49,25
8.0656,50,25
10.5562,1,26
12.2347,2,26
13.1963,3,26
11.3369,4,26
12.4878,5,26
13.7065,6,26
11.6074,7,26
12.0002,8,26
12.5909,9,26
13.2223,10,26
13.1082,11,26
12.9895,12,26
12.5169,13,26
9.4284,14,26
13.2459,15,26
12.6400,16,26
12.6839,17,26
11.4639,18,26
10.4822,19,26
10.2285,20,26
9.9127,21,26
11.6529,22,26
11.4917,23,26
10.2066,24,26
11.0692,25,26
11.9018,26,26
12.1864,27,26
11.2948,28,26
11.5547,29,26
10.1357,30,26
10.9209,31,26
11.8172,32,26
12.0586,33,26
12.8643,34,26
13.0974,35,26
11.8630,36,26
12.3856,37,26
10.7649,38,26
11.3732,39,26
11.0831,40,26
11.0819,41,26
11.3604,42,26
10.4500,43,26
10.7190,44,26
12.9347,45,26
12.3280,46,26
12.6335,47,26
11.8866,48,26
12.0068,49,26
10.4057,50,26
9.7256,1,27
9.6212,2,27
9.4083,3,27
8.9445,4,27
10.4586,5,27
11.3941,6,27
12.7065,7,27
12.7305,8,27
11.3594,9,27
10.8603,10,27
10.4822,11,27
12.0589,12,27
12.0876,13,27
11.8703,14,27
11.6281,15,27
11.4352,16,27
12.0192,17,27
11.8986,18,27
11.7914,19,27
10.2947,20,27
11.7287,21,27
12.3465,22,27
10.5377,23,27
11.2808,24,27
9.9996,25,27
12.4653,26,27
13.3595,27,27
13.2830,28,27
11.6005,29,27
11.6823,30,27
13.1366,31,27
11.9725,32,27
10.6339,33,27
11.9757,34,27
10.7205,35,27
10.4193,36,27
11.6210,37,27
11.4213,38,27
11.2634,39,27
9.9845,40,27
9.8716,41,27
10.6738,42,27
10.5850,43,27
10.8658,44,27
12.5590,45,27
12.7697,46,27
10.7364,47,27
9.7950,48,27
11.0754,49,27
10.9178,50,27
8.3935,1,28
9.4134,2,28
10.6927,3,28
10.6407,4,28
9.4845,5,28
10.8934,6,28
9.8447,7,28
8.4420,8,28
8.6973,9,28
10.7043,10,28
8.7861,11,28
8.3791,12,28
8.0027,13,28
7.2296,14,28
6.7120,15,28
6.5442,16,28
8.0459,17,28
8.8950,18,28
9.2422,19,28
9.4152,20,28
9.4843,21,28
8.2990,22,28
8.4280,23,28
9.0050,24,28
10.8091,25,28
11.4811,26,28
9.3332,27,28
9.4494,28,28
8.1515,29,28
9.7395,30,28
10.5181,31,28
9.2104,32,28
7.3037,33,28
8.5051,34,28
10.5814,35,28
9.4496,36,28
9.1912,37,28
11.0087,38,28
10.4785,39,28
12.6633,40,28
10.4253,41,28
9.9203,42,28
9.3839,43,28
9.4014,44,28
7.4935,45,28
7.0175,46,28
9.1759,47,28
8.7323,48,28
8.7279,49,28
9.6900,50,28
10.6917,1,29
9.3710,2,29
9.8075,3,29
11.3686,4,29
11.6426,5,29
11.1185,6,29
9.3789,7,29
9.5192,8,29
9.7260,9,29
10.8591,10,29
10.4674,11,29
10.5154,12,29
10.5919,13,29
10.1083,14,29
10.8062,15,29
10.2008,16,29
12.3882,17,29
11.8511,18,29
12.3119,19,29
12.3950,20,29
12.5935,21,29
13.2927,22,29
11.9713,23,29
10.7833,24,29
12.0402,25,29
12.3795,26,29
11.9594,27,29
12.4585,28,29
13.0088,29,29
12.0863,30,29
10.3132,31,29
11.5274,32,29
13.7385,33,29
10.1012,34,29
11.9183,35,29
10.8480,36,29
10.0203,37,29
10.7931,38,29
12.3987,39,29
12.1695,40,29
11.7239,41,29
10.7093,42,29
12.1968,43,29
13.1498,44,29
11.2193,45,29
10.7575,46,29
12.1216,47,29
12.3330,48,29
10.9461,49,29
13.8052,50,29
10.4579,1,30
12.6046,2,30
11.5923,3,30
11.6024,4,30
12.1337,5,30
11.6438,6,30
11.0206,7,30
10.2203,8,30
10.6681,9,30
9.7034,10,30
9.3374,11,30
9.0091,12,30
9.2251,13,30
8.2498,14,30
10.0304,15,30
13.0230,16,30
10.9590,17,30
8.7328,18,30
10.9227,19,30
11.8192,20,30
11.4479,21,30
10.5040,22,30
10.4281,23,30
12.1549,24,30
12.1028,25,30
11.5657,26,30
10.1850,27,30
12.1740,28,30
11.0480,29,30
12.3863,30,30
9.6337,31,30
9.4157,32,30
11.7808,33,30
12.9163,34,30
9.2048,35,30
9.4931,36,30
11.2337,37,30
8.9764,38,30
8.8715,39,30
9.4313,40,30
10.4182,41,30
10.6143,42,30
9.9666,43,30
10.7304,44,30
9.7719,45,30
9.3693,46,30
10.0027,47,30
10.7853,48,30
9.5132,49,30
9.8388,50,30
11.9760,1,31
12.1618,2,31
10.8437,3,31
10.5394,4,31
10.5915,5,31
11.0418,6,31
10.5711,7,31
12.6562,8,31
12.0152,9,31
13.1323,10,31
11.8649,11,31
12.6474,12,31
12.2900,13,31
12.3399,14,31
12.5414,15,31
11.1594,16,31
13.7404,17,31
12.9549,18,31
8.8816,19,31
9.6197,20,31
9.4951,21,31
12.1684,22,31
11.9578,23,31
12.1744,24,31
12.5961,25,31
11.4204,26,31
10.7421,27,31
11.3737,28,31
10.0539,29,31
10.2181,30,31
13.0013,31,31
13.4376,32,31
12.5975,33,31
13.1258,34,31
12.9026,35,31
13.4527,36,31
12.4961,37,31
14.4513,38,31
13.3845,39,31
12.6351,40,31
12.0968,41,31
12.3082,42,31
13.4314,43,31
12.3488,44,31
12.5750,45,31
12.2916,46,31
12.6858,47,31
12.8259,48,31
13.8478,49,31
13.6721,50,31
9.1071,1,32
7.9622,2,32
6.8405,3,32
7.5407,4,32
7.6500,5,32
7.1976,6,32
8.7416,7,32
8.3708,8,32
7.7411,9,32
8.2845,10,32
8.1479,11,32
8.3547,12,32
9.8407,13,32
9.0892,14,32
8.9747,15,32
7.5524,16,32
7.6610,17,32
7.3674,18,32
6.7864,19,32
8.9022,20,32
9.6763,21,32
8.2193,22,32
9.0740,23,32
10.0103,24,32
6.9163,25,32
8.6760,26,32
9.2921,27,32
6.8673,28,32
8.2980,29,32
7.8573,30,32
7.9089,31,32
7.6859,32,32
6.9075,33,32
7.0533,34,32
8.7787,35,32
7.8578,36,32
8.5301,37,32
6.9664,38,32
9.4206,39,32
9.4465,40,32
7.4007,41,32
8.5058,42,32
7.7339,43,32
8.8365,44,32
9.0789,45,32
9.1003,46,32
9.6637,47,32
8.7507,48,32
8.4232,49,32
7.7809,50,32
11.4944,1,33
11.0308,2,33
10.7553,3,33
9.7237,4,33
9.8864,5,33
8.2560,6,33
8.0618,7,33
8.4038,8,33
10.3778,9,33
9.8242,10,33
7.4592,11,33
8.9644,12,33
7.5152,13,33
8.3590,14,33
9.4271,15,33
9.4708,16,33
10.6334,17,33
10.9248,18,33
8.5274,19,33
9.5691,20,33
9.4344,21,33
9.8626,22,33
9.0422,23,33
9.2435,24,33
9.3151,25,33
8.2604,26,33
7.4717,27,33
8.3018,28,33
7.1844,29,33
6.5903,30,33
7.9636,31,33
7.7033,32,33
6.9391,33,33
8.5865,34,33
12.6483,35,33
9.7185,36,33
9.9991,37,33
9.7074,38,33
9.9876,39,33
7.7398,40,33
9.1633,41,33
8.3833,42,33
8.9973,43,33
8.2203,44,33
8.2534,45,33
8.2324,46,33
8.9333,47,33
9.6256,48,33
10.1802,49,33
10.3396,50,33
9.9676,1,34
9.7494,2,34
9.7056,3,34
10.5369,4,34
9.6499,5,34
9.7446,6,34
10.2860,7,34
10.7179,8,34
9.9527,9,34
11.3357,10,34
9.6561,11,34
8.7215,12,34
8.8489,13,34
9.3197,14,34
10.0247,15,34
8.6978,16,34
7.8635,17,34
9.9579,18,34
10.1733,19,34
10.3547,20,34
10.1417,21,34
10.7637,22,34
10.4663,23,34
8.9741,24,34
11.4309,25,34
10.9849,26,34
11.4743,27,34
9.9276,28,34
10.6247,29,34
10.8716,30,34
13.6426,31,34
11.5736,32,34
11.6286,33,34
11.3181,34,34
9.2210,35,34
9.5502,36,34
9.9585,37,34
11.2956,38,34
11.9431,39,34
10.4891,40,34
12.2474,41,34
11.6859,42,34
10.9241,43,34
8.3048,44,34
8.4558,45,34
10.6564,46,34
10.0887,47,34
9.5557,48,34
10.5848,49,34
10.6972,50,34
11.4447,1,35
11.2232,2,35
9.6440,3,35
10.3824,4,35
10.8161,5,35
10.9263,6,35
8.8206,7,35
10.5518,8,35
9.0611,9,35
9.5207,10,35
8.4539,11,35
7.7456,12,35
7.1273,13,35
8.0033,14,35
11.1016,15,35
11.2407,16,35
12.1799,17,35
12.0690,18,35
10.7904,19,35
11.4124,20,35
11.2652,21,35
9.8712,22,35
9.4011,23,35
8.1835,24,35
6.8165,25,35
8.9765,26,35
8.9173,27,35
9.4124,28,35
9.0247,29,35
10.4858,30,35
11.9276,31,35
11.5555,32,35
10.7029,33,35
8.7343,34,35
8.6088,35,35
10.0140,36,35
9.5477,37,35
8.5548,38,35
7.2165,39,35
9.7530,40,35
10.5889,41,35
9.9981,42,35
9.7348,43,35
10.3997,44,35
11.2315,45,35
11.2804,46,35
9.1114,47,35
8.1102,48,35
8.9591,49,35
10.0827,50,35
6.8863,1,36
7.6465,2,36
10.9639,3,36
10.1657,4,36
9.8119,5,36
9.9319,6,36
8.1676,7,36
8.0941,8,36
10.4359,9,36
11.0712,10,36
11.4438,11,36
11.3442,12,36
9.5714,13,36
8.9672,14,36
10.1819,15,36
9.7693,16,36
8.7553,17,36
9.6152,18,36
10.6929,19,36
10.1035,20,36
9.2599,21,36
9.6699,22,36
8.6120,23,36
10.4550,24,36
9.3981,25,36
11.2594,26,36
8.7815,27,36
10.1979,28,36
9.2984,29,36
10.1657,30,36
9.9560,31,36
10.5106,32,36
10.2006,33,36
9.5233,34,36
8.6654,35,36
10.1677,36,36
9.4533,37,36
10.0372,38,36
9.5493,39,36
10.9377,40,36
7.7551,41,36
10.5576,42,36
9.1045,43,36
9.7148,44,36
13.1960,45,36
11.8432,46,36
9.6479,47,36
10.5092,48,36
8.8469,49,36
9.4569,50,36
10.5687,1,37
9.9261,2,37
10.8867,3,37
11.9032,4,37
10.8685,5,37
10.5184,6,37
9.9153,7,37
8.1673,8,37
9.0053,9,37
10.1492,10,37
9.7961,11,37
10.4354,12,37
9.3981,13,37
10.3185,14,37
11.3823,15,37
11.7687,16,37
10.4304,17,37
10.8182,18,37
11.8377,19,37
9.7315,20,37
10.7244,21,37
9.9540,22,37
10.6417,23,37
11.5728,24,37
10.7578,25,37
10.5914,26,37
10.4858,27,37
9.0133,28,37
10.5413,29,37
10.7982,30,37
12.1288,31,37
9.4417,32,37
10.5455,33,37
10.3384,34,37
9.4634,35,37
10.2362,36,37
9.5178,37,37
10.8621,38,37
8.7451,39,37
9.3421,40,37
11.1295,41,37
12.7717,42,37
11.0313,43,37
12.5810,44,37
11.4450,45,37
11.7808,46,37
9.9046,47,37
10.9500,48,37
9.2149,49,37
7.0494,50,37
11.2496,1,38
11.7525,2,38
11.3171,3,38
10.6074,4,38
11.6743,5,38
10.7121,6,38
10.0557,7,38
11.8854,8,38
11.5316,9,38
11.7498,10,38
10.1831,11,38
10.2093,12,38
9.3840,13,38
11.2692,14,38
11.1420,15,38
10.2636,16,38
12.7388,17,38
11.2975,18,38
11.0998,19,38
10.1149,20,38
10.5961,21,38
10.6840,22,38
9.8403,23,38
11.1536,24,38
11.5473,25,38
10.9421,26,38
10.4745,27,38
8.6842,28,38
8.9401,29,38
8.4419,30,38
10.5975,31,38
10.4439,32,38
10.4868,33,38
9.9886,34,38
11.3917,35,38
10.4870,36,38
11.6629,37,38
11.4803,38,38
11.6350,39,38
10.7583,40,38
9.0131,41,38
9.7810,42,38
8.8691,43,38
9.0420,44,38
8.1640,45,38
10.7855,46,38
9.3768,47,38
8.9265,48,38
10.9567,49,38
10.8572,50,38
12.6381,1,39
11.0355,2,39
10.1554,3,39
8.3635,4,39
9.4155,5,39
10.3033,6,39
10.0702,7,39
10.7750,8,39
9.7520,9,39
10.7940,10,39
11.7240,11,39
9.9052,12,39
9.7018,13,39
8.9205,14,39
9.8137,15,39
11.0660,16,39
10.3487,17,39
8.3453,18,39
9.1517,19,39
11.6792,20,39
9.8444,21,39
10.8048,22,39
10.9455,23,39
9.4963,24,39
9.6160,25,39
9.6201,26,39
7.7947,27,39
9.7384,28,39
10.5604,29,39
10.0279,30,39
9.1019,31,39
8.9979,32,39
10.2351,33,39
9.8971,34,39
10.3406,35,39
10.8720,36,39
11.6240,37,39
10.4022,38,39
10.1329,39,39
10.0039,40,39
10.4181,41,39
9.7084,42,39
8.7156,43,39
10.5167,44,39
10.6254,45,39
9.1149,46,39
8.8412,47,39
9.4821,48,39
8.6660,49,39
9.1621,50,39
8.7728,1,40
9.1524,2,40
10.5711,3,40
10.2678,4,40
8.9414,5,40
11.3430,6,40
11.4861,7,40
10.6797,8,40
9.8535,9,40
9.3968,10,40
9.7060,11,40
11.0050,12,40
7.5547,13,40
9.7359,14,40
10.7712,15,40
12.1054,16,40
11.1477,17,40
10.1994,18,40
10.4860,19,40
8.4811,20,40
9.8520,21,40
10.7424,22,40
10.9568,23,40
10.6137,24,40
10.2561,25,40
10.7221,26,40
11.4843,27,40
12.5866,28,40
10.7964,29,40
10.8639,30,40
10.1012,31,40
9.6210,32,40
10.0152,33,40
10.6515,34,40
9.1202,35,40
8.1446,36,40
11.6539,37,40
9.8097,38,40
11.6963,39,40
11.1026,40,40
10.8578,41,40
10.1750,42,40
10.1889,43,40
10.9986,44,40
9.4131,45,40
8.0724,46,40
7.8414,47,40
9.5929,48,40
10.6559,49,40
7.7398,50,40
8.3817,1,41
7.3863,2,41
8.6531,3,41
7.1501,4,41
8.3574,5,41
5.0829,6,41
4.4006,7,41
5.7674,8,41
7.3388,9,41
7.2651,10,41
7.3569,11,41
8.5583,12,41
7.7291,13,41
6.2871,14,41
7.0097,15,41
6.9680,16,41
8.4578,17,41
7.4938,18,41
6.3792,19,41
5.2284,20,41
7.6733,21,41
7.7176,22,41
8.1639,23,41
6.9867,24,41
7.2128,25,41
9.1038,26,41
8.8212,27,41
8.1678,28,41
6.0943,29,41
6.9222,30,41
6.2997,31,41
6.3607,32,41
5.9516,33,41
7.3542,34,41
7.5738,35,41
6.8209,36,41
6.3667,37,41
7.5040,38,41
7.2372,39,41
6.5337,40,41
7.2190,41,41
7.6324,42,41
7.9139,43,41
7.4058,44,41
8.1606,45,41
7.3283,46,41
6.1810,47,41
6.5830,48,41
8.6836,49,41
6.3699,50,41
7.9708,1,42
9.4336,2,42
10.3212,3,42
10.7607,4,42
10.2112,5,42
11.0462,6,42
8.1046,7,42
9.2224,8,42
9.4810,9,42
8.3856,10,42
9.5842,11,42
10.3759,12,42
10.7929,13,42
9.3564,14,42
8.7581,15,42
9.3679,16,42
10.4042,17,42
10.5275,18,42
11.2025,19,42
12.2419,20,42
11.3283,21,42
12.7051,22,42
10.1280,23,42
12.8640,24,42
11.2133,25,42
9.6917,26,42
10.3096,27,42
10.0817,28,42
10.0337,29,42
9.9584,30,42
9.3562,31,42
11.0250,32,42
10.8788,33,42
10.6767,34,42
10.3262,35,42
8.7768,36,42
8.1245,37,42
10.3863,38,42
8.7272,39,42
9.3028,40,42
9.5404,41,42
10.4372,42,42
10.2118,43,42
9.0009,44,42
8.7188,45,42
9.0340,46,42
8.3350,47,42
10.0562,48,42
11.1307,49,42
10.4118,50,42
9.9043,1,43
9.7480,2,43
10.3839,3,43
9.3352,4,43
7.6212,5,43
8.0028,6,43
7.8918,7,43
8.7404,8,43
9.2187,9,43
9.6521,10,43
9.5942,11,43
10.0805,12,43
10.2434,13,43
9.0868,14,43
9.8640,15,43
9.0825,16,43
10.5701,17,43
11.1881,18,43
8.9760,19,43
9.0791,20,43
9.7864,21,43
10.4508,22,43
9.3210,23,43
8.7584,24,43
8.3582,25,43
7.7150,26,43
8.1183,27,43
6.7383,28,43
9.7621,29,43
9.6881,30,43
10.1556,31,43
10.8944,32,43
11.1298,33,43
9.9632,34,43
10.8987,35,43
11.4987,36,43
10.3948,37,43
10.1288,38,43
11.5190,39,43
10.5089,40,43
10.8661,41,43
10.5453,42,43
9.9940,43,43
10.2631,44,43
11.3893,45,43
8.0949,46,43
8.4066,47,43
8.2152,48,43
8.0409,49,43
9.0550,50,43
8.3583,1,44
7.7980,2,44
9.5888,3,44
10.3775,4,44
8.3626,5,44
8.4879,6,44
9.2323,7,44
7.3918,8,44
7.3055,9,44
7.1876,10,44
7.6354,11,44
6.4625,12,44
9.1003,13,44
10.0682,14,44
8.9082,15,44
7.3905,16,44
8.1369,17,44
8.6673,18,44
8.4186,19,44
9.0138,20,44
9.3633,21,44
8.3095,22,44
7.5571,23,44
9.0807,24,44
7.6158,25,44
5.9121,26,44
8.1819,27,44
8.9091,28,44
7.7358,29,44
7.0980,30,44
8.0477,31,44
7.6426,32,44
8.5347,33,44
10.1972,34,44
11.4245,35,44
10.4354,36,44
9.1500,37,44
10.4013,38,44
10.5863,39,44
8.8564,40,44
9.6853,41,44
8.4538,42,44
9.3880,43,44
9.1972,44,44
8.1417,45,44
6.2420,46,44
9.5422,47,44
8.9018,48,44
7.1300,49,44
7.7345,50,44
8.8305,1,45
7.5294,2,45
7.1562,3,45
7.4662,4,45
8.6033,5,45
8.4190,6,45
8.1888,7,45
7.3556,8,45
7.4871,9,45
7.6260,10,45
8.1230,11,45
7.7671,12,45
6.3806,13,45
7.7954,14,45
7.5710,15,45
7.9721,16,45
9.4835,17,45
10.2740,18,45
8.9324,19,45
7.8529,20,45
7.1353,21,45
8.0682,22,45
6.7698,23,45
8.1526,24,45
7.7955,25,45
7.6730,26,45
8.0125,27,45
7.4652,28,45
8.3396,29,45
10.0301,30,45
9.0950,31,45
8.5315,32,45
8.0674,33,45
9.2621,34,45
7.4824,35,45
8.4677,36,45
9.1497,37,45
7.5208,38,45
6.9677,39,45
6.3654,40,45
9.4625,41,45
9.6195,42,45
8.2645,43,45
8.8041,44,45
9.0881,45,45
7.1754,46,45
7.0898,47,45
7.0875,48,45
6.8071,49,45
8.4336,50,45
12.4458,1,46
12.2799,2,46
14.2854,3,46
14.1324,4,46
13.6227,5,46
12.4457,6,46
14.0162,7,46
11.8769,8,46
13.3575,9,46
13.1386,10,46
12.6417,11,46
13.2226,12,46
14.6265,13,46
13.5300,14,46
13.2827,15,46
11.3092,16,46
12.9494,17,46
13.5037,18,46
12.8013,19,46
12.8088,20,46
11.4906,21,46
10.2607,22,46
9.8208,23,46
11.3435,24,46
9.9170,25,46
10.5725,26,46
11.2952,27,46
11.7006,28,46
12.5883,29,46
13.2645,30,46
11.5463,31,46
11.8938,32,46
11.2579,33,46
10.6445,34,46
11.3519,35,46
9.8833,36,46
13.2870,37,46
13.5398,38,46
13.5536,39,46
12.5190,40,46
11.2974,41,46
12.2140,42,46
12.1044,43,46
11.9680,44,46
9.9935,45,46
10.5224,46,46
8.9768,47,46
11.0164,48,46
12.9335,49,46
12.0132,50,46
10.7982,1,47
11.6607,2,47
9.3947,3,47
9.3778,4,47
9.8212,5,47
11.0165,6,47
10.1781,7,47
7.3623,8,47
10.3043,9,47
10.4514,10,47
8.6835,11,47
8.7021,12,47
9.3585,13,47
8.8621,14,47
8.7045,15,47
8.8041,16,47
10.3294,17,47
8.7457,18,47
8.0148,19,47
9.2757,20,47
9.9372,21,47
10.4540,22,47
10.1645,23,47
8.9117,24,47
8.9043,25,47
8.1120,26,47
7.3033,27,47
8.9165,28,47
11.6764,29,47
10.2451,30,47
10.4593,31,47
9.7927,32,47
9.7150,33,47
9.1090,34,47
8.6654,35,47
8.3585,36,47
8.0158,37,47
7.6316,38,47
7.5263,39,47
7.4854,40,47
6.4849,41,47
8.6248,42,47
9.3199,43,47
8.3892,44,47
9.8272,45,47
9.4154,46,47
10.3347,47,47
9.3943,48,47
9.7880,49,47
10.6713,50,47
9.4511,1,48
10.3285,2,48
8.6813,3,48
11.9480,4,48
10.2818,5,48
8.8171,6,48
8.8172,7,48
10.0161,8,48
9.8176,9,48
9.5676,10,48
9.5841,11,48
8.4414,12,48
8.5011,13,48
6.6567,14,48
9.1385,15,48
8.7744,16,48
8.5041,17,48
8.3553,18,48
8.6643,19,48
9.0043,20,48
9.9580,21,48
11.6287,22,48
12.8681,23,48
10.1838,24,48
10.6565,25,48
10.7058,26,48
10.2575,27,48
8.7586,28,48
9.2906,29,48
9.2160,30,48
9.2217,31,48
8.6540,32,48
9.0724,33,48
8.6907,34,48
10.0379,35,48
10.6146,36,48
10.7354,37,48
10.3068,38,48
9.1275,39,48
9.3206,40,48
9.7962,41,48
10.7912,42,48
10.6889,43,48
9.0699,44,48
10.0738,45,48
8.8928,46,48
9.0713,47,48
10.1930,48,48
9.4280,49,48
11.2583,50,48
9.5028,1,49
8.6296,2,49
9.1753,3,49
9.5253,4,49
10.1566,5,49
9.2059,6,49
8.6389,7,49
7.4098,8,49
8.1515,9,49
8.7087,10,49
9.5107,11,49
9.7897,12,49
9.3910,13,49
8.6457,14,49
9.5167,15,49
9.9548,16,49
9.7737,17,49
10.1619,18,49
9.5763,19,49
10.4460,20,49
9.7304,21,49
10.2239,22,49
9.3202,23,49
8.1540,24,49
10.3777,25,49
9.8019,26,49
9.7473,27,49
9.1758,28,49
9.2570,29,49
11.8956,30,49
10.8422,31,49
10.0038,32,49
11.2370,33,49
11.6422,34,49
12.1744,35,49
11.4453,36,49
11.1077,37,49
11.5506,38,49
9.5344,39,49
12.3700,40,49
12.3934,41,49
12.0299,42,49
11.8715,43,49
10.6491,44,49
11.2186,45,49
10.0479,46,49
9.1531,47,49
8.8037,48,49
10.2086,49,49
10.6928,50,49
9.3061,1,50
9.6528,2,50
8.2575,3,50
7.9995,4,50
8.1411,5,50
9.8582,6,50
7.7399,7,50
9.0887,8,50
9.4921,9,50
8.3482,10,50
7.8256,11,50
9.0628,12,50
10.0508,13,50
11.9842,14,50
11.6928,15,50
10.1710,16,50
10.0040,17,50
10.5999,18,50
10.4378,19,50
11.3688,20,50
9.3819,21,50
9.5484,22,50
9.6823,23,50
9.8905,24,50
10.4936,25,50
10.4957,26,50
10.7189,27,50
10.5473,28,50
10.0138,29,50
10.7057,30,50
10.5638,31,50
10.4827,32,50
9.5325,33,50
10.0729,34,50
9.9852,35,50
11.6353,36,50
10.7222,37,50
10.2343,38,50
10.2465,39,50
10.5240,40,50
8.5767,41,50
11.4555,42,50
10.9777,43,50
10.5498,44,50
10.1509,45,50
11.0194,46,50
9.6396,47,50
10.6405,48,50
9.5177,49,50
8.8780,50,50
8.8805,1,51
10.2088,2,51
11.9180,3,51
10.5217,4,51
12.4965,5,51
11.2192,6,51
10.7082,7,51
8.9089,8,51
9.9032,9,51
8.4891,10,51
9.1712,11,51
9.1165,12,51
9.2700,13,51
9.6126,14,51
11.5129,15,51
11.4211,16,51
13.3245,17,51
10.1887,18,51
9.1404,19,51
10.0752,20,51
11.3135,21,51
9.2991,22,51
10.2600,23,51
9.0893,24,51
8.1091,25,51
8.1344,26,51
6.7944,27,51
6.1583,28,51
8.5076,29,51
9.4340,30,51
10.1694,31,51
9.3980,32,51
10.3501,33,51
10.8411,34,51
8.5178,35,51
10.0503,36,51
10.6835,37,51
10.8141,38,51
11.9755,39,51
10.9719,40,51
11.1582,41,51
10.0440,42,51
11.0992,43,51
12.0980,44,51
11.0708,45,51
12.8160,46,51
9.0144,47,51
9.7525,48,51
11.3318,49,51
11.9404,50,51
10.3586,1,52
9.2787,2,52
10.3210,3,52
10.5340,4,52
9.9703,5,52
8.7531,6,52
9.9771,7,52
11.5672,8,52
10.5657,9,52
8.8489,10,52
9.9999,11,52
9.2559,12,52
10.0970,13,52
10.5605,14,52
8.4680,15,52
10.2375,16,52
10.9777,17,52
11.3680,18,52
10.8317,19,52
8.5118,20,52
9.0958,21,52
10.4122,22,52
9.6744,23,52
11.3607,24,52
9.7581,25,52
11.9426,26,52
10.8356,27,52
10.7056,28,52
11.8522,29,52
9.7612,30,52
10.1156,31,52
11.6513,32,52
11.1674,33,52
11.5294,34,52
9.9402,35,52
10.2159,36,52
10.3743,37,52
9.5943,38,52
9.2473,39,52
9.0061,40,52
9.0868,41,52
9.7510,42,52
9.9139,43,52
7.7331,44,52
7.7587,45,52
9.8666,46,52
8.8771,47,52
9.9090,48,52
10.6517,49,52
10.2001,50,52
7.6518,1,53
9.2894,2,53
9.2589,3,53
8.8635,4,53
7.2263,5,53
8.1624,6,53
10.6236,7,53
8.3084,8,53
10.1540,9,53
9.9654,10,53
8.4210,11,53
8.7033,12,53
7.8654,13,53
8.8994,14,53
8.7770,15,53
7.2294,16,53
9.2225,17,53
10.5590,18,53
8.6601,19,53
8.8779,20,53
9.1728,21,53
9.3511,22,53
8.6156,23,53
9.6546,24,53
9.5287,25,53
10.2597,26,53
8.7451,27,53
9.7671,28,53
10.0123,29,53
8.0784,30,53
9.3327,31,53
9.9124,32,53
9.7856,33,53
9.8582,34,53
11.4620,35,53
9.5825,36,53
8.5975,37,53
8.0353,38,53
8.5177,39,53
7.6632,40,53
8.8046,41,53
10.3623,42,53
10.2100,43,53
8.9168,44,53
9.4124,45,53
10.1859,46,53
9.7472,47,53
9.5189,48,53
8.1205,49,53
8.1691,50,53
9.2611,1,54
9.0268,2,54
8.4018,3,54
8.9789,4,54
7.8198,5,54
7.6853,6,54
8.7947,7,54
8.0878,8,54
8.0056,9,54
5.7063,10,54
7.8417,11,54
8.2266,12,54
8.3919,13,54
8.9777,14,54
10.8237,15,54
10.3065,16,54
9.0118,17,54
8.5330,18,54
8.5633,19,54
7.0082,20,54
5.4643,21,54
6.3798,22,54
7.6883,23,54
9.1428,24,54
9.2257,25,54
8.4493,26,54
9.4562,27,54
8.0819,28,54
9.2362,29,54
9.1419,30,54
10.1143,31,54
8.0042,32,54
9.6230,33,54
7.2122,34,54
7.1581,35,54
8.6702,36,54
9.4363,37,54
8.8876,38,54
8.3389,39,54
7.4208,40,54
6.9607,41,54
7.5029,42,54
8.9298,43,54
6.0810,44,54
7.9260,45,54
9.4177,46,54
8.6042,47,54
8.6469,48,54
8.1829,49,54
8.0904,50,54
11.1161,1,55
11.5051,2,55
11.4362,3,55
12.7592,4,55
11.2449,5,55
12.1467,6,55
11.4899,7,55
10.5238,8,55
11.6751,9,55
10.5633,10,55
10.5669,11,55
10.8672,12,55
12.3078,13,55
11.3706,14,55
12.0175,15,55
10.0409,16,55
9.0137,17,55
8.4072,18,55
10.6753,19,55
8.8735,20,55
9.8791,21,55
11.2075,22,55
12.4857,23,55
10.7176,24,55
13.3650,25,55
12.9345,26,55
11.7495,27,55
11.4660,28,55
10.4478,29,55
11.4722,30,55
12.1495,31,55
11.1883,32,55
12.0462,33,55
12.9693,34,55
11.7173,35,55
9.9666,36,55
10.4027,37,55
9.5319,38,55
11.0494,39,55
12.5562,40,55
13.2908,41,55
13.2742,42,55
14.2240,43,55
10.9058,44,55
9.8822,45,55
8.8864,46,55
10.1868,47,55
10.6842,48,55
11.2384,49,55
11.9884,50,55
6.7112,1,56
7.6972,2,56
8.0292,3,56
9.1178,4,56
7.7524,5,56
8.4561,6,56
8.4366,7,56
9.7411,8,56
7.4839,9,56
7.3710,10,56
6.2709,11,56
7.5451,12,56
6.8451,13,56
6.6336,14,56
7.3703,15,56
9.4525,16,56
8.3758,17,56
6.6834,18,56
6.6319,19,56
8.0705,20,56
8.4584,21,56
8.5563,22,56
6.6130,23,56
8.4223,24,56
9.1740,25,56
9.4142,26,56
9.4578,27,56
8.8233,28,56
7.8766,29,56
8.4679,30,56
8.6316,31,56
8.3580,32,56
8.8538,33,56
7.2090,34,56
8.1680,35,56
6.2011,36,56
7.3548,37,56
8.8162,38,56
7.3979,39,56
7.4908,40,56
7.8277,41,56
8.2556,42,56
8.3834,43,56
8.0795,44,56
8.3147,45,56
7.7909,46,56
9.0127,47,56
7.7774,48,56
6.1733,49,56
7.8179,50,56
8.2118,1,57
9.0656,2,57
8.5216,3,57
8.9149,4,57
8.3802,5,57
9.7192,6,57
10.0227,7,57
9.6217,8,57
8.9058,9,57
8.5441,10,57
9.6491,11,57
11.7874,12,57
10.0728,13,57
9.7330,14,57
9.8498,15,57
8.5210,16,57
7.7813,17,57
9.0194,18,57
9.4219,19,57
8.8675,20,57
9.0679,21,57
9.0803,22,57
7.7235,23,57
7.8130,24,57
9.2473,25,57
9.1679,26,57
7.6076,27,57
5.8145,28,57
8.7193,29,57
5.2872,30,57
7.5899,31,57
7.7865,32,57
7.7721,33,57
9.7011,34,57
10.5493,35,57
8.8401,36,57
10.2751,37,57
9.1126,38,57
9.9878,39,57
9.6704,40,57
9.1061,41,57
8.8869,42,57
9.2596,43,57
8.5538,44,57
8.2020,45,57
8.3573,46,57
9.8251,47,57
9.4094,48,57
8.1436,49,57
9.1804,50,57
8.0419,1,58
8.3966,2,58
10.0434,3,58
9.1127,4,58
7.9248,5,58
7.5900,6,58
7.5963,7,58
9.6231,8,58
10.5457,9,58
9.7735,10,58
7.6617,11,58
8.3672,12,58
8.5874,13,58
9.8944,14,58
9.1832,15,58
8.4633,16,58
10.1536,17,58
10.5461,18,58
9.5282,19,58
10.2784,20,58
10.0125,21,58
9.7192,22,58
10.0347,23,58
8.9043,24,58
9.6217,25,58
8.5557,26,58
8.4953,27,58
10.1325,28,58
9.3184,29,58
9.3856,30,58
9.8498,31,58
9.4484,32,58
9.2936,33,58
11.3160,34,58
9.2226,35,58
9.0107,36,58
11.5754,37,58
11.3549,38,58
9.7652,39,58
11.2558,40,58
8.5182,41,58
7.5429,42,58
7.9985,43,58
8.4474,44,58
8.1051,45,58
7.9733,46,58
10.9685,47,58
9.7122,48,58
9.7819,49,58
10.3938,50,58
9.1497,1,59
8.6590,2,59
8.5595,3,59
9.0824,4,59
10.2275,5,59
9.7748,6,59
11.3791,7,59
8.2078,8,59
9.2409,9,59
10.0742,10,59
10.3014,11,59
8.9690,12,59
10.1978,13,59
10.5270,14,59
10.6749,15,59
9.1852,16,59
9.9018,17,59
8.4378,18,59
8.7419,19,59
10.2186,20,59
10.6030,21,59
11.2135,22,59
13.0440,23,59
10.5263,24,59
8.4847,25,59
9.3304,26,59
10.4883,27,59
12.0045,28,59
11.7806,29,59
12.2280,30,59
11.3851,31,59
10.2709,32,59
9.7295,33,59
11.5108,34,59
10.0313,35,59
9.3614,36,59
8.3958,37,59
9.1641,38,59
9.9310,39,59
10.8003,40,59
11.7486,41,59
10.4969,42,59
8.1978,43,59
9.0804,44,59
8.2552,45,59
8.5737,46,59
10.6532,47,59
9.4933,48,59
10.5289,49,59
11.1853,50,59
8.8812,1,60
9.9563,2,60
11.1570,3,60
9.4382,4,60
11.0910,5,60
8.9443,6,60
10.2789,7,60
9.8024,8,60
10.5523,9,60
10.7133,10,60
12.1983,11,60
12.2829,12,60
10.7432,13,60
9.9772,14,60
10.0470,15,60
10.5884,16,60
10.7674,17,60
8.9656,18,60
11.7563,19,60
12.0571,20,60
12.6081,21,60
12.5874,22,60
12.2067,23,60
10.2177,24,60
10.8314,25,60
8.7711,26,60
9.0541,27,60
9.7944,28,60
8.4467,29,60
9.7996,30,60
9.8199,31,60
11.3451,32,60
8.5230,33,60
9.1215,34,60
9.9575,35,60
9.8367,36,60
9.3320,37,60
10.0679,38,60
10.0801,39,60
9.7962,40,60
11.1868,41,60
9.7435,42,60
10.5100,43,60
9.7177,44,60
10.3303,45,60
10.5831,46,60
10.7073,47,60
10.1788,48,60
9.8723,49,60
8.5953,50,60
10.4108,1,61
10.3494,2,61
10.5098,3,61
10.2654,4,61
8.9902,5,61
9.3469,6,61
10.3532,7,61
10.6824,8,61
10.3539,9,61
9.1423,10,61
8.3921,11,61
8.9450,12,61
9.0764,13,61
8.9929,14,61
9.3689,15,61
9.7738,16,61
8.6842,17,61
8.6882,18,61
10.6236,19,61
9.9253,20,61
10.0090,21,61
12.1386,22,61
9.8141,23,61
9.2535,24,61
10.4212,25,61
10.2257,26,61
8.7731,27,61
9.6659,28,61
10.2979,29,61
9.8538,30,61
8.1000,31,61
10.1163,32,61
10.5862,33,61
8.4090,34,61
9.2582,35,61
10.5225,36,61
9.0937,37,61
9.8499,38,61
11.2519,39,61
10.1020,40,61
10.1341,41,61
9.7704,42,61
9.2825,43,61
9.1167,44,61
9.8611,45,61
8.4744,46,61
12.0622,47,61
10.9422,48,61
10.2085,49,61
9.3125,50,61
9.4834,1,62
10.1297,2,62
11.1001,3,62
12.2314,4,62
9.7976,5,62
10.9877,6,62
12.3125,7,62
13.6303,8,62
11.7607,9,62
11.5886,10,62
11.3529,11,62
11.2369,12,62
11.5713,13,62
11.4486,14,62
11.5008,15,62
11.8910,16,62
9.6621,17,62
9.3444,18,62
10.5143,19,62
10.5341,20,62
9.9673,21,62
9.8020,22,62
9.1776,23,62
10.3936,24,62
11.0406,25,62
10.7761,26,62
12.4700,27,62
12.7446,28,62
11.5417,29,62
11.2289,30,62
11.8707,31,62
10.4243,32,62
9.6562,33,62
10.9863,34,62
10.5794,35,62
10.6189,36,62
11.2836,37,62
11.4861,38,62
10.3509,39,62
13.5621,40,62
12.2382,41,62
10.8678,42,62
11.4222,43,62
11.6668,44,62
13.0594,45,62
12.4379,46,62
11.8071,47,62
10.8379,48,62
11.3164,49,62
9.6733,50,62
10.6284,1,63
10.3965,2,63
8.4768,3,63
8.6068,4,63
8.2088,5,63
9.3826,6,63
11.3037,7,63
11.1168,8,63
10.3082,9,63
9.4972,10,63
9.3605,11,63
8.8369,12,63
10.4037,13,63
9.2714,14,63
9.0310,15,63
8.6590,16,63
8.8517,17,63
8.8266,18,63
9.6896,19,63
8.3897,20,63
9.9649,21,63
9.3905,22,63
9.5147,23,63
10.7430,24,63
10.4899,25,63
8.7523,26,63
8.8870,27,63
10.4851,28,63
11.0711,29,63
10.0011,30,63
8.5096,31,63
8.8687,32,63
7.3271,33,63
7.3582,34,63
7.9485,35,63
8.7214,36,63
8.7270,37,63
7.1428,38,63
9.4384,39,63
8.3529,40,63
9.3587,41,63
10.0941,42,63
8.8458,43,63
8.6095,44,63
9.8274,45,63
9.1231,46,63
9.9318,47,63
11.3134,48,63
9.8707,49,63
8.6183,50,63
8.9635,1,64
9.9406,2,64
10.4222,3,64
10.9037,4,64
11.7231,5,64
11.2936,6,64
10.6671,7,64
11.6693,8,64
10.5344,9,64
9.9209,10,64
11.7450,11,64
10.3080,12,64
10.8394,13,64
12.5300,14,64
11.3325,15,64
10.1164,16,64
7.4542,17,64
7.2408,18,64
8.4339,19,64
7.9678,20,64
6.9400,21,64
8.1648,22,64
9.8704,23,64
8.2696,24,64
9.0733,25,64
8.4890,26,64
8.7801,27,64
9.2338,28,64
10.5974,29,64
8.0923,30,64
8.4224,31,64
7.8323,32,64
8.9435,33,64
10.2775,34,64
10.5656,35,64
10.2380,36,64
9.8226,37,64
9.4601,38,64
9.2036,39,64
10.7428,40,64
8.9179,41,64
9.0224,42,64
9.5713,43,64
8.0763,44,64
7.5758,45,64
9.8613,46,64
9.3969,47,64
7.6088,48,64
8.0629,49,64
8.2790,50,64
13.1247,1,65
10.9888,2,65
12.4399,3,65
13.7355,4,65
11.7177,5,65
12.3176,6,65
12.6653,7,65
10.3458,8,65
11.0365,9,65
13.9623,10,65
12.4298,11,65
13.4894,12,65
12.5162,13,65
12.7593,14,65
11.9106,15,65
11.7031,16,65
12.6810,17,65
12.9269,18,65
12.7678,19,65
12.1068,20,65
11.4031,21,65
11.3315,22,65
10.9063,23,65
12.1743,24,65
13.5627,25,65
10.8781,26,65
10.8394,27,65
10.6700,28,65
11.0865,29,65
10.8200,30,65
11.1925,31,65
12.9048,32,65
12.4066,33,65
12.7303,34,65
13.0075,35,65
11.7070,36,65
12.0143,37,65
12.3690,38,65
14.2412,39,65
13.1740,40,65
12.2369,41,65
12.1142,42,65
12.0339,43,65
11.1666,44,65
10.0373,45,65
11.7586,46,65
12.9372,47,65
12.6355,48,65
12.3168,49,65
10.3304,50,65
10.9323,1,66
8.6774,2,66
6.0229,3,66
6.5450,4,66
7.5347,5,66
8.7214,6,66
9.2021,7,66
9.1123,8,66
6.7159,9,66
7.3750,10,66
8.1110,11,66
9.5485,12,66
8.6676,13,66
7.7807,14,66
7.3628,15,66
4.9514,16,66
7.5190,17,66
7.1842,18,66
6.9477,19,66
6.7511,20,66
6.7826,21,66
6.4547,22,66
5.0450,23,66
6.1225,24,66
7.9807,25,66
8.5123,26,66
8.8009,27,66
10.4732,28,66
9.9220,29,66
8.8785,30,66
7.5331,31,66
7.4561,32,66
8.0940,33,66
6.9307,34,66
6.8417,35,66
6.8876,36,66
5.9289,37,66
5.5147,38,66
5.7625,39,66
6.2265,40,66
5.9157,41,66
7.2846,42,66
8.5959,43,66
8.2664,44,66
8.2084,45,66
8.1315,46,66
8.4957,47,66
8.3969,48,66
6.3058,49,66
6.9281,50,66
8.8228,1,67
7.9543,2,67
9.0796,3,67
11.3405,4,67
9.2360,5,67
7.9398,6,67
7.9255,7,67
7.3277,8,67
8.6865,9,67
8.1090,10,67
6.5065,11,67
6.0236,12,67
7.4848,13,67
7.6738,14,67
7.3829,15,67
8.5155,16,67
8.2420,17,67
8.8078,18,67
8.1628,19,67
7.1075,20,67
7.3426,21,67
8.9146,22,67
6.8604,23,67
7.6012,24,67
9.5876,25,67
8.3952,26,67
7.9511,27,67
9.2241,28,67
8.7772,29,67
8.6224,30,67
10.4039,31,67
9.5876,32,67
9.6519,33,67
7.2673,34,67
8.3282,35,67
8.1715,36,67
8.1174,37,67
8.9951,38,67
8.8845,39,67
7.8647,40,67
8.5665,41,67
9.3753,42,67
8.8592,43,67
7.2961,44,67
6.2384,45,67
7.3435,46,67
7.6466,47,67
7.5524,48,67
5.9552,49,67
6.2290,50,67
5.1473,1,68
5.4931,2,68
5.9552,3,68
6.3682,4,68
8.2184,5,68
7.8372,6,68
8.2853,7,68
9.5408,8,68
9.4734,9,68
8.2879,10,68
7.8526,11,68
9.0415,12,68
7.1620,13,68
9.2351,14,68
8.4103,15,68
7.7142,16,68
8.0220,17,68
8.3918,18,68
7.8042,19,68
6.2846,20,68
6.4451,21,68
7.2939,22,68
7.3670,23,68
5.8500,24,68
5.9946,25,68
6.4068,26,68
6.5649,27,68
8.5707,28,68
8.4289,29,68
7.6944,30,68
7.9378,31,68
8.9697,32,68
9.0886,33,68
6.4461,34,68
7.8314,35,68
8.5043,36,68
5.9253,37,68
8.1088,38,68
7.3859,39,68
6.0287,40,68
5.6273,41,68
5.2548,42,68
6.1628,43,68
8.2734,44,68
7.5869,45,68
6.0680,46,68
7.6957,47,68
7.8850,48,68
6.9089,49,68
5.7422,50,68
11.8822,1,69
9.4112,2,69
8.5704,3,69
8.9940,4,69
11.2483,5,69
10.9943,6,69
12.4488,7,69
12.7943,8,69
12.8938,9,69
11.2403,10,69
11.3593,11,69
12.0530,12,69
11.4855,13,69
11.9510,14,69
11.9242,15,69
11.4374,16,69
10.7320,17,69
10.1224,18,69
10.9081,19,69
10.8883,20,69
13.5325,21,69
13.3578,22,69
12.9662,23,69
12.6458,24,69
12.3326,25,69
13.0482,26,69
13.2761,27,69
12.1441,28,69
12.0786,29,69
11.7258,30,69
12.4133,31,69
12.0015,32,69
10.7918,33,69
12.3930,34,69
10.3076,35,69
10.1458,36,69
10.3899,37,69
9.4196,38,69
11.3071,39,69
10.9813,40,69
11.9000,41,69
12.0554,42,69
9.7974,43,69
8.9048,44,69
10.3516,45,69
11.7546,46,69
11.1250,47,69
10.9843,48,69
11.7568,49,69
10.7571,50,69
8.6533,1,70
7.7233,2,70
8.2060,3,70
8.0775,4,70
7.8380,5,70
7.5816,6,70
7.6200,7,70
7.2949,8,70
8.6496,9,70
7.5155,10,70
8.6501,11,70
8.8032,12,70
9.1312,13,70
9.2884,14,70
9.0599,15,70
7.7188,16,70
8.1701,17,70
8.9151,18,70
9.3530,19,70
10.4449,20,70
10.2924,21,70
9.9823,22,70
10.5205,23,70
8.4583,24,70
7.9155,25,70
8.4940,26,70
10.8236,27,70
12.4851,28,70
11.6491,29,70
10.5671,30,70
10.1822,31,70
7.4319,32,70
7.4220,33,70
8.7696,34,70
8.1321,35,70
7.7080,36,70
7.8222,37,70
9.0204,38,70
9.9612,39,70
8.7463,40,70
8.3996,41,70
8.9636,42,70
7.1436,43,70
9.9264,44,70
9.5586,45,70
8.1083,46,70
6.6232,47,70
7.4423,48,70
6.4641,49,70
8.2605,50,70
10.0113,1,71
12.5373,2,71
12.7057,3,71
10.1034,4,71
10.9290,5,71
11.8425,6,71
11.3517,7,71
10.0822,8,71
7.8219,9,71
9.4578,10,71
9.6761,11,71
11.2996,12,71
10.4297,13,71
10.8155,14,71
9.6033,15,71
10.5296,16,71
11.4641,17,71
11.9887,18,71
10.1820,19,71
9.5043,20,71
11.0145,21,71
8.6001,22,71
10.5763,23,71
9.4672,24,71
8.0618,25,71
9.0451,26,71
10.1020,27,71
10.9485,28,71
9.4698,29,71
8.5715,30,71
9.5634,31,71
10.6531,32,71
11.2166,33,71
8.9493,34,71
8.2882,35,71
10.2182,36,71
11.3954,37,71
12.0096,38,71
12.7536,39,71
11.6512,40,71
10.1249,41,71
10.9966,42,71
11.5687,43,71
11.1698,44,71
10.7190,45,71
10.6721,46,71
11.0826,47,71
10.2864,48,71
8.9409,49,71
8.6629,50,71
10.2422,1,72
10.3296,2,72
11.7821,3,72
11.3252,4,72
11.5902,5,72
11.8189,6,72
9.4191,7,72
10.3143,8,72
11.5136,9,72
12.4842,10,72
12.2904,11,72
11.6828,12,72
10.9550,13,72
11.1507,14,72
11.2046,15,72
13.3821,16,72
11.4413,17,72
11.7060,18,72
11.3061,19,72
9.9151,20,72
10.0032,21,72
11.8326,22,72
11.3417,23,72
10.9438,24,72
11.6263,25,72
11.7656,26,72
11.4726,27,72
12.7462,28,72
11.8406,29,72
10.7358,30,72
10.3777,31,72
10.5451,32,72
9.8368,33,72
10.2330,34,72
11.6933,35,72
11.8605,36,72
12.0720,37,72
10.8403,38,72
9.6106,39,72
8.8521,40,72
8.9952,41,72
9.9582,42,72
11.7041,43,72
11.8896,44,72
10.8533,45,72
10.7506,46,72
8.1582,47,72
9.5282,48,72
10.1977,49,72
11.5555,50,72
10.5152,1,73
10.9457,2,73
11.9934,3,73
10.6913,4,73
11.0506,5,73
9.6213,6,73
10.5002,7,73
10.7623,8,73
9.7391,9,73
8.3914,10,73
10.6657,11,73
10.5319,12,73
11.5269,13,73
10.5404,14,73
10.3626,15,73
10.4824,16,73
11.3219,17,73
8.8729,18,73
8.9003,19,73
10.7632,20,73
10.2157,21,73
10.0442,22,73
9.5501,23,73
9.2762,24,73
10.6882,25,73
13.1925,26,73
11.9108,27,73
12.8470,28,73
10.0323,29,73
10.2341,30,73
9.7467,31,73
12.4047,32,73
12.6054,33,73
11.4922,34,73
9.0313,35,73
11.6758,36,73
11.6986,37,73
10.6261,38,73
10.8054,39,73
10.5913,40,73
10.4873,41,73
11.0582,42,73
11.9166,43,73
14.0603,44,73
12.1829,45,73
11.6126,46,73
15.4025,47,73
12.0780,48,73
11.9424,49,73
12.5627,50,73
10.5365,1,74
8.7426,2,74
9.4364,3,74
8.5894,4,74
10.6721,5,74
10.1350,6,74
8.8722,7,74
7.5420,8,74
9.2316,9,74
9.8983,10,74
9.5650,11,74
8.5705,12,74
8.5941,13,74
10.0221,14,74
9.9703,15,74
9.1567,16,74
9.9144,17,74
9.2711,18,74
9.5057,19,74
9.4444,20,74
9.5013,21,74
10.7019,22,74
9.7690,23,74
9.7462,24,74
9.4481,25,74
9.3998,26,74
10.0624,27,74
9.5701,28,74
8.9508,29,74
9.7411,30,74
10.9684,31,74
11.0445,32,74
10.3674,33,74
10.8290,34,74
11.0077,35,74
9.6637,36,74
9.9314,37,74
12.4042,38,74
11.0067,39,74
9.7295,40,74
10.1028,41,74
9.4736,42,74
8.6264,43,74
7.3333,44,74
10.2964,45,74
9.8840,46,74
9.8764,47,74
11.4717,48,74
11.3255,49,74
11.7365,50,74
7.2942,1,75
7.7187,2,75
8.8967,3,75
8.8536,4,75
10.1077,5,75
11.5410,6,75
10.6771,7,75
10.7883,8,75
9.8794,9,75
10.4439,10,75
10.4802,11,75
8.5631,12,75
7.8871,13,75
7.3383,14,75
9.1666,15,75
11.9907,16,75
11.2715,17,75
11.0895,18,75
11.1796,19,75
10.4285,20,75
10.7387,21,75
9.7535,22,75
10.4900,23,75
9.4338,24,75
9.8955,25,75
9.7856,26,75
10.0891,27,75
8.5647,28,75
10.1512,29,75
10.7915,30,75
12.4673,31,75
11.2077,32,75
10.7843,33,75
9.8694,34,75
11.5514,35,75
10.7157,36,75
10.4368,37,75
10.0737,38,75
9.6275,39,75
12.6363,40,75
12.5247,41,75
10.1198,42,75
10.1655,43,75
10.2329,44,75
9.3832,45,75
10.0618,46,75
10.5162,47,75
9.4274,48,75
9.4857,49,75
11.3695,50,75
9.0680,1,76
9.6352,2,76
8.9516,3,76
9.9540,4,76
10.9904,5,76
11.2591,6,76
10.2948,7,76
9.4874,8,76
8.9507,9,76
9.6604,10,76
9.9972,11,76
9.1842,12,76
8.2052,13,76
7.9704,14,76
10.2363,15,76
8.3554,16,76
10.7504,17,76
9.5976,18,76
10.2508,19,76
10.0092,20,76
11.3948,21,76
9.1986,22,76
8.8768,23,76
9.6213,24,76
10.4259,25,76
10.0946,26,76
10.3737,27,76
10.6243,28,76
9.6956,29,76
10.3370,30,76
11.4456,31,76
12.0531,32,76
11.9548,33,76
9.4457,34,76
8.9618,35,76
8.9148,36,76
10.1491,37,76
10.7672,38,76
12.0815,39,76
11.9256,40,76
10.4103,41,76
9.9107,42,76
10.3851,43,76
10.1077,44,76
11.2112,45,76
10.1618,46,76
8.9048,47,76
10.1621,48,76
10.1874,49,76
9.5543,50,76
9.5345,1,77
10.5951,2,77
8.3071,3,77
10.0105,4,77
8.3848,5,77
9.5264,6,77
9.5405,7,77
8.7076,8,77
7.9149,9,77
6.7878,10,77
7.0070,11,77
4.8557,12,77
6.7831,13,77
8.2027,14,77
8.2887,15,77
9.1451,16,77
9.1648,17,77
7.7089,18,77
6.2880,19,77
8.9970,20,77
9.3308,21,77
7.6099,22,77
8.4899,23,77
8.6879,24,77
11.6033,25,77
8.3922,26,77
6.8095,27,77
5.4605,28,77
7.4976,29,77
7.8637,30,77
8.2501,31,77
6.0573,32,77
6.8540,33,77
8.9043,34,77
8.4473,35,77
8.1577,36,77
8.2314,37,77
8.4496,38,77
9.1143,39,77
9.6044,40,77
12.1099,41,77
10.4774,42,77
9.1302,43,77
8.0577,44,77
7.2653,45,77
8.9323,46,77
9.1471,47,77
7.7762,48,77
8.8642,49,77
9.9341,50,77
10.0874,1,78
9.4222,2,78
10.7019,3,78
10.7581,4,78
8.0269,5,78
8.7518,6,78
8.1181,7,78
9.5918,8,78
11.1839,9,78
12.6585,10,78
12.6062,11,78
11.8283,12,78
9.4681,13,78
7.9200,14,78
9.0932,15,78
9.8434,16,78
10.6604,17,78
7.6108,18,78
7.9609,19,78
7.6268,20,78
7.4604,21,78
10.3084,22,78
10.8974,23,78
10.3751,24,78
9.6922,25,78
10.3703,26,78
7.7174,27,78
8.1609,28,78
10.5310,29,78
9.0712,30,78
7.9632,31,78
10.3508,32,78
9.9939,33,78
11.6580,34,78
11.0356,35,78
12.0318,36,78
9.1725,37,78
10.1075,38,78
11.5378,39,78
9.8632,40,78
10.5763,41,78
10.3654,42,78
10.3972,43,78
9.6718,44,78
9.1076,45,78
9.6480,46,78
9.9869,47,78
10.8524,48,78
8.3133,49,78
9.9419,50,78
8.4711,1,79
8.5075,2,79
7.7131,3,79
8.1968,4,79
9.2605,5,79
8.3123,6,79
7.8061,7,79
9.5708,8,79
11.4060,9,79
10.6313,10,79
10.8145,11,79
11.0372,12,79
9.4957,13,79
8.0011,14,79
9.0042,15,79
9.7874,16,79
9.3280,17,79
10.8717,18,79
9.4294,19,79
10.3608,20,79
10.4376,21,79
7.6557,22,79
8.3363,23,79
7.9532,24,79
8.8498,25,79
7.9227,26,79
7.3214,27,79
8.5246,28,79
8.0999,29,79
8.1405,30,79
7.8618,31,79
8.8930,32,79
7.7620,33,79
6.7291,34,79
8.7367,35,79
9.7236,36,79
10.4131,37,79
10.6227,38,79
9.4193,39,79
8.6946,40,79
9.1126,41,79
8.7115,42,79
7.9502,43,79
7.5049,44,79
7.2211,45,79
5.8184,46,79
8.7608,47,79
8.5044,48,79
9.0342,49,79
8.6546,50,79
7.2855,1,80
6.6802,2,80
5.7632,3,80
8.5033,4,80
9.4828,5,80
7.8474,6,80
6.2318,7,80
7.8606,8,80
7.6909,9,80
9.2294,10,80
10.7631,11,80
9.1519,12,80
10.2845,13,80
8.3837,14,80
10.1037,15,80
9.1257,16,80
8.8592,17,80
7.8603,18,80
6.5319,19,80
7.6538,20,80
8.3561,21,80
8.0368,22,80
8.7929,23,80
9.6179,24,80
8.9352,25,80
9.2126,26,80
10.0116,27,80
7.3899,28,80
8.9208,29,80
7.2050,30,80
7.6440,31,80
9.8789,32,80
9.4553,33,80
8.6138,34,80
9.6173,35,80
8.9998,36,80
8.1117,37,80
7.5664,38,80
7.2320,39,80
9.1267,40,80
9.3354,41,80
9.0406,42,80
8.2114,43,80
8.1197,44,80
9.1677,45,80
10.5897,46,80
9.7583,47,80
9.7818,48,80
7.5660,49,80
9.1083,50,80
8.5586,1,81
7.9966,2,81
8.0775,3,81
8.7377,4,81
7.9942,5,81
8.8221,6,81
8.8769,7,81
6.8699,8,81
6.3733,9,81
7.8616,10,81
8.6017,11,81
9.5713,12,81
7.8541,13,81
9.1709,14,81
7.5789,15,81
8.3165,16,81
6.1773,17,81
6.9039,18,81
8.6146,19,81
9.6135,20,81
9.1985,21,81
9.1540,22,81
8.7729,23,81
8.7430,24,81
10.7371,25,81
10.9955,26,81
8.7713,27,81
8.3777,28,81
9.2031,29,81
9.5851,30,81
10.3019,31,81
10.6250,32,81
8.2631,33,81
8.6914,34,81
10.0657,35,81
8.4674,36,81
8.9460,37,81
8.5206,38,81
8.5876,39,81
8.5474,40,81
9.1778,41,81
9.4939,42,81
10.5539,43,81
8.3894,44,81
11.1509,45,81
9.5463,46,81
6.5445,47,81
8.4977,48,81
9.1993,49,81
8.2384,50,81
10.4318,1,82
9.7931,2,82
9.5117,3,82
10.5128,4,82
10.2023,5,82
11.2848,6,82
10.9328,7,82
12.2931,8,82
12.6503,9,82
12.8083,10,82
12.7422,11,82
12.2970,12,82
12.4671,13,82
11.8939,14,82
10.4567,15,82
9.8327,16,82
11.9429,17,82
11.9313,18,82
11.5961,19,82
11.1683,20,82
11.2985,21,82
11.1959,22,82
12.0925,23,82
11.4454,24,82
11.1919,25,82
12.7047,26,82
10.7883,27,82
8.0053,28,82
9.6849,29,82
12.8492,30,82
10.6216,31,82
10.0506,32,82
11.6598,33,82
11.8327,34,82
11.8035,35,82
12.2300,36,82
10.6811,37,82
10.9816,38,82
10.2553,39,82
11.0074,40,82
10.0766,41,82
11.0517,42,82
11.5401,43,82
11.0100,44,82
12.1151,45,82
10.0216,46,82
10.9484,47,82
12.1768,48,82
11.5878,49,82
12.3494,50,82
8.8797,1,83
9.7313,2,83
9.1954,3,83
8.7088,4,83
7.7325,5,83
10.1351,6,83
9.2053,7,83
10.1245,8,83
9.6413,9,83
8.7014,10,83
9.5892,11,83
9.8040,12,83
9.1358,13,83
9.1463,14,83
10.9139,15,83
9.7890,16,83
9.1181,17,83
6.3810,18,83
8.3337,19,83
9.5098,20,83
10.6759,21,83
9.1323,22,83
9.7862,23,83
9.4625,24,83
10.4252,25,83
9.5661,26,83
9.1915,27,83
9.2553,28,83
9.6644,29,83
11.3949,30,83
10.3222,31,83
11.4050,32,83
10.9752,33,83
9.5721,34,83
9.4745,35,83
10.5991,36,83
10.0023,37,83
10.2476,38,83
8.5404,39,83
6.8457,40,83
7.8294,41,83
7.2537,42,83
5.6487,43,83
7.1090,44,83
6.8515,45,83
8.6235,46,83
7.7220,47,83
7.8528,48,83
10.5044,49,83
9.4019,50,83
11.1810,1,84
9.3810,2,84
9.5357,3,84
8.6071,4,84
9.0342,5,84
9.0229,6,84
9.0902,7,84
9.3728,8,84
9.9985,9,84
9.3762,10,84
9.4902,11,84
10.3673,12,84
10.6811,13,84
11.7220,14,84
10.7674,15,84
10.8420,16,84
9.5061,17,84
8.5710,18,84
9.9011,19,84
8.7071,20,84
8.2680,21,84
8.8272,22,84
8.1597,23,84
9.6260,24,84
9.2624,25,84
9.3940,26,84
9.3516,27,84
10.4292,28,84
11.5937,29,84
10.1357,30,84
8.8465,31,84
9.1765,32,84
6.8112,33,84
8.2540,34,84
8.6595,35,84
9.4048,36,84
8.6345,37,84
9.0299,38,84
9.8598,39,84
9.1024,40,84
10.0680,41,84
9.6706,42,84
8.8792,43,84
9.2849,44,84
10.2050,45,84
10.2591,46,84
8.2766,47,84
9.8250,48,84
9.4957,49,84
9.8929,50,84
9.4657,1,85
9.2822,2,85
9.9755,3,85
10.5854,4,85
12.0019,5,85
11.0249,6,85
12.6368,7,85
11.4078,8,85
10.8243,9,85
9.9671,10,85
9.6125,11,85
9.5102,12,85
11.2382,13,85
12.6571,14,85
12.4634,15,85
11.6187,16,85
10.8912,17,85
11.8608,18,85
12.2974,19,85
11.7252,20,85
11.1017,21,85
7.7584,22,85
9.4912,23,85
7.0954,24,85
7.8374,25,85
7.3563,26,85
7.1713,27,85
8.1229,28,85
9.7646,29,85
11.6901,30,85
10.9100,31,85
11.9354,32,85
11.4353,33,85
11.8057,34,85
9.7378,35,85
12.1496,36,85
11.2754,37,85
8.8616,38,85
10.2955,39,85
9.8561,40,85
9.8673,41,85
11.0331,42,85
11.4683,43,85
10.9548,44,85
9.8616,45,85
10.4241,46,85
9.0854,47,85
9.2121,48,85
9.8218,49,85
9.6526,50,85
11.3847,1,86
10.9038,2,86
9.9526,3,86
10.4370,4,86
9.0489,5,86
8.9407,6,86
9.8888,7,86
11.4070,8,86
11.2559,9,86
11.1771,10,86
12.3371,11,86
11.5988,12,86
10.0552,13,86
8.2677,14,86
10.8022,15,86
10.0937,16,86
9.9847,17,86
12.0627,18,86
10.1668,19,86
11.4498,20,86
9.2164,21,86
9.1626,22,86
8.9706,23,86
9.6776,24,86
10.5361,25,86
10.8834,26,86
11.2920,27,86
10.7097,28,86
12.9487,29,86
9.9048,30,86
9.5118,31,86
9.2265,32,86
8.2707,33,86
8.5244,34,86
7.9836,35,86
9.1865,36,86
8.1748,37,86
7.7296,38,86
8.4040,39,86
9.1612,40,86
8.5716,41,86
10.2789,42,86
10.2184,43,86
11.7078,44,86
10.0816,45,86
11.3438,46,86
10.3805,47,86
10.4749,48,86
11.4550,49,86
9.7319,50,86
11.9573,1,87
11.2171,2,87
10.2956,3,87
10.8921,4,87
11.1075,5,87
11.1157,6,87
12.9502,7,87
12.6130,8,87
12.6691,9,87
12.0596,10,87
12.2346,11,87
13.1510,12,87
9.5547,13,87
9.5824,14,87
10.7582,15,87
10.4006,16,87
10.6099,17,87
10.8147,18,87
9.9482,19,87
10.9916,20,87
11.0264,21,87
13.5749,22,87
12.4200,23,87
12.4078,24,87
12.1577,25,87
11.9949,26,87
12.0846,27,87
12.8230,28,87
12.7551,29,87
12.0601,30,87
11.1288,31,87
12.3230,32,87
11.2782,33,87
10.4609,34,87
10.4936,35,87
10.4937,36,87
10.8003,37,87
11.6999,38,87
11.7007,39,87
12.0342,40,87
11.6238,41,87
11.3707,42,87
11.5149,43,87
12.6997,44,87
11.6997,45,87
11.5358,46,87
11.6218,47,87
11.0395,48,87
11.6094,49,87
12.2922,50,87
11.0283,1,88
9.7584,2,88
10.4230,3,88
11.0385,4,88
10.0516,5,88
10.3357,6,88
8.1019,7,88
8.4459,8,88
9.1999,9,88
9.0815,10,88
10.0729,11,88
10.7246,12,88
11.3840,13,88
11.4610,14,88
8.1702,15,88
9.0581,16,88
9.9542,17,88
9.4039,18,88
10.3536,19,88
10.5885,20,88
9.0066,21,88
8.3845,22,88
8.7897,23,88
9.1989,24,88
9.8002,25,88
10.0623,26,88
9.3626,27,88
9.4857,28,88
9.4381,29,88
10.2706,30,88
9.0175,31,88
9.5485,32,88
9.5472,33,88
11.4584,34,88
11.5074,35,88
10.6604,36,88
9.8107,37,88
9.1155,38,88
9.1703,39,88
10.6015,40,88
11.3345,41,88
10.6685,42,88
10.5949,43,88
9.7379,44,88
9.6978,45,88
8.5109,46,88
10.4967,47,88
11.1503,48,88
10.6879,49,88
9.0643,50,88
10.8142,1,89
9.2485,2,89
10.8915,3,89
10.6318,4,89
9.4394,5,89
9.9741,6,89
10.9561,7,89
11.4873,8,89
10.7073,9,89
11.4202,10,89
9.7488,11,89
11.0541,12,89
10.4692,13,89
11.2447,14,89
10.6795,15,89
11.2062,16,89
10.4585,17,89
10.8528,18,89
10.6381,19,89
8.7254,20,89
7.8771,21,89
10.1859,22,89
8.6999,23,89
11.2593,24,89
10.7274,25,89
8.6464,26,89
9.2711,27,89
8.6876,28,89
10.3079,29,89
10.2652,30,89
10.3586,31,89
8.9518,32,89
9.0041,33,89
7.6435,34,89
8.0415,35,89
7.8248,36,89
10.0971,37,89
9.6128,38,89
10.0083,39,89
10.2180,40,89
9.3973,41,89
8.9844,42,89
9.4717,43,89
9.5373,44,89
9.1466,45,89
8.4284,46,89
10.1951,47,89
10.9851,48,89
12.3360,49,89
12.2871,50,89
11.6101,1,90
9.1047,2,90
11.7744,3,90
10.7069,4,90
10.9663,5,90
12.4880,6,90
11.2727,7,90
9.6572,8,90
9.9696,9,90
10.4957,10,90
9.6279,11,90
10.7170,12,90
11.1505,13,90
11.4442,14,90
10.2859,15,90
11.6487,16,90
11.5210,17,90
10.3325,18,90
10.4443,19,90
10.7532,20,90
11.5861,21,90
11.9190,22,90
12.7899,23,90
13.5931,24,90
12.6554,25,90
10.1465,26,90
10.6719,27,90
9.8957,28,90
9.8383,29,90
11.7938,30,90
9.5675,31,90
9.7880,32,90
10.8100,33,90
11.6641,34,90
9.6309,35,90
10.6548,36,90
11.3583,37,90
13.1070,38,90
9.6931,39,90
10.3156,40,90
10.5626,41,90
10.4655,42,90
8.7613,43,90
9.5331,44,90
11.1984,45,90
11.9074,46,90
10.3339,47,90
10.0560,48,90
11.8806,49,90
10.5427,50,90
9.2361,1,91
9.9075,2,91
11.5781,3,91
11.9810,4,91
12.6929,5,91
11.7605,6,91
10.5142,7,91
9.7514,8,91
11.4941,9,91
8.2962,10,91
8.5436,11,91
10.1567,12,91
10.9174,13,91
9.9635,14,91
8.8568,15,91
8.1021,16,91
9.1189,17,91
8.8410,18,91
9.5093,19,91
11.1087,20,91
11.2703,21,91
9.5631,22,91
11.7180,23,91
9.4912,24,91
9.7583,25,91
9.7736,26,91
7.8225,27,91
7.1211,28,91
8.0728,29,91
8.4683,30,91
11.6740,31,91
11.1153,32,91
11.4633,33,91
10.7584,34,91
9.5797,35,91
8.7277,36,91
11.9210,37,91
11.2012,38,91
10.3969,39,91
10.3713,40,91
10.9833,41,91
10.9598,42,91
9.8800,43,91
10.1176,44,91
10.4027,45,91
9.0816,46,91
9.7011,47,91
7.7898,48,91
8.4740,49,91
9.6242,50,91
10.8767,1,92
9.3490,2,92
9.9818,3,92
10.0638,4,92
10.5215,5,92
10.6033,6,92
10.0646,7,92
9.0724,8,92
10.8705,9,92
9.2718,10,92
10.4352,11,92
10.4328,12,92
10.0521,13,92
9.1750,14,92
10.7107,15,92
10.2984,16,92
10.6606,17,92
10.7931,18,92
11.7234,19,92
10.7293,20,92
9.9319,21,92
8.6924,22,92
8.7560,23,92
11.6477,24,92
8.9151,25,92
8.8811,26,92
9.8900,27,92
8.9842,28,92
10.6732,29,92
9.7967,30,92
9.8438,31,92
9.3102,32,92
10.0740,33,92
11.4022,34,92
11.6914,35,92
9.5663,36,92
9.8716,37,92
10.7569,38,92
12.4871,39,92
12.1512,40,92
10.8977,41,92
11.4411,42,92
10.3505,43,92
11.8362,44,92
12.5761,45,92
12.7201,46,92
11.4784,47,92
11.0177,48,92
9.1661,49,92
10.1789,50,92
9.9348,1,93
10.3033,2,93
11.9139,3,93
9.8328,4,93
11.0443,5,93
9.9629,6,93
9.1596,7,93
10.2362,8,93
10.1896,9,93
10.0476,10,93
11.4827,11,93
10.3434,12,93
10.1059,13,93
11.5388,14,93
10.7206,15,93
12.0835,16,93
12.0085,17,93
10.3493,18,93
11.0688,19,93
9.8071,20,93
9.8932,21,93
10.1728,22,93
11.0148,23,93
10.6409,24,93
12.2419,25,93
10.6668,26,93
12.9980,27,93
12.1193,28,93
12.2767,29,93
12.3104,30,93
12.5758,31,93
11.1701,32,93
11.7284,33,93
10.7400,34,93
10.5173,35,93
10.2903,36,93
11.1037,37,93
11.8053,38,93
10.1692,39,93
11.0970,40,93
9.4201,41,93
9.7400,42,93
10.3134,43,93
12.1978,44,93
11.8830,45,93
11.8178,46,93
12.3191,47,93
12.6965,48,93
11.8415,49,93
11.7696,50,93
9.5161,1,94
8.7112,2,94
10.5293,3,94
9.3813,4,94
9.3993,5,94
7.4588,6,94
7.4080,7,94
8.5295,8,94
8.6071,9,94
9.6721,10,94
10.6107,11,94
10.2114,12,94
8.6664,13,94
8.2674,14,94
6.7123,15,94
9.4257,16,94
8.5952,17,94
7.5885,18,94
7.7621,19,94
9.1627,20,94
9.4264,21,94
11.0769,22,94
9.0069,23,94
8.8550,24,94
9.4319,25,94
8.8606,26,94
7.7134,27,94
7.0071,28,94
8.0104,29,94
8.8486,30,94
9.1582,31,94
9.3647,32,94
10.2129,33,94
10.0770,34,94
10.0495,35,94
10.9670,36,94
8.0333,37,94
7.4413,38,94
9.0125,39,94
9.0874,40,94
9.4255,41,94
10.1525,42,94
9.4906,43,94
9.2462,44,94
9.5293,45,94
7.2708,46,94
6.6067,47,94
8.2164,48,94
9.0529,49,94
7.8185,50,94
8.0665,1,95
8.3329,2,95
9.7426,3,95
8.8420,4,95
9.5700,5,95
10.4646,6,95
9.7242,7,95
9.6309,8,95
8.5630,9,95
7.0995,10,95
8.4963,11,95
7.5739,12,95
10.5681,13,95
10.4482,14,95
9.7295,15,95
11.0174,16,95
9.6847,17,95
9.3470,18,95
10.1628,19,95
9.1237,20,95
10.2049,21,95
11.1394,22,95
10.8413,23,95
11.8806,24,95
10.7232,25,95
10.2680,26,95
10.1052,27,95
10.3147,28,95
11.4400,29,95
10.7833,30,95
10.8931,31,95
11.8297,32,95
11.6698,33,95
11.0346,34,95
10.7139,35,95
12.0745,36,95
12.0833,37,95
11.5769,38,95
12.1726,39,95
11.5341,40,95
10.9538,41,95
11.7523,42,95
11.4204,43,95
11.2568,44,95
11.8127,45,95
11.0223,46,95
9.9038,47,95
11.5950,48,95
10.9373,49,95
10.9700,50,95
11.3718,1,96
11.9050,2,96
12.5967,3,96
12.4380,4,96
12.7799,5,96
13.0993,6,96
11.4902,7,96
11.9879,8,96
10.5202,9,96
8.8064,10,96
11.7638,11,96
9.6202,12,96
9.5552,13,96
10.1608,14,96
10.9087,15,96
11.1511,16,96
11.5629,17,96
10.6518,18,96
11.8300,19,96
12.9516,20,96
12.6198,21,96
11.7632,22,96
11.4415,23,96
9.8556,24,96
10.3282,25,96
10.8533,26,96
11.9480,27,96
12.2206,28,96
12.4289,29,96
12.8513,30,96
11.5674,31,96
11.8935,32,96
13.6030,33,96
12.7232,34,96
10.2928,35,96
9.6558,36,96
10.5020,37,96
11.3643,38,96
10.2669,39,96
9.2621,40,96
10.0200,41,96
9.1229,42,96
9.1443,43,96
10.1678,44,96
10.0490,45,96
11.0472,46,96
10.3790,47,96
10.3328,48,96
9.4381,49,96
10.0528,50,96
9.5198,1,97
8.0515,2,97
7.2703,3,97
6.7922,4,97
7.9097,5,97
9.6054,6,97
10.3416,7,97
10.1304,8,97
9.0755,9,97
9.3336,10,97
9.2970,11,97
10.4537,12,97
10.7275,13,97
8.2930,14,97
7.5917,15,97
8.6470,16,97
9.6258,17,97
9.0531,18,97
10.8102,19,97
11.0300,20,97
10.0726,21,97
9.1065,22,97
9.2182,23,97
9.7608,24,97
8.6574,25,97
7.3984,26,97
7.6984,27,97
8.2133,28,97
9.0966,29,97
8.5632,30,97
8.2546,31,97
9.3071,32,97
7.6743,33,97
8.0636,34,97
7.8633,35,97
7.7328,36,97
7.3731,37,97
6.7622,38,97
7.8408,39,97
7.5579,40,97
7.7070,41,97
7.7304,42,97
6.9683,43,97
7.8275,44,97
9.2105,45,97
10.5114,46,97
7.7139,47,97
7.8458,48,97
6.9818,49,97
8.9870,50,97
14.2285,1,98
14.1782,2,98
15.7694,3,98
14.1442,4,98
13.3279,5,98
16.0057,6,98
13.8415,7,98
14.4715,8,98
12.8887,9,98
12.5272,10,98
11.3285,11,98
11.2016,12,98
12.7302,13,98
13.1790,14,98
12.3034,15,98
12.4514,16,98
13.6744,17,98
14.4989,18,98
13.0011,19,98
12.7426,20,98
13.1792,21,98
11.1112,22,98
10.8032,23,98
11.4678,24,98
13.1518,25,98
14.4833,26,98
11.7632,27,98
10.9451,28,98
11.4814,29,98
11.5563,30,98
12.5984,31,98
13.4394,32,98
11.2345,33,98
10.6095,34,98
13.0885,35,98
11.6183,36,98
13.0512,37,98
12.8190,38,98
12.2170,39,98
12.1844,40,98
12.7808,41,98
12.3712,42,98
13.4985,43,98
12.6278,44,98
13.6934,45,98
12.4833,46,98
12.7333,47,98
12.8045,48,98
12.8513,49,98
13.5396,50,98
8.6973,1,99
8.5745,2,99
6.5958,3,99
10.0114,4,99
10.2731,5,99
7.8593,6,99
9.3384,7,99
10.8784,8,99
9.4432,9,99
8.2692,10,99
10.5074,11,99
10.3624,12,99
10.7629,13,99
10.5386,14,99
10.0381,15,99
8.4072,16,99
10.1137,17,99
9.5422,18,99
9.7284,19,99
10.5542,20,99
11.2478,21,99
11.4827,22,99
10.0463,23,99
9.6935,24,99
10.7848,25,99
9.6193,26,99
8.8668,27,99
8.5262,28,99
8.0504,29,99
9.2870,30,99
10.7585,31,99
10.4020,32,99
8.7420,33,99
8.7417,34,99
10.3826,35,99
12.0146,36,99
10.5584,37,99
9.0474,38,99
9.8938,39,99
10.9246,40,99
10.6791,41,99
8.9668,42,99
10.3647,43,99
11.1544,44,99
10.7471,45,99
9.8838,46,99
9.3291,47,99
9.4226,48,99
10.2905,49,99
10.5889,50,99
7.0202,1,100
6.6634,2,100
7.9907,3,100
8.3471,4,100
6.7103,5,100
8.2859,6,100
9.5477,7,100
9.2925,8,100
7.9226,9,100
6.7123,10,100
7.7865,11,100
8.1367,12,100
8.1795,13,100
8.5877,14,100
9.1231,15,100
9.1370,16,100
9.0715,17,100
8.9918,18,100
7.4954,19,100
8.1382,20,100
8.9349,21,100
10.2841,22,100
8.4687,23,100
9.6227,24,100
10.2864,25,100
9.0372,26,100
8.7027,27,100
10.2374,28,100
10.0479,29,100
10.5354,30,100
10.0472,31,100
8.9606,32,100
7.9302,33,100
8.3613,34,100
10.4917,35,100
10.1949,36,100
9.0516,37,100
7.0313,38,100
9.0848,39,100
9.5933,40,100
10.2866,41,100
8.6183,42,100
8.7655,43,100
8.5500,44,100
7.2111,45,100
9.5628,46,100
9.6118,47,100
8.1051,48,100
8.9104,49,100
9.1913,50,100
