y,time0,level_2
9.3083,0,1
10.7027,1,1
13.3229,2,1
13.6019,3,1
8.8663,0,2
10.0728,1,2
8.7061,2,2
8.9760,3,2
11.3204,0,3
10.5971,1,3
12.4541,2,3
12.3328,3,3
9.7248,0,4
9.4720,1,4
9.6015,2,4
8.6650,3,4
10.4693,0,5
11.0017,1,5
13.8822,2,5
11.7452,3,5
12.1986,0,6
12.7176,1,6
14.3870,2,6
12.8074,3,6
12.4160,0,7
12.3701,1,7
12.3996,2,7
13.6466,3,7
9.9681,0,8
13.4943,1,8
13.0270,2,8
12.9552,3,8
10.2035,0,9
9.1362,1,9
9.6260,2,9
11.0462,3,9
9.5084,0,10
9.2548,1,10
9.5338,2,10
11.2503,3,10
10.4906,0,11
8.5249,1,11
7.6725,2,11
8.0851,3,11
9.4080,0,12
11.3439,1,12
10.5246,2,12
12.3348,3,12
8.8366,0,13
7.9801,1,13
10.8062,2,13
10.7285,3,13
8.9672,0,14
8.9803,1,14
7.9870,2,14
9.1371,3,14
10.6653,0,15
10.3707,1,15
9.5983,2,15
9.9069,3,15
8.7128,0,16
14.4861,1,16
12.6606,2,16
14.9697,3,16
10.3288,0,17
11.9945,1,17
12.1457,2,17
12.9999,3,17
9.1384,0,18
11.7846,1,18
10.6645,2,18
13.1864,3,18
11.5104,0,19
8.5901,1,19
8.0121,2,19
10.4671,3,19
11.9988,0,20
14.5216,1,20
14.1205,2,20
15.6697,3,20
9.7321,0,21
7.4627,1,21
8.8405,2,21
9.3362,3,21
10.5557,0,22
10.9622,1,22
12.5761,2,22
13.1458,3,22
9.9983,0,23
11.4438,1,23
11.1388,2,23
14.5734,3,23
8.1744,0,24
12.5376,1,24
12.2896,2,24
9.7818,3,24
8.0051,0,25
9.6273,1,25
9.9252,2,25
11.8750,3,25
12.5352,0,26
15.0601,1,26
15.0296,2,26
13.7623,3,26
11.8341,0,27
13.0154,1,27
13.7240,2,27
13.4783,3,27
10.4801,0,28
9.6691,1,28
11.1266,2,28
11.2353,3,28
10.7410,0,29
11.5409,1,29
12.3123,2,29
12.6990,3,29
10.4902,0,30
12.5852,1,30
13.8911,2,30
15.5401,3,30
12.6367,0,31
14.2810,1,31
14.3370,2,31
13.4527,3,31
8.0730,0,32
6.9994,1,32
9.6587,2,32
8.0309,3,32
9.6729,0,33
7.7374,1,33
11.6229,2,33
9.7947,3,33
9.8531,0,34
9.5736,1,34
9.6838,2,34
10.7451,3,34
9.5013,0,35
8.0216,1,35
9.5197,2,35
11.4846,3,35
8.3512,0,36
7.9510,1,36
9.6790,2,36
9.6913,3,36
9.9332,0,37
10.7306,1,37
11.4127,2,37
13.1413,3,37
9.6090,0,38
12.3093,1,38
11.6185,2,38
10.0818,3,38
8.7566,0,39
8.5262,1,39
11.5708,2,39
9.7322,3,39
9.1671,0,40
12.1353,1,40
12.0504,2,40
9.8735,3,40
6.3092,0,41
5.6785,1,41
5.4329,2,41
9.0852,3,41
10.7123,0,42
10.1468,1,42
9.6775,2,42
11.8266,3,42
9.1652,0,43
11.0014,1,43
11.1802,2,43
14.5245,3,43
7.7229,0,44
9.2583,1,44
8.8119,2,44
10.0319,3,44
6.3891,0,45
7.8651,1,45
8.5585,2,45
8.7305,3,45
11.4578,0,46
13.5177,1,46
13.5430,2,46
12.4873,3,46
10.1313,0,47
9.0135,1,47
10.8011,2,47
10.3729,3,47
8.2563,0,48
10.1125,1,48
9.1650,2,48
11.5680,3,48
10.5591,0,49
10.1102,1,49
12.9526,2,49
10.7680,3,49
9.9412,0,50
8.7715,1,50
10.1619,2,50
11.8946,3,50
9.7857,0,51
9.4509,1,51
11.8595,2,51
13.2630,3,51
10.0045,0,52
11.1811,1,52
12.2546,2,52
11.9500,3,52
7.9429,0,53
9.7475,1,53
7.9244,2,53
8.9287,3,53
9.7639,0,54
8.9844,1,54
8.3036,2,54
8.1481,3,54
9.7363,0,55
12.5164,1,55
12.7780,2,55
12.0997,3,55
7.0939,0,56
7.4886,1,56
8.1583,2,56
7.1317,3,56
10.1843,0,57
9.0926,1,57
10.7931,2,57
10.7973,3,57
10.3616,0,58
10.6566,1,58
9.0029,2,58
9.3433,3,58
9.9110,0,59
10.2426,1,59
14.6389,2,59
13.7462,3,59
9.8690,0,60
12.1934,1,60
11.6577,2,60
10.1039,3,60
9.3763,0,61
11.7362,1,61
13.0097,2,61
12.3615,3,61
11.8958,0,62
13.1485,1,62
13.1240,2,62
13.5963,3,62
9.5504,0,63
9.4470,1,63
9.7876,2,63
10.1582,3,63
10.4801,0,64
9.7608,1,64
10.7193,2,64
10.4213,3,64
11.6637,0,65
13.5829,1,65
14.6947,2,65
14.9324,3,65
7.2102,0,66
9.9982,1,66
6.6334,2,66
7.8145,3,66
7.4594,0,67
9.1310,1,67
9.6025,2,67
9.0820,3,67
8.5380,0,68
7.4345,1,68
6.4792,2,68
6.6413,3,68
12.5252,0,69
12.6373,1,69
12.7110,2,69
13.8949,3,69
9.4918,0,70
9.6517,1,70
11.4087,2,70
13.3796,3,70
11.8947,0,71
9.3466,1,71
11.5683,2,71
9.9044,3,71
9.8739,0,72
13.0812,1,72
12.6682,2,72
12.5922,3,72
12.5319,0,73
11.2689,1,73
11.9950,2,73
14.2950,3,73
8.9982,0,74
12.3226,1,74
9.8748,2,74
12.7433,3,74
6.8777,0,75
8.2279,1,75
11.3835,2,75
11.7630,3,75
11.0764,0,76
11.9454,1,76
13.9150,2,76
13.8267,3,76
8.0844,0,77
9.0335,1,77
8.2107,2,77
11.2809,3,77
10.0968,0,78
11.4248,1,78
11.7503,2,78
12.0576,3,78
8.7168,0,79
7.3113,1,79
10.1650,2,79
8.5331,3,79
9.1830,0,80
10.4256,1,80
10.3805,2,80
8.2817,3,80
8.4706,0,81
9.6675,1,81
9.6531,2,81
9.4591,3,81
11.2328,0,82
12.5086,1,82
11.7514,2,82
14.3507,3,82
10.4423,0,83
7.5476,1,83
7.5075,2,83
6.0512,3,83
9.2231,0,84
9.2848,1,84
10.5396,2,84
10.3829,3,84
10.1733,0,85
9.7639,1,85
11.4957,2,85
12.6073,3,85
9.5278,0,86
12.8032,1,86
11.5769,2,86
12.8776,3,86
10.7812,0,87
11.5280,1,87
12.6911,2,87
13.4653,3,87
9.3534,0,88
8.4739,1,88
6.5674,2,88
8.1846,3,88
8.9421,0,89
11.6038,1,89
11.4635,2,89
10.3357,3,89
11.8813,0,90
10.8101,1,90
12.7151,2,90
12.9966,3,90
9.9841,0,91
11.3514,1,91
11.7639,2,91
13.3148,3,91
11.7107,0,92
9.9361,1,92
11.7058,2,92
11.0717,3,92
9.7225,0,93
14.3104,1,93
13.5887,2,93
10.7088,3,93
8.7837,0,94
10.9685,1,94
9.2917,2,94
10.2707,3,94
9.9316,0,95
10.5867,1,95
9.4473,2,95
9.6940,3,95
12.6801,0,96
11.5055,1,96
11.7302,2,96
14.1810,3,96
7.8501,0,97
8.4440,1,97
9.4253,2,97
12.8942,3,97
11.3882,0,98
14.2679,1,98
14.5086,2,98
16.2278,3,98
11.9968,0,99
10.7337,1,99
12.6595,2,99
12.4220,3,99
8.0088,0,100
7.4289,1,100
8.1452,2,100
9.0118,3,100
7.4689,0,101
11.0448,1,101
12.3926,2,101
12.5979,3,101
8.5190,0,102
10.1318,1,102
11.5224,2,102
11.5696,3,102
9.5584,0,103
11.4400,1,103
13.2229,2,103
12.4092,3,103
10.4342,0,104
11.5155,1,104
13.6113,2,104
12.8419,3,104
8.1899,0,105
8.3194,1,105
8.3646,2,105
9.8693,3,105
8.8694,0,106
11.5500,1,106
8.1801,2,106
10.9648,3,106
9.6483,0,107
10.8076,1,107
9.3443,2,107
9.3762,3,107
10.5739,0,108
9.5069,1,108
10.0181,2,108
10.3609,3,108
11.3970,0,109
11.3999,1,109
13.3411,2,109
13.6431,3,109
10.9538,0,110
11.8052,1,110
10.2976,2,110
11.3487,3,110
12.1836,0,111
11.1662,1,111
10.2733,2,111
9.5674,3,111
11.9090,0,112
13.2567,1,112
16.4794,2,112
18.0234,3,112
10.1468,0,113
11.7115,1,113
12.2300,2,113
12.6862,3,113
13.3454,0,114
8.4763,1,114
9.9190,2,114
10.9390,3,114
10.3561,0,115
10.4462,1,115
12.0353,2,115
7.5179,3,115
11.7894,0,116
10.8007,1,116
10.7006,2,116
11.2893,3,116
9.1169,0,117
11.3294,1,117
10.3995,2,117
13.8924,3,117
7.3328,0,118
9.5118,1,118
9.5778,2,118
9.4719,3,118
12.8102,0,119
11.6483,1,119
12.1177,2,119
14.5807,3,119
9.8141,0,120
10.4901,1,120
11.3219,2,120
11.7639,3,120
9.3183,0,121
12.6176,1,121
13.6956,2,121
14.2957,3,121
10.1663,0,122
10.9694,1,122
10.9760,2,122
12.6626,3,122
10.4862,0,123
12.7270,1,123
13.2751,2,123
14.4235,3,123
9.5306,0,124
10.1120,1,124
9.2579,2,124
10.6023,3,124
8.7773,0,125
10.3136,1,125
10.0602,2,125
9.3472,3,125
8.5443,0,126
8.7567,1,126
8.8399,2,126
11.2058,3,126
9.1188,0,127
9.6758,1,127
10.6648,2,127
10.9079,3,127
10.3208,0,128
8.8480,1,128
9.3082,2,128
8.6037,3,128
8.5364,0,129
9.4483,1,129
8.5801,2,129
10.5861,3,129
10.1269,0,130
8.8744,1,130
10.8765,2,130
10.1958,3,130
9.6162,0,131
8.0703,1,131
9.2615,2,131
7.0071,3,131
13.5098,0,132
12.9595,1,132
14.4638,2,132
16.9719,3,132
10.3836,0,133
9.1877,1,133
8.9495,2,133
9.6516,3,133
8.7748,0,134
10.5131,1,134
12.0413,2,134
12.8110,3,134
10.6505,0,135
14.8089,1,135
13.1333,2,135
12.9783,3,135
7.4288,0,136
7.7028,1,136
10.6364,2,136
10.4698,3,136
8.6892,0,137
7.4131,1,137
8.6809,2,137
4.2785,3,137
11.4183,0,138
8.0363,1,138
10.8406,2,138
12.0225,3,138
9.3164,0,139
8.4380,1,139
8.6517,2,139
10.9588,3,139
8.0405,0,140
8.1838,1,140
8.5068,2,140
6.9481,3,140
8.5300,0,141
10.0687,1,141
11.6373,2,141
13.4005,3,141
11.2553,0,142
12.0076,1,142
12.4893,2,142
12.4698,3,142
9.1312,0,143
12.6408,1,143
11.8313,2,143
13.4152,3,143
8.4121,0,144
10.0370,1,144
11.4905,2,144
11.0753,3,144
10.9182,0,145
10.8640,1,145
13.1445,2,145
11.7311,3,145
9.6761,0,146
9.3277,1,146
8.5685,2,146
8.8798,3,146
10.8560,0,147
10.5553,1,147
10.8248,2,147
11.5569,3,147
11.5825,0,148
10.6337,1,148
12.3196,2,148
13.8793,3,148
9.3774,0,149
12.2351,1,149
11.0744,2,149
9.9232,3,149
10.3636,0,150
11.1667,1,150
13.7275,2,150
11.5215,3,150
11.0681,0,151
12.5441,1,151
10.5628,2,151
10.4659,3,151
10.8276,0,152
8.8882,1,152
9.4278,2,152
10.2462,3,152
9.7650,0,153
10.7026,1,153
7.9771,2,153
10.8724,3,153
10.0168,0,154
10.9222,1,154
11.6691,2,154
13.6562,3,154
11.3486,0,155
11.8552,1,155
10.1714,2,155
12.5412,3,155
11.3538,0,156
12.9392,1,156
10.1365,2,156
12.3667,3,156
9.5950,0,157
11.3286,1,157
9.4833,2,157
11.6123,3,157
8.1772,0,158
10.3813,1,158
10.9742,2,158
9.9531,3,158
10.6387,0,159
10.0866,1,159
10.6798,2,159
10.4022,3,159
11.8616,0,160
9.6115,1,160
11.0666,2,160
11.2682,3,160
11.6561,0,161
12.9366,1,161
13.9217,2,161
13.7412,3,161
9.7980,0,162
10.8123,1,162
12.2834,2,162
10.8969,3,162
5.9042,0,163
8.9741,1,163
8.4627,2,163
8.5566,3,163
12.5406,0,164
12.6210,1,164
12.7447,2,164
12.0234,3,164
10.9011,0,165
10.5045,1,165
11.3705,2,165
11.9719,3,165
6.7121,0,166
9.1854,1,166
7.1367,2,166
8.8037,3,166
10.1919,0,167
10.3650,1,167
10.5088,2,167
8.3590,3,167
11.1414,0,168
9.6673,1,168
11.2395,2,168
10.1910,3,168
9.1428,0,169
10.7217,1,169
12.9329,2,169
12.7454,3,169
8.1456,0,170
10.7666,1,170
10.9521,2,170
13.0467,3,170
7.9397,0,171
8.7046,1,171
7.6880,2,171
9.0055,3,171
9.6566,0,172
11.3784,1,172
10.9536,2,172
10.8205,3,172
10.3096,0,173
8.9935,1,173
10.2994,2,173
10.3624,3,173
12.7064,0,174
13.7720,1,174
13.3082,2,174
17.8211,3,174
8.1985,0,175
9.3941,1,175
11.7775,2,175
12.7739,3,175
10.6103,0,176
12.3739,1,176
11.1694,2,176
10.7578,3,176
11.6632,0,177
14.2140,1,177
12.8311,2,177
14.1876,3,177
9.1260,0,178
6.9743,1,178
8.2814,2,178
10.8405,3,178
7.1785,0,179
6.6575,1,179
10.2262,2,179
11.0270,3,179
10.6992,0,180
10.5772,1,180
13.5647,2,180
15.2653,3,180
7.3754,0,181
8.8932,1,181
11.5658,2,181
12.6221,3,181
9.3340,0,182
10.4096,1,182
10.4917,2,182
10.8341,3,182
10.5472,0,183
13.4007,1,183
12.7141,2,183
15.6165,3,183
7.9756,0,184
9.1596,1,184
9.1063,2,184
11.4850,3,184
8.4002,0,185
10.8602,1,185
10.9674,2,185
12.5325,3,185
9.0705,0,186
9.9988,1,186
9.3971,2,186
8.5917,3,186
11.5597,0,187
10.7175,1,187
9.1895,2,187
11.4472,3,187
9.0608,0,188
9.8778,1,188
8.2492,2,188
8.0925,3,188
10.0175,0,189
10.6570,1,189
11.4481,2,189
12.8237,3,189
11.4507,0,190
11.1382,1,190
10.1800,2,190
12.4687,3,190
6.7684,0,191
10.3052,1,191
13.0027,2,191
10.0111,3,191
12.4302,0,192
10.7462,1,192
12.7798,2,192
12.7388,3,192
11.5020,0,193
12.1924,1,193
10.2560,2,193
12.5514,3,193
8.9921,0,194
8.7529,1,194
10.6541,2,194
8.9713,3,194
7.9608,0,195
10.9826,1,195
7.4336,2,195
11.0240,3,195
10.7818,0,196
11.0456,1,196
11.5836,2,196
8.2325,3,196
11.5154,0,197
12.7779,1,197
12.8773,2,197
15.3766,3,197
11.0546,0,198
12.6677,1,198
13.8260,2,198
12.1345,3,198
6.6839,0,199
11.9815,1,199
11.8290,2,199
13.2328,3,199
8.3369,0,200
11.5874,1,200
10.2576,2,200
11.0599,3,200
8.9579,0,201
8.8419,1,201
10.2353,2,201
9.2373,3,201
9.3148,0,202
8.7366,1,202
9.4970,2,202
7.7934,3,202
12.3366,0,203
13.1952,1,203
12.6368,2,203
12.8592,3,203
8.7687,0,204
8.4082,1,204
9.6992,2,204
10.9031,3,204
9.7019,0,205
12.2084,1,205
13.0488,2,205
15.3069,3,205
10.0279,0,206
10.1514,1,206
10.5611,2,206
12.7696,3,206
12.8207,0,207
11.2249,1,207
12.3051,2,207
10.3311,3,207
10.3051,0,208
10.9049,1,208
12.8835,2,208
12.0670,3,208
9.8339,0,209
10.6399,1,209
11.4438,2,209
12.4680,3,209
9.4025,0,210
10.9469,1,210
11.8161,2,210
10.9555,3,210
9.1893,0,211
8.2666,1,211
6.9255,2,211
9.5727,3,211
10.2127,0,212
9.5496,1,212
10.0085,2,212
7.9124,3,212
7.0670,0,213
10.9466,1,213
11.1659,2,213
10.6828,3,213
9.2578,0,214
8.8621,1,214
7.5731,2,214
8.7893,3,214
9.8502,0,215
10.9291,1,215
12.2989,2,215
12.1198,3,215
10.0730,0,216
9.1235,1,216
10.5775,2,216
11.1984,3,216
8.2829,0,217
9.6426,1,217
8.3314,2,217
7.6419,3,217
9.1442,0,218
9.3767,1,218
8.5278,2,218
11.6425,3,218
11.8417,0,219
10.7463,1,219
11.3856,2,219
10.6756,3,219
10.9488,0,220
14.2649,1,220
13.8185,2,220
15.7808,3,220
9.6544,0,221
11.1986,1,221
12.9174,2,221
15.9326,3,221
6.6813,0,222
8.3156,1,222
9.9663,2,222
8.1799,3,222
10.6425,0,223
10.7488,1,223
11.2385,2,223
11.4138,3,223
8.6698,0,224
9.2069,1,224
10.5798,2,224
13.2033,3,224
9.8080,0,225
11.0263,1,225
12.4426,2,225
13.7073,3,225
10.2280,0,226
11.9244,1,226
11.6232,2,226
13.1640,3,226
9.9604,0,227
9.6332,1,227
10.7784,2,227
9.9820,3,227
10.6245,0,228
11.0136,1,228
10.8690,2,228
11.0131,3,228
9.1903,0,229
10.0350,1,229
11.8911,2,229
8.4330,3,229
10.7824,0,230
11.3208,1,230
10.0135,2,230
12.8681,3,230
12.3648,0,231
11.5341,1,231
9.2581,2,231
12.9655,3,231
9.0709,0,232
8.2369,1,232
9.1215,2,232
10.7044,3,232
10.4399,0,233
10.5006,1,233
11.8523,2,233
11.5778,3,233
9.5372,0,234
9.8911,1,234
10.5790,2,234
11.2212,3,234
6.1561,0,235
5.4274,1,235
4.7743,2,235
2.5614,3,235
11.1963,0,236
10.7051,1,236
11.0734,2,236
12.3247,3,236
9.3011,0,237
10.3147,1,237
11.5719,2,237
14.1621,3,237
9.2227,0,238
11.7154,1,238
13.6374,2,238
11.3534,3,238
6.8067,0,239
8.1001,1,239
6.3761,2,239
7.5396,3,239
11.5640,0,240
9.9711,1,240
10.4693,2,240
9.5801,3,240
10.7857,0,241
12.3288,1,241
12.9804,2,241
15.2152,3,241
9.3583,0,242
10.6892,1,242
10.9593,2,242
9.0858,3,242
9.4797,0,243
8.0808,1,243
7.6145,2,243
8.0422,3,243
11.6126,0,244
10.0866,1,244
10.7812,2,244
9.9329,3,244
9.2861,0,245
9.7053,1,245
10.6772,2,245
10.3633,3,245
9.9128,0,246
12.3540,1,246
13.0765,2,246
13.1461,3,246
10.2661,0,247
12.0716,1,247
12.8816,2,247
14.0246,3,247
9.4825,0,248
9.4857,1,248
11.9724,2,248
13.5175,3,248
10.4553,0,249
10.6265,1,249
10.8409,2,249
10.4428,3,249
9.7952,0,250
11.7286,1,250
12.0099,2,250
12.2323,3,250
9.1264,0,251
9.3237,1,251
9.7885,2,251
9.5767,3,251
11.3745,0,252
12.8935,1,252
14.3853,2,252
14.8908,3,252
8.3557,0,253
9.2237,1,253
8.6731,2,253
10.7739,3,253
9.5410,0,254
11.8848,1,254
11.3124,2,254
12.9838,3,254
9.7522,0,255
11.4328,1,255
9.4961,2,255
12.6933,3,255
4.8605,0,256
8.5770,1,256
9.1819,2,256
9.1457,3,256
8.2035,0,257
8.3529,1,257
8.8879,2,257
10.4349,3,257
12.6666,0,258
12.2367,1,258
13.4573,2,258
13.7227,3,258
8.8901,0,259
7.4647,1,259
6.0522,2,259
7.4290,3,259
8.1955,0,260
8.8645,1,260
7.6772,2,260
9.9164,3,260
7.6517,0,261
9.8211,1,261
10.9791,2,261
9.6213,3,261
12.6549,0,262
10.8624,1,262
13.8101,2,262
14.7004,3,262
10.1074,0,263
9.3892,1,263
11.7243,2,263
13.3602,3,263
9.4486,0,264
10.6069,1,264
8.9158,2,264
13.1878,3,264
9.4218,0,265
12.6078,1,265
11.0919,2,265
10.6211,3,265
8.4533,0,266
8.7270,1,266
9.1879,2,266
9.7425,3,266
9.8237,0,267
11.4327,1,267
11.3409,2,267
12.5340,3,267
11.3146,0,268
10.1180,1,268
12.2569,2,268
13.3857,3,268
10.5113,0,269
9.2957,1,269
10.0876,2,269
8.1282,3,269
10.5262,0,270
11.6219,1,270
11.4928,2,270
11.4009,3,270
10.3140,0,271
7.8067,1,271
7.3661,2,271
8.8248,3,271
9.3516,0,272
13.4688,1,272
14.8655,2,272
14.3917,3,272
10.4371,0,273
12.3410,1,273
13.7127,2,273
12.8153,3,273
9.6564,0,274
8.9000,1,274
8.7910,2,274
10.4126,3,274
8.1853,0,275
10.4799,1,275
9.9323,2,275
11.3031,3,275
7.5383,0,276
7.6097,1,276
7.7417,2,276
8.5037,3,276
11.7597,0,277
8.8676,1,277
11.4669,2,277
10.5530,3,277
9.4803,0,278
9.7411,1,278
10.4618,2,278
12.2044,3,278
9.3243,0,279
10.7733,1,279
11.4679,2,279
11.3026,3,279
9.9806,0,280
8.9312,1,280
10.4647,2,280
10.9459,3,280
9.3008,0,281
10.8961,1,281
10.8714,2,281
12.3530,3,281
10.0381,0,282
12.2013,1,282
11.9992,2,282
11.3688,3,282
9.3765,0,283
7.0936,1,283
6.7671,2,283
7.0997,3,283
10.6290,0,284
12.0807,1,284
12.3535,2,284
14.6329,3,284
8.7620,0,285
9.9053,1,285
11.3559,2,285
11.6300,3,285
10.7708,0,286
10.4672,1,286
12.3241,2,286
15.7253,3,286
9.5290,0,287
11.6109,1,287
11.1992,2,287
11.5017,3,287
10.3484,0,288
10.5835,1,288
13.9320,2,288
15.0641,3,288
12.2574,0,289
10.5681,1,289
10.7301,2,289
10.2841,3,289
10.1867,0,290
12.4376,1,290
12.9408,2,290
12.7987,3,290
8.9958,0,291
9.7436,1,291
10.4708,2,291
12.5214,3,291
6.4974,0,292
9.0945,1,292
10.9923,2,292
10.7067,3,292
9.2616,0,293
7.9062,1,293
10.0556,2,293
8.1092,3,293
11.1111,0,294
12.0658,1,294
13.9235,2,294
12.2352,3,294
11.4686,0,295
11.1747,1,295
12.1138,2,295
11.5123,3,295
8.6451,0,296
8.9773,1,296
10.9921,2,296
12.5850,3,296
12.0568,0,297
11.7520,1,297
13.2308,2,297
12.8190,3,297
11.1122,0,298
12.4827,1,298
14.8231,2,298
14.4926,3,298
9.7460,0,299
9.2742,1,299
12.0965,2,299
10.5901,3,299
8.1150,0,300
9.9713,1,300
7.4609,2,300
12.1406,3,300
10.0783,0,301
8.7444,1,301
11.0105,2,301
9.3317,3,301
11.5998,0,302
11.9506,1,302
14.3395,2,302
14.3103,3,302
11.1976,0,303
7.7410,1,303
9.8422,2,303
11.3243,3,303
11.7669,0,304
11.9430,1,304
16.3258,2,304
16.1662,3,304
10.4740,0,305
9.0663,1,305
12.8276,2,305
10.0171,3,305
9.8090,0,306
8.8745,1,306
10.8115,2,306
11.1562,3,306
9.6258,0,307
10.3513,1,307
9.9734,2,307
12.5658,3,307
10.6310,0,308
10.8912,1,308
8.9938,2,308
11.0032,3,308
8.5007,0,309
9.1776,1,309
8.5151,2,309
10.3979,3,309
8.6814,0,310
9.3643,1,310
9.8408,2,310
11.0457,3,310
7.5331,0,311
7.0138,1,311
6.2572,2,311
7.2478,3,311
10.7379,0,312
12.6787,1,312
13.8278,2,312
12.4571,3,312
9.5817,0,313
10.0673,1,313
13.5502,2,313
12.5864,3,313
10.5962,0,314
8.3534,1,314
9.6155,2,314
9.8289,3,314
9.4697,0,315
10.1037,1,315
8.0194,2,315
9.7131,3,315
9.3478,0,316
8.3785,1,316
9.5263,2,316
11.1904,3,316
11.5063,0,317
13.5088,1,317
12.7631,2,317
13.6651,3,317
9.7661,0,318
10.5355,1,318
10.6112,2,318
10.9018,3,318
10.2243,0,319
11.8128,1,319
12.8431,2,319
12.8799,3,319
9.4871,0,320
13.0708,1,320
12.0105,2,320
12.6253,3,320
9.8812,0,321
12.2347,1,321
13.7037,2,321
14.1178,3,321
11.9383,0,322
10.9400,1,322
11.5163,2,322
14.1488,3,322
9.9243,0,323
10.0005,1,323
10.2766,2,323
13.3803,3,323
9.3024,0,324
9.6078,1,324
10.0290,2,324
9.4001,3,324
12.0840,0,325
11.7705,1,325
13.7308,2,325
15.0152,3,325
10.9157,0,326
10.5742,1,326
11.6728,2,326
12.3367,3,326
8.5926,0,327
12.5218,1,327
12.8301,2,327
12.6510,3,327
8.2090,0,328
8.5962,1,328
8.5626,2,328
8.5501,3,328
9.4835,0,329
9.6568,1,329
9.8094,2,329
9.7036,3,329
11.7619,0,330
12.0005,1,330
10.6760,2,330
12.4845,3,330
9.3044,0,331
6.0406,1,331
5.1828,2,331
8.4461,3,331
10.8149,0,332
10.5579,1,332
9.4542,2,332
9.2144,3,332
11.4215,0,333
13.0596,1,333
14.7008,2,333
12.7286,3,333
7.4833,0,334
8.5616,1,334
9.0771,2,334
8.7321,3,334
9.5969,0,335
9.0749,1,335
11.1299,2,335
12.3430,3,335
12.2503,0,336
11.9161,1,336
11.9256,2,336
12.9281,3,336
10.3246,0,337
12.5447,1,337
11.3544,2,337
12.3625,3,337
10.7549,0,338
9.6347,1,338
10.4103,2,338
12.2116,3,338
9.9675,0,339
10.5115,1,339
12.1184,2,339
12.9436,3,339
11.5777,0,340
9.6105,1,340
11.3344,2,340
8.7202,3,340
10.5136,0,341
10.3009,1,341
11.8554,2,341
9.9549,3,341
8.4205,0,342
7.7835,1,342
9.1132,2,342
10.3206,3,342
9.0035,0,343
7.7607,1,343
8.9915,2,343
11.8281,3,343
10.2954,0,344
11.0994,1,344
13.8607,2,344
15.9293,3,344
11.6242,0,345
13.4477,1,345
15.8758,2,345
16.7641,3,345
8.3365,0,346
10.7571,1,346
12.2128,2,346
12.7303,3,346
12.0905,0,347
15.0997,1,347
14.1768,2,347
14.5179,3,347
10.8558,0,348
11.7494,1,348
13.0899,2,348
13.9839,3,348
9.9118,0,349
9.7107,1,349
12.7051,2,349
10.6796,3,349
7.7778,0,350
5.8764,1,350
8.2935,2,350
6.6205,3,350
13.3808,0,351
15.3561,1,351
12.3866,2,351
14.6872,3,351
11.5055,0,352
12.2182,1,352
11.5461,2,352
13.0001,3,352
11.1768,0,353
10.4852,1,353
11.6505,2,353
10.9237,3,353
8.8406,0,354
8.2936,1,354
10.4481,2,354
9.7181,3,354
10.4104,0,355
10.1730,1,355
10.0265,2,355
11.1179,3,355
9.9238,0,356
11.2889,1,356
12.0631,2,356
11.0295,3,356
10.4807,0,357
10.1629,1,357
12.1537,2,357
13.0551,3,357
10.5871,0,358
9.5068,1,358
8.9987,2,358
9.7492,3,358
9.3099,0,359
8.5371,1,359
10.5166,2,359
11.8198,3,359
9.1393,0,360
8.1930,1,360
8.6443,2,360
11.0647,3,360
11.1395,0,361
11.7115,1,361
11.5557,2,361
13.0818,3,361
11.5530,0,362
9.4556,1,362
11.3137,2,362
15.0229,3,362
7.0141,0,363
7.3468,1,363
8.1222,2,363
5.2709,3,363
10.8737,0,364
10.3479,1,364
13.0087,2,364
13.1312,3,364
11.4061,0,365
10.7234,1,365
12.1057,2,365
11.7432,3,365
11.2560,0,366
12.8393,1,366
13.9501,2,366
14.4667,3,366
8.8939,0,367
9.9223,1,367
11.7544,2,367
10.2059,3,367
7.2743,0,368
8.1472,1,368
7.6019,2,368
9.0686,3,368
10.9200,0,369
10.6145,1,369
12.2692,2,369
12.6960,3,369
6.5845,0,370
11.3268,1,370
9.0165,2,370
9.0284,3,370
8.0967,0,371
9.9852,1,371
8.3825,2,371
9.8452,3,371
13.1040,0,372
11.8621,1,372
9.4819,2,372
11.6372,3,372
8.4549,0,373
8.6755,1,373
11.1453,2,373
11.5610,3,373
11.9117,0,374
11.8162,1,374
13.2699,2,374
14.2779,3,374
10.1338,0,375
10.7463,1,375
11.1453,2,375
13.1542,3,375
11.1773,0,376
12.6201,1,376
12.2701,2,376
12.0808,3,376
7.7063,0,377
11.8109,1,377
11.2527,2,377
11.7097,3,377
9.2390,0,378
8.9982,1,378
8.9855,2,378
9.0517,3,378
10.5496,0,379
11.0883,1,379
9.8153,2,379
9.4727,3,379
8.9780,0,380
9.8640,1,380
9.1994,2,380
11.1747,3,380
8.5294,0,381
9.9080,1,381
9.6626,2,381
9.5479,3,381
10.2954,0,382
11.1372,1,382
11.0449,2,382
11.8333,3,382
10.7619,0,383
10.1123,1,383
11.8696,2,383
14.3005,3,383
10.2482,0,384
7.7053,1,384
10.0902,2,384
8.3932,3,384
10.2835,0,385
9.0919,1,385
11.8997,2,385
10.6984,3,385
10.4177,0,386
12.5115,1,386
9.3275,2,386
11.2147,3,386
8.6305,0,387
9.9276,1,387
12.1957,2,387
12.5477,3,387
10.2033,0,388
11.2527,1,388
11.8910,2,388
12.0592,3,388
10.6304,0,389
12.7866,1,389
14.0635,2,389
11.7542,3,389
11.7635,0,390
11.6681,1,390
13.0646,2,390
14.2115,3,390
7.5305,0,391
10.8243,1,391
9.6881,2,391
9.6024,3,391
10.5309,0,392
12.2281,1,392
12.2804,2,392
14.6689,3,392
7.0855,0,393
8.6552,1,393
8.5376,2,393
9.0468,3,393
10.3636,0,394
8.9205,1,394
9.5835,2,394
11.0902,3,394
8.9382,0,395
9.4295,1,395
9.9218,2,395
11.5466,3,395
9.5613,0,396
9.9070,1,396
9.0951,2,396
9.4289,3,396
10.8825,0,397
10.4954,1,397
10.2933,2,397
11.2833,3,397
11.3694,0,398
11.1549,1,398
12.3540,2,398
11.8110,3,398
11.0126,0,399
9.8111,1,399
11.8519,2,399
11.9773,3,399
10.9807,0,400
11.9424,1,400
12.0594,2,400
13.2123,3,400
13.3979,0,401
12.8026,1,401
13.2330,2,401
11.8892,3,401
7.5060,0,402
10.0247,1,402
10.2066,2,402
10.8277,3,402
8.4312,0,403
8.9672,1,403
8.7812,2,403
12.9057,3,403
10.2533,0,404
10.5470,1,404
9.8189,2,404
8.3756,3,404
8.1903,0,405
9.3176,1,405
11.3351,2,405
8.9390,3,405
10.6069,0,406
13.3254,1,406
13.2528,2,406
11.5818,3,406
9.2891,0,407
10.4388,1,407
11.6747,2,407
11.7011,3,407
11.8532,0,408
9.2700,1,408
9.9335,2,408
9.5286,3,408
10.8819,0,409
11.8604,1,409
11.8932,2,409
13.3412,3,409
11.4276,0,410
11.4312,1,410
11.3232,2,410
13.5246,3,410
8.3674,0,411
7.1015,1,411
8.8384,2,411
8.6655,3,411
10.5477,0,412
10.6556,1,412
9.7043,2,412
9.8088,3,412
11.3478,0,413
11.0096,1,413
12.0173,2,413
12.2880,3,413
7.9983,0,414
11.5700,1,414
10.4135,2,414
10.4055,3,414
11.2639,0,415
10.4805,1,415
11.6062,2,415
12.2102,3,415
12.0490,0,416
11.2707,1,416
13.0776,2,416
13.1397,3,416
13.3266,0,417
13.5808,1,417
15.4575,2,417
13.4167,3,417
9.2777,0,418
9.9097,1,418
9.7952,2,418
10.4783,3,418
10.2843,0,419
9.9202,1,419
11.5018,2,419
9.7439,3,419
10.9830,0,420
12.9145,1,420
12.1677,2,420
12.3658,3,420
8.8475,0,421
11.7348,1,421
9.6426,2,421
13.3775,3,421
10.6578,0,422
10.0890,1,422
9.8785,2,422
10.5327,3,422
10.2368,0,423
11.9317,1,423
12.6866,2,423
12.8074,3,423
11.7872,0,424
10.8176,1,424
12.0530,2,424
11.2803,3,424
12.0435,0,425
11.7087,1,425
9.1145,2,425
12.8782,3,425
9.5656,0,426
9.6906,1,426
9.9840,2,426
11.1823,3,426
10.9888,0,427
9.7523,1,427
10.9694,2,427
10.1932,3,427
10.9644,0,428
12.0075,1,428
13.2219,2,428
14.6411,3,428
9.0306,0,429
9.4653,1,429
11.2931,2,429
8.6365,3,429
9.0776,0,430
10.1255,1,430
12.1932,2,430
9.0626,3,430
9.9718,0,431
10.6588,1,431
10.8170,2,431
15.5167,3,431
11.0467,0,432
11.5992,1,432
10.6169,2,432
10.8859,3,432
9.7335,0,433
9.7729,1,433
11.2051,2,433
11.6146,3,433
11.6682,0,434
11.1143,1,434
12.9570,2,434
12.5682,3,434
10.1214,0,435
12.7421,1,435
11.2233,2,435
12.7006,3,435
11.2972,0,436
11.4923,1,436
11.8311,2,436
12.4867,3,436
7.4657,0,437
12.5193,1,437
11.4695,2,437
12.0325,3,437
9.1538,0,438
8.7577,1,438
12.4580,2,438
10.4411,3,438
9.2926,0,439
13.4464,1,439
10.4943,2,439
13.3871,3,439
11.8064,0,440
11.8711,1,440
11.2066,2,440
11.1187,3,440
9.3593,0,441
12.6270,1,441
12.1508,2,441
11.8588,3,441
9.8770,0,442
10.3430,1,442
12.5572,2,442
10.5606,3,442
12.0554,0,443
12.2236,1,443
12.2512,2,443
12.7996,3,443
7.4001,0,444
9.4180,1,444
9.5863,2,444
10.1912,3,444
10.4965,0,445
11.8375,1,445
10.5133,2,445
11.9862,3,445
10.3374,0,446
8.1998,1,446
9.8045,2,446
12.5092,3,446
10.8835,0,447
13.1969,1,447
12.8301,2,447
14.6415,3,447
9.5484,0,448
10.7341,1,448
9.2126,2,448
10.3471,3,448
9.7527,0,449
12.0276,1,449
11.9586,2,449
13.8734,3,449
9.5077,0,450
10.3255,1,450
11.0179,2,450
10.3756,3,450
7.4635,0,451
8.7119,1,451
7.6107,2,451
6.7250,3,451
9.7139,0,452
12.7969,1,452
11.4173,2,452
12.0235,3,452
10.6909,0,453
11.8406,1,453
11.9338,2,453
10.4024,3,453
10.7293,0,454
11.6084,1,454
11.3080,2,454
14.2477,3,454
10.5610,0,455
12.1132,1,455
10.7492,2,455
11.7582,3,455
7.5631,0,456
8.9834,1,456
10.0156,2,456
9.2285,3,456
12.9075,0,457
12.9671,1,457
12.4466,2,457
10.3715,3,457
9.8308,0,458
11.8719,1,458
11.9909,2,458
11.8026,3,458
11.6060,0,459
10.7606,1,459
11.4011,2,459
13.0869,3,459
10.5603,0,460
10.4187,1,460
9.1658,2,460
11.1742,3,460
8.5415,0,461
9.4736,1,461
9.9146,2,461
10.4512,3,461
9.1298,0,462
8.1977,1,462
12.5477,2,462
11.6718,3,462
9.9340,0,463
11.7511,1,463
11.7381,2,463
10.4664,3,463
10.0335,0,464
9.9266,1,464
10.1503,2,464
10.5045,3,464
11.2886,0,465
10.0560,1,465
11.5548,2,465
10.6556,3,465
11.7576,0,466
12.0585,1,466
11.7213,2,466
14.3969,3,466
8.9820,0,467
10.5925,1,467
11.5609,2,467
10.3573,3,467
9.5135,0,468
9.1201,1,468
10.2685,2,468
10.6776,3,468
12.8070,0,469
12.4682,1,469
13.7829,2,469
14.6235,3,469
8.2003,0,470
9.6825,1,470
10.0375,2,470
10.0154,3,470
10.3790,0,471
12.2007,1,471
11.4147,2,471
12.4741,3,471
10.1103,0,472
9.2925,1,472
10.9025,2,472
9.9921,3,472
13.6550,0,473
11.2566,1,473
12.8184,2,473
12.6940,3,473
12.3465,0,474
10.5113,1,474
11.5490,2,474
12.0671,3,474
9.2302,0,475
11.0558,1,475
9.8071,2,475
11.0174,3,475
10.4801,0,476
12.3686,1,476
10.8970,2,476
10.6937,3,476
8.8175,0,477
9.6512,1,477
9.6715,2,477
10.4982,3,477
11.1705,0,478
10.4424,1,478
11.0201,2,478
11.9180,3,478
12.8622,0,479
13.6086,1,479
13.8982,2,479
13.3185,3,479
10.8211,0,480
12.2557,1,480
14.1276,2,480
14.6732,3,480
7.5310,0,481
9.7575,1,481
10.6672,2,481
10.2648,3,481
10.9807,0,482
9.5632,1,482
9.4923,2,482
10.0754,3,482
11.4054,0,483
11.6988,1,483
11.9242,2,483
11.0253,3,483
9.2567,0,484
9.0597,1,484
8.0849,2,484
12.0150,3,484
8.9872,0,485
9.6327,1,485
11.8978,2,485
10.2068,3,485
7.9937,0,486
10.1388,1,486
9.8316,2,486
10.8977,3,486
8.5293,0,487
9.2414,1,487
10.1777,2,487
12.0907,3,487
7.7185,0,488
7.3394,1,488
9.6815,2,488
10.1065,3,488
11.2915,0,489
8.6121,1,489
12.0526,2,489
11.6825,3,489
10.0832,0,490
12.2514,1,490
9.5116,2,490
9.0642,3,490
11.5801,0,491
12.2668,1,491
13.3456,2,491
14.8403,3,491
9.8979,0,492
9.0992,1,492
9.2220,2,492
10.5377,3,492
10.7496,0,493
11.5264,1,493
10.3903,2,493
13.3923,3,493
10.7491,0,494
10.2621,1,494
11.6689,2,494
10.9636,3,494
12.1065,0,495
14.6589,1,495
15.6107,2,495
16.2484,3,495
9.5309,0,496
9.2961,1,496
9.1425,2,496
8.7341,3,496
10.8162,0,497
10.8326,1,497
10.5264,2,497
12.2222,3,497
9.3392,0,498
9.8705,1,498
10.4221,2,498
12.8781,3,498
7.8866,0,499
7.1695,1,499
8.2232,2,499
7.5265,3,499
7.9284,0,500
9.2748,1,500
10.4658,2,500
9.9458,3,500
9.3755,0,501
11.4417,1,501
10.3617,2,501
12.9281,3,501
8.3630,0,502
9.6581,1,502
9.0730,2,502
10.0276,3,502
10.4601,0,503
10.0941,1,503
8.7691,2,503
9.8142,3,503
9.8556,0,504
10.2966,1,504
11.0170,2,504
11.2294,3,504
12.4461,0,505
10.5601,1,505
11.0182,2,505
12.1657,3,505
10.4561,0,506
10.5622,1,506
10.0511,2,506
10.2888,3,506
8.3758,0,507
9.9247,1,507
10.1565,2,507
10.1478,3,507
11.7277,0,508
10.4960,1,508
12.2124,2,508
13.2338,3,508
10.0450,0,509
11.2337,1,509
8.8993,2,509
11.0979,3,509
10.6292,0,510
12.0529,1,510
12.0824,2,510
14.2957,3,510
10.2050,0,511
11.7043,1,511
11.4587,2,511
11.2304,3,511
12.1697,0,512
11.0528,1,512
12.6289,2,512
12.8106,3,512
9.5364,0,513
11.1838,1,513
12.5132,2,513
13.6423,3,513
9.4902,0,514
9.8294,1,514
12.3974,2,514
13.8433,3,514
11.4353,0,515
12.8773,1,515
14.8234,2,515
13.5624,3,515
10.5783,0,516
9.5306,1,516
11.7486,2,516
12.1158,3,516
10.0159,0,517
9.9957,1,517
9.3223,2,517
11.3236,3,517
11.0660,0,518
10.4802,1,518
10.1980,2,518
10.9722,3,518
9.3880,0,519
11.3109,1,519
11.3127,2,519
13.2676,3,519
11.1681,0,520
9.5139,1,520
10.8576,2,520
9.9973,3,520
14.2107,0,521
11.3370,1,521
11.7113,2,521
13.2224,3,521
10.7507,0,522
11.0012,1,522
8.5042,2,522
10.2783,3,522
9.0654,0,523
12.3379,1,523
11.1971,2,523
11.7841,3,523
9.3633,0,524
7.3268,1,524
9.1219,2,524
8.9959,3,524
10.9814,0,525
10.1859,1,525
11.6980,2,525
12.8691,3,525
13.0083,0,526
13.9696,1,526
14.6567,2,526
14.8006,3,526
9.6367,0,527
10.7196,1,527
13.0318,2,527
12.2658,3,527
8.2543,0,528
9.0333,1,528
8.5042,2,528
7.8076,3,528
8.7332,0,529
10.2257,1,529
10.0461,2,529
11.0664,3,529
10.3352,0,530
10.9133,1,530
13.4807,2,530
15.5516,3,530
9.4863,0,531
9.3116,1,531
10.4702,2,531
9.2533,3,531
8.0530,0,532
12.5145,1,532
10.0237,2,532
13.5943,3,532
12.1268,0,533
11.2245,1,533
11.6398,2,533
11.7420,3,533
10.5696,0,534
13.1055,1,534
13.8636,2,534
12.7969,3,534
11.0874,0,535
11.5464,1,535
12.5576,2,535
12.7176,3,535
10.6358,0,536
10.7474,1,536
11.4911,2,536
13.1620,3,536
7.5766,0,537
6.4351,1,537
7.4508,2,537
7.4865,3,537
10.1876,0,538
9.4484,1,538
9.7433,2,538
8.3993,3,538
10.9602,0,539
7.0878,1,539
9.7918,2,539
10.6747,3,539
10.3276,0,540
10.9568,1,540
10.8351,2,540
11.1786,3,540
10.2938,0,541
10.6420,1,541
8.8524,2,541
7.6382,3,541
10.4092,0,542
11.3255,1,542
11.1816,2,542
11.5676,3,542
8.5540,0,543
8.8221,1,543
9.6159,2,543
8.0043,3,543
8.8349,0,544
10.4432,1,544
9.1431,2,544
11.1642,3,544
8.4122,0,545
9.2210,1,545
9.5188,2,545
7.8845,3,545
9.3520,0,546
10.3339,1,546
10.4921,2,546
11.7390,3,546
7.1844,0,547
8.6544,1,547
5.7895,2,547
6.6043,3,547
11.7213,0,548
12.5553,1,548
10.4999,2,548
12.5138,3,548
11.0187,0,549
11.0858,1,549
11.4311,2,549
11.1147,3,549
11.3739,0,550
11.2965,1,550
11.0989,2,550
11.5115,3,550
9.8215,0,551
8.4028,1,551
9.2421,2,551
9.8835,3,551
9.1576,0,552
9.4683,1,552
9.3724,2,552
10.5668,3,552
9.3128,0,553
8.2427,1,553
11.5032,2,553
10.1520,3,553
10.5909,0,554
11.3408,1,554
11.5831,2,554
9.9128,3,554
9.1786,0,555
11.3121,1,555
11.8874,2,555
11.2894,3,555
10.3718,0,556
11.4567,1,556
11.7064,2,556
11.6914,3,556
9.6834,0,557
9.4634,1,557
10.7201,2,557
9.7905,3,557
12.2984,0,558
12.4273,1,558
12.7496,2,558
13.3962,3,558
11.6671,0,559
12.6108,1,559
12.2109,2,559
11.7721,3,559
10.5829,0,560
9.3060,1,560
8.7199,2,560
9.6871,3,560
10.9515,0,561
9.4749,1,561
9.6505,2,561
11.8916,3,561
10.0419,0,562
11.9562,1,562
9.8379,2,562
10.5600,3,562
10.0102,0,563
9.6142,1,563
9.7181,2,563
11.3255,3,563
10.5609,0,564
9.4676,1,564
11.3026,2,564
9.8987,3,564
10.2157,0,565
10.4869,1,565
10.8573,2,565
10.8160,3,565
7.5572,0,566
9.8166,1,566
7.6569,2,566
9.7425,3,566
6.9152,0,567
8.0156,1,567
8.9612,2,567
8.4580,3,567
11.9265,0,568
13.1100,1,568
13.2037,2,568
13.5822,3,568
8.0007,0,569
9.8453,1,569
9.0701,2,569
11.6213,3,569
8.3673,0,570
10.7027,1,570
12.4095,2,570
11.2432,3,570
14.0868,0,571
14.5817,1,571
13.9482,2,571
15.0143,3,571
9.2584,0,572
8.8343,1,572
8.1973,2,572
8.9615,3,572
9.1174,0,573
10.0170,1,573
9.2870,2,573
10.5064,3,573
10.7285,0,574
11.3779,1,574
12.1929,2,574
11.8800,3,574
9.4829,0,575
10.4316,1,575
10.5104,2,575
11.1994,3,575
8.7817,0,576
9.3239,1,576
11.1265,2,576
13.6521,3,576
10.1971,0,577
12.6050,1,577
12.8140,2,577
13.3784,3,577
9.2807,0,578
10.3464,1,578
11.6644,2,578
10.6953,3,578
8.3183,0,579
11.5174,1,579
10.4296,2,579
10.4994,3,579
12.9857,0,580
11.1294,1,580
10.8208,2,580
10.8344,3,580
8.9849,0,581
11.0090,1,581
12.8611,2,581
12.3018,3,581
10.5934,0,582
9.3049,1,582
11.8200,2,582
13.3821,3,582
10.5866,0,583
9.6528,1,583
9.1826,2,583
11.2082,3,583
10.1405,0,584
10.8569,1,584
10.0534,2,584
10.8131,3,584
7.2109,0,585
8.3975,1,585
10.4563,2,585
10.4058,3,585
8.3198,0,586
9.6493,1,586
8.3147,2,586
11.0440,3,586
10.2031,0,587
10.2625,1,587
12.1453,2,587
11.9108,3,587
11.5722,0,588
12.5387,1,588
12.4065,2,588
11.5479,3,588
10.1780,0,589
11.5485,1,589
10.5958,2,589
12.2491,3,589
11.9679,0,590
12.5548,1,590
13.9521,2,590
13.2596,3,590
11.4045,0,591
13.4534,1,591
11.9036,2,591
15.0580,3,591
11.1222,0,592
12.0367,1,592
13.8216,2,592
15.8658,3,592
12.7534,0,593
11.0640,1,593
11.7776,2,593
12.5953,3,593
6.6314,0,594
9.3827,1,594
7.8472,2,594
7.4723,3,594
9.1380,0,595
11.0415,1,595
10.6195,2,595
13.5757,3,595
11.0990,0,596
11.6422,1,596
9.7345,2,596
12.2127,3,596
8.5889,0,597
10.1793,1,597
11.4931,2,597
12.1910,3,597
11.1258,0,598
10.0180,1,598
11.9481,2,598
10.2838,3,598
10.0120,0,599
9.7666,1,599
10.6799,2,599
9.3611,3,599
8.8855,0,600
9.6612,1,600
11.1102,2,600
11.9477,3,600
10.9788,0,601
12.0068,1,601
9.6457,2,601
9.3118,3,601
11.3571,0,602
9.1449,1,602
11.6695,2,602
10.2259,3,602
8.3046,0,603
8.3181,1,603
11.0905,2,603
9.6082,3,603
10.4501,0,604
11.5034,1,604
11.4220,2,604
12.2977,3,604
7.9999,0,605
9.8282,1,605
8.7133,2,605
8.1671,3,605
9.2598,0,606
11.1454,1,606
9.6078,2,606
9.6713,3,606
8.6873,0,607
10.3095,1,607
9.0082,2,607
10.2417,3,607
10.2366,0,608
8.0348,1,608
10.4939,2,608
9.9274,3,608
10.5111,0,609
14.1261,1,609
13.7280,2,609
14.4636,3,609
10.5300,0,610
8.6277,1,610
9.9223,2,610
8.9961,3,610
8.0601,0,611
11.3720,1,611
10.8801,2,611
11.4693,3,611
8.8270,0,612
7.7217,1,612
7.6020,2,612
7.6774,3,612
13.7766,0,613
11.1736,1,613
10.1026,2,613
10.1482,3,613
8.6544,0,614
12.2649,1,614
10.5467,2,614
11.0494,3,614
8.4139,0,615
12.7241,1,615
13.4744,2,615
15.3298,3,615
11.2495,0,616
12.3573,1,616
12.4011,2,616
12.2416,3,616
8.6912,0,617
10.4834,1,617
9.9064,2,617
12.1873,3,617
10.0085,0,618
11.7623,1,618
13.1165,2,618
11.7315,3,618
9.3264,0,619
9.5773,1,619
10.4355,2,619
13.1315,3,619
11.8859,0,620
12.5719,1,620
13.9725,2,620
13.0604,3,620
11.9992,0,621
11.3215,1,621
10.7331,2,621
14.3997,3,621
11.4184,0,622
11.8329,1,622
10.8938,2,622
13.0113,3,622
9.6040,0,623
11.5040,1,623
9.1880,2,623
13.3663,3,623
9.7556,0,624
11.2563,1,624
11.9533,2,624
11.8701,3,624
12.5864,0,625
11.0742,1,625
11.0669,2,625
10.0538,3,625
7.7000,0,626
7.2944,1,626
9.9867,2,626
11.5305,3,626
10.4944,0,627
6.8850,1,627
7.2587,2,627
9.6606,3,627
12.3387,0,628
9.9287,1,628
10.6234,2,628
12.0749,3,628
10.2519,0,629
12.4366,1,629
12.7310,2,629
14.2487,3,629
8.5446,0,630
8.7893,1,630
8.8973,2,630
8.0143,3,630
8.1579,0,631
8.4027,1,631
9.8230,2,631
10.9934,3,631
11.9628,0,632
10.5802,1,632
13.7314,2,632
11.3733,3,632
12.0413,0,633
11.2084,1,633
12.3595,2,633
15.6667,3,633
10.2946,0,634
11.1394,1,634
12.3024,2,634
12.7526,3,634
9.7824,0,635
10.7978,1,635
9.5828,2,635
7.9449,3,635
12.1499,0,636
9.2664,1,636
10.7720,2,636
10.3650,3,636
9.7247,0,637
6.8002,1,637
7.4056,2,637
9.9026,3,637
9.5894,0,638
11.0908,1,638
12.5158,2,638
14.6190,3,638
11.9918,0,639
10.8631,1,639
12.9449,2,639
13.8507,3,639
10.2238,0,640
9.9765,1,640
11.9158,2,640
11.1962,3,640
9.6720,0,641
11.4632,1,641
12.4284,2,641
11.6214,3,641
11.6667,0,642
12.3739,1,642
11.3863,2,642
12.4262,3,642
7.4462,0,643
10.7888,1,643
8.0690,2,643
7.4129,3,643
11.0230,0,644
9.5782,1,644
10.2207,2,644
12.0202,3,644
9.6926,0,645
7.5619,1,645
7.1526,2,645
7.5662,3,645
9.2513,0,646
9.3495,1,646
8.3935,2,646
7.0608,3,646
12.0650,0,647
9.8775,1,647
11.3718,2,647
14.1038,3,647
10.2661,0,648
11.6508,1,648
9.6479,2,648
9.5984,3,648
7.0899,0,649
9.6842,1,649
7.9483,2,649
9.9495,3,649
5.3958,0,650
6.6792,1,650
9.3387,2,650
8.5964,3,650
9.5535,0,651
12.5195,1,651
11.7644,2,651
10.7099,3,651
10.9856,0,652
10.5368,1,652
13.3378,2,652
12.6217,3,652
9.8095,0,653
11.3509,1,653
11.2308,2,653
12.2390,3,653
9.3199,0,654
9.3274,1,654
10.2316,2,654
10.3567,3,654
10.2813,0,655
9.9197,1,655
8.5371,2,655
11.0092,3,655
8.6412,0,656
10.1480,1,656
9.4343,2,656
10.3762,3,656
9.4105,0,657
11.1104,1,657
10.9699,2,657
12.3614,3,657
10.7734,0,658
10.2262,1,658
11.8653,2,658
11.2837,3,658
9.1630,0,659
9.1152,1,659
9.5045,2,659
9.4957,3,659
8.1136,0,660
9.3457,1,660
7.9163,2,660
7.7465,3,660
12.3550,0,661
9.3538,1,661
12.5073,2,661
13.4345,3,661
11.4602,0,662
12.2549,1,662
12.1111,2,662
10.3155,3,662
8.4713,0,663
8.9336,1,663
8.8221,2,663
10.1728,3,663
9.5887,0,664
10.1974,1,664
12.3849,2,664
11.4167,3,664
11.4710,0,665
12.5001,1,665
11.4030,2,665
13.4903,3,665
10.8558,0,666
11.1877,1,666
11.9006,2,666
12.3092,3,666
10.2283,0,667
9.9899,1,667
10.3669,2,667
12.7171,3,667
7.7016,0,668
9.8090,1,668
11.7168,2,668
12.4423,3,668
11.4231,0,669
12.0488,1,669
12.8662,2,669
12.4452,3,669
10.4788,0,670
11.2025,1,670
11.0554,2,670
12.9483,3,670
11.2110,0,671
12.9497,1,671
12.5453,2,671
14.5671,3,671
9.7614,0,672
10.4908,1,672
9.5712,2,672
10.9186,3,672
8.1604,0,673
9.2304,1,673
8.6790,2,673
9.4259,3,673
10.8498,0,674
11.6283,1,674
12.2151,2,674
12.5550,3,674
11.4414,0,675
11.5903,1,675
11.9594,2,675
13.4710,3,675
10.8644,0,676
12.2734,1,676
11.0114,2,676
11.4693,3,676
12.0236,0,677
10.4477,1,677
8.9656,2,677
10.3478,3,677
11.8492,0,678
12.6553,1,678
13.5542,2,678
13.8916,3,678
9.5482,0,679
11.2642,1,679
10.8194,2,679
11.8970,3,679
10.5087,0,680
8.6305,1,680
10.7026,2,680
9.5795,3,680
9.6803,0,681
10.3290,1,681
11.8229,2,681
12.4937,3,681
9.4786,0,682
10.4206,1,682
12.1920,2,682
11.2455,3,682
10.4190,0,683
10.3990,1,683
10.2966,2,683
10.7551,3,683
9.4651,0,684
10.7025,1,684
11.7529,2,684
11.1096,3,684
9.2906,0,685
9.7311,1,685
8.2162,2,685
10.4125,3,685
9.1344,0,686
7.0766,1,686
6.8998,2,686
5.5750,3,686
11.4746,0,687
11.6868,1,687
10.3442,2,687
9.6570,3,687
9.8230,0,688
11.3956,1,688
12.1730,2,688
13.9212,3,688
8.2055,0,689
8.7394,1,689
10.1464,2,689
8.8263,3,689
8.5880,0,690
8.6637,1,690
8.8521,2,690
8.9585,3,690
11.1391,0,691
12.1552,1,691
8.4719,2,691
9.4960,3,691
10.5813,0,692
11.4473,1,692
9.5176,2,692
9.8594,3,692
11.8521,0,693
10.9041,1,693
13.0266,2,693
14.0457,3,693
9.7720,0,694
9.5881,1,694
11.5165,2,694
11.7996,3,694
8.0492,0,695
8.8993,1,695
8.4961,2,695
8.9411,3,695
9.8619,0,696
8.1908,1,696
7.3309,2,696
9.5833,3,696
9.8326,0,697
11.3677,1,697
9.0971,2,697
9.8490,3,697
13.2113,0,698
12.8302,1,698
14.7224,2,698
14.1460,3,698
9.8145,0,699
11.3313,1,699
10.2466,2,699
10.0084,3,699
12.7206,0,700
15.3296,1,700
14.4356,2,700
16.5460,3,700
8.8781,0,701
11.0032,1,701
9.7266,2,701
10.4416,3,701
8.8360,0,702
8.9305,1,702
12.6492,2,702
11.9557,3,702
9.4854,0,703
7.6011,1,703
12.6159,2,703
8.5723,3,703
11.0307,0,704
11.3810,1,704
9.9986,2,704
15.4095,3,704
8.6617,0,705
9.5373,1,705
10.3451,2,705
10.6676,3,705
9.9814,0,706
9.9194,1,706
9.4970,2,706
10.1670,3,706
8.9724,0,707
11.5242,1,707
10.9769,2,707
9.5447,3,707
10.3465,0,708
11.2791,1,708
10.4211,2,708
11.2669,3,708
9.1479,0,709
11.3971,1,709
11.5186,2,709
14.5741,3,709
10.6057,0,710
9.2913,1,710
11.4451,2,710
12.3779,3,710
9.6341,0,711
11.6486,1,711
9.6945,2,711
8.9457,3,711
11.8518,0,712
11.1453,1,712
14.9868,2,712
14.0657,3,712
12.6475,0,713
12.5084,1,713
14.5004,2,713
16.2002,3,713
11.1091,0,714
11.9791,1,714
10.5906,2,714
10.7691,3,714
11.3814,0,715
9.8700,1,715
8.4897,2,715
10.5805,3,715
11.4685,0,716
12.3559,1,716
15.8810,2,716
15.0302,3,716
8.1623,0,717
9.6501,1,717
8.0951,2,717
8.1859,3,717
8.8651,0,718
10.7516,1,718
11.5451,2,718
12.3865,3,718
11.0925,0,719
8.6477,1,719
10.7003,2,719
11.6273,3,719
9.0571,0,720
10.0970,1,720
10.3536,2,720
11.4549,3,720
9.5250,0,721
13.0071,1,721
13.5884,2,721
13.1187,3,721
11.2361,0,722
11.2512,1,722
10.0631,2,722
8.8646,3,722
11.3383,0,723
10.5788,1,723
10.3461,2,723
10.7575,3,723
12.7312,0,724
10.8293,1,724
11.7984,2,724
9.7933,3,724
9.8622,0,725
9.8693,1,725
9.8285,2,725
10.1639,3,725
10.3619,0,726
9.7803,1,726
11.4260,2,726
13.0062,3,726
10.6145,0,727
10.7931,1,727
10.5460,2,727
11.9110,3,727
10.4923,0,728
10.5425,1,728
11.6121,2,728
12.5979,3,728
11.3202,0,729
11.4442,1,729
13.6509,2,729
14.1917,3,729
11.7329,0,730
12.6745,1,730
11.9108,2,730
12.0758,3,730
10.1767,0,731
8.5120,1,731
9.4029,2,731
9.2414,3,731
10.2475,0,732
10.2905,1,732
11.3366,2,732
13.2156,3,732
10.4205,0,733
7.9226,1,733
7.8399,2,733
8.2578,3,733
8.5333,0,734
11.5012,1,734
13.5570,2,734
13.0234,3,734
10.5611,0,735
11.8486,1,735
10.6256,2,735
13.5634,3,735
11.2530,0,736
9.4499,1,736
11.1384,2,736
13.0260,3,736
11.2231,0,737
11.6832,1,737
14.2835,2,737
14.5644,3,737
7.6078,0,738
8.1985,1,738
8.0182,2,738
7.6922,3,738
9.2070,0,739
9.4610,1,739
10.0071,2,739
9.2711,3,739
7.7281,0,740
9.3231,1,740
9.5043,2,740
10.7238,3,740
9.6363,0,741
11.7231,1,741
14.4751,2,741
14.2639,3,741
11.6169,0,742
13.5311,1,742
13.1532,2,742
13.4867,3,742
10.6391,0,743
12.9811,1,743
11.7367,2,743
14.8141,3,743
9.5081,0,744
9.0125,1,744
9.9268,2,744
7.3359,3,744
10.3614,0,745
11.8547,1,745
10.0145,2,745
11.4627,3,745
11.6185,0,746
10.1665,1,746
8.5443,2,746
11.0468,3,746
10.0310,0,747
10.2288,1,747
9.8548,2,747
8.5250,3,747
11.0297,0,748
12.8135,1,748
12.8298,2,748
13.2967,3,748
9.5659,0,749
8.3847,1,749
7.5844,2,749
7.9669,3,749
8.9648,0,750
10.2751,1,750
11.0009,2,750
10.7952,3,750
8.7286,0,751
8.1107,1,751
6.8301,2,751
7.8969,3,751
9.9429,0,752
6.7443,1,752
7.6987,2,752
7.9010,3,752
7.4972,0,753
10.8666,1,753
9.4752,2,753
9.7531,3,753
10.4243,0,754
8.8807,1,754
13.2906,2,754
11.6572,3,754
11.3302,0,755
10.2926,1,755
10.7529,2,755
11.9946,3,755
10.4467,0,756
13.4994,1,756
12.8150,2,756
12.9740,3,756
9.7772,0,757
11.3947,1,757
11.0708,2,757
10.0037,3,757
9.9267,0,758
11.5023,1,758
10.5737,2,758
8.8152,3,758
10.2831,0,759
10.2710,1,759
10.0785,2,759
11.4334,3,759
10.1428,0,760
11.6692,1,760
12.0892,2,760
12.6478,3,760
9.6371,0,761
9.5821,1,761
11.8449,2,761
11.9303,3,761
9.8531,0,762
9.7468,1,762
11.5219,2,762
11.7405,3,762
7.0124,0,763
6.6494,1,763
7.2111,2,763
7.4199,3,763
11.3864,0,764
12.8119,1,764
12.4111,2,764
12.6692,3,764
8.8221,0,765
10.2108,1,765
8.6319,2,765
7.6079,3,765
8.2752,0,766
9.3154,1,766
9.0488,2,766
8.8450,3,766
9.8455,0,767
10.6471,1,767
9.4637,2,767
10.6996,3,767
6.1728,0,768
8.6284,1,768
9.5630,2,768
9.3388,3,768
8.5422,0,769
8.9890,1,769
10.8019,2,769
10.8871,3,769
11.5054,0,770
9.8468,1,770
11.1543,2,770
11.1302,3,770
11.7232,0,771
9.3753,1,771
11.3168,2,771
10.3961,3,771
9.6411,0,772
8.1111,1,772
9.2068,2,772
10.4524,3,772
9.5826,0,773
13.0645,1,773
15.3438,2,773
13.9804,3,773
10.4284,0,774
11.5527,1,774
14.3615,2,774
15.3951,3,774
9.3201,0,775
10.3247,1,775
13.1286,2,775
12.7632,3,775
9.6377,0,776
10.7828,1,776
13.7705,2,776
14.2634,3,776
9.9942,0,777
10.7931,1,777
11.4271,2,777
12.3882,3,777
9.5628,0,778
8.3908,1,778
7.7156,2,778
9.9268,3,778
11.0550,0,779
10.5730,1,779
13.6330,2,779
15.0719,3,779
11.3175,0,780
12.7396,1,780
11.6511,2,780
12.6074,3,780
11.5469,0,781
11.3541,1,781
11.9612,2,781
14.5693,3,781
8.1534,0,782
8.5086,1,782
11.4322,2,782
9.7763,3,782
9.7098,0,783
10.5266,1,783
12.6214,2,783
14.8281,3,783
8.2838,0,784
7.6219,1,784
7.8109,2,784
6.7222,3,784
11.1976,0,785
11.4540,1,785
11.3110,2,785
13.5576,3,785
10.3411,0,786
9.4816,1,786
12.4188,2,786
9.9297,3,786
9.3844,0,787
10.7892,1,787
9.4849,2,787
10.0761,3,787
10.6813,0,788
10.8413,1,788
10.7272,2,788
11.7895,3,788
11.0563,0,789
12.9517,1,789
12.9117,2,789
15.0682,3,789
10.0100,0,790
10.3401,1,790
13.4631,2,790
12.6545,3,790
10.2911,0,791
10.5546,1,791
10.9443,2,791
11.1862,3,791
9.1438,0,792
9.4131,1,792
6.4755,2,792
8.3897,3,792
10.2505,0,793
10.9544,1,793
14.8306,2,793
13.7157,3,793
7.9936,0,794
10.1439,1,794
10.7025,2,794
9.3384,3,794
11.3919,0,795
10.4087,1,795
11.4002,2,795
11.1917,3,795
8.2387,0,796
8.9843,1,796
10.7276,2,796
10.2345,3,796
10.8433,0,797
11.7749,1,797
12.6825,2,797
14.4681,3,797
10.6465,0,798
9.4985,1,798
11.4011,2,798
10.9563,3,798
10.3787,0,799
11.1084,1,799
8.2536,2,799
10.5461,3,799
10.0097,0,800
8.6742,1,800
9.2303,2,800
10.9082,3,800
8.2621,0,801
10.6842,1,801
11.1313,2,801
11.2445,3,801
8.7394,0,802
8.4025,1,802
9.4763,2,802
8.1534,3,802
7.5586,0,803
8.4815,1,803
7.6564,2,803
9.8976,3,803
9.7505,0,804
10.1735,1,804
10.0502,2,804
9.9882,3,804
9.9714,0,805
9.5754,1,805
9.7984,2,805
11.0580,3,805
9.5432,0,806
9.9498,1,806
10.9497,2,806
8.9471,3,806
9.4881,0,807
9.1891,1,807
12.0455,2,807
13.8768,3,807
7.5357,0,808
11.0002,1,808
10.7517,2,808
11.2038,3,808
10.0799,0,809
10.9248,1,809
13.5744,2,809
14.4731,3,809
9.7432,0,810
10.5428,1,810
10.2206,2,810
11.6241,3,810
11.2756,0,811
11.6065,1,811
11.7495,2,811
11.5591,3,811
7.2714,0,812
8.4540,1,812
6.8172,2,812
9.9802,3,812
10.4719,0,813
8.9235,1,813
11.1222,2,813
11.5123,3,813
10.0695,0,814
8.0535,1,814
9.5299,2,814
9.8840,3,814
11.5547,0,815
11.5843,1,815
14.9784,2,815
16.0193,3,815
10.9799,0,816
12.1473,1,816
11.7030,2,816
11.1389,3,816
10.9615,0,817
10.5328,1,817
12.3261,2,817
11.8255,3,817
11.0093,0,818
10.8956,1,818
12.6532,2,818
13.1497,3,818
11.5194,0,819
10.6520,1,819
10.6166,2,819
11.9741,3,819
8.8386,0,820
10.9315,1,820
11.8670,2,820
13.6958,3,820
8.1534,0,821
10.1056,1,821
10.3044,2,821
9.0655,3,821
8.8427,0,822
7.7781,1,822
9.4580,2,822
8.8623,3,822
10.6379,0,823
11.5059,1,823
11.1705,2,823
12.9619,3,823
14.4769,0,824
13.6673,1,824
12.3254,2,824
12.6226,3,824
12.1748,0,825
9.3231,1,825
13.3284,2,825
13.4733,3,825
5.9536,0,826
8.2573,1,826
8.9388,2,826
8.5880,3,826
11.9828,0,827
12.7226,1,827
12.1540,2,827
12.1431,3,827
8.0878,0,828
8.2686,1,828
10.6777,2,828
10.4224,3,828
11.8330,0,829
11.3541,1,829
12.8742,2,829
15.4848,3,829
10.9308,0,830
9.3423,1,830
10.1621,2,830
9.5191,3,830
10.4209,0,831
10.3752,1,831
13.6343,2,831
14.4033,3,831
9.1505,0,832
11.8846,1,832
10.9484,2,832
14.3335,3,832
9.0517,0,833
10.5653,1,833
11.9438,2,833
13.5283,3,833
8.6278,0,834
8.6509,1,834
10.5564,2,834
10.3089,3,834
10.4265,0,835
12.6879,1,835
14.2741,2,835
12.5333,3,835
9.4473,0,836
11.9288,1,836
11.1145,2,836
12.1534,3,836
8.7944,0,837
9.9730,1,837
9.6457,2,837
11.5438,3,837
7.0722,0,838
9.5573,1,838
5.9277,2,838
7.9789,3,838
10.2101,0,839
10.3242,1,839
12.8816,2,839
13.2160,3,839
10.8223,0,840
13.7734,1,840
11.3647,2,840
11.8387,3,840
10.6043,0,841
9.7763,1,841
10.9785,2,841
12.9982,3,841
11.0937,0,842
11.8620,1,842
10.4930,2,842
12.6276,3,842
11.4602,0,843
11.3606,1,843
11.2563,2,843
14.0175,3,843
10.5126,0,844
9.8218,1,844
8.0368,2,844
8.7148,3,844
10.8134,0,845
10.2032,1,845
12.8865,2,845
10.0104,3,845
8.8582,0,846
10.7350,1,846
12.7277,2,846
14.8518,3,846
10.2043,0,847
11.2032,1,847
13.1700,2,847
15.3341,3,847
9.5093,0,848
11.3334,1,848
13.1844,2,848
14.1478,3,848
9.3587,0,849
10.7056,1,849
11.4694,2,849
11.8719,3,849
12.1874,0,850
11.7133,1,850
9.7640,2,850
12.5993,3,850
8.7787,0,851
10.0230,1,851
12.0665,2,851
12.3199,3,851
6.9264,0,852
9.5442,1,852
10.4265,2,852
9.3635,3,852
11.4054,0,853
9.8553,1,853
9.9282,2,853
10.3735,3,853
8.6661,0,854
6.7190,1,854
8.9960,2,854
9.1312,3,854
8.7380,0,855
10.5817,1,855
9.3177,2,855
11.6173,3,855
12.2859,0,856
9.9443,1,856
11.6349,2,856
11.6168,3,856
9.0548,0,857
11.3508,1,857
10.2006,2,857
9.4902,3,857
10.9587,0,858
11.1383,1,858
10.8133,2,858
10.6635,3,858
9.2849,0,859
10.8415,1,859
12.4350,2,859
10.8362,3,859
9.5192,0,860
10.4476,1,860
10.4615,2,860
11.6229,3,860
10.9989,0,861
11.2688,1,861
13.3980,2,861
12.1454,3,861
9.8078,0,862
8.9508,1,862
7.7365,2,862
8.8730,3,862
9.2212,0,863
11.6200,1,863
11.1014,2,863
9.9957,3,863
10.5544,0,864
11.5332,1,864
11.7566,2,864
11.7226,3,864
11.1607,0,865
11.2436,1,865
12.4324,2,865
14.9895,3,865
10.0988,0,866
11.7001,1,866
10.5410,2,866
10.3367,3,866
10.0455,0,867
13.3093,1,867
14.3977,2,867
15.5081,3,867
10.3281,0,868
11.2175,1,868
13.2166,2,868
14.3688,3,868
9.3989,0,869
10.6407,1,869
10.0466,2,869
12.0865,3,869
8.9128,0,870
10.4915,1,870
9.5427,2,870
9.7039,3,870
10.0969,0,871
9.7807,1,871
9.9360,2,871
11.0660,3,871
9.3506,0,872
11.6678,1,872
8.5213,2,872
9.6688,3,872
8.6198,0,873
7.4199,1,873
10.6354,2,873
8.7002,3,873
10.5325,0,874
11.8200,1,874
10.5806,2,874
13.4040,3,874
11.5686,0,875
10.2364,1,875
10.5055,2,875
9.9211,3,875
11.4007,0,876
12.4162,1,876
13.1259,2,876
12.3210,3,876
10.7445,0,877
9.7126,1,877
11.5911,2,877
11.0580,3,877
9.5097,0,878
11.2293,1,878
13.8804,2,878
9.9133,3,878
10.2499,0,879
11.4047,1,879
11.1116,2,879
13.8980,3,879
11.2643,0,880
9.3147,1,880
9.7283,2,880
10.0515,3,880
10.9038,0,881
11.3505,1,881
10.2911,2,881
12.4390,3,881
9.7390,0,882
9.3623,1,882
9.7531,2,882
13.5067,3,882
7.8147,0,883
9.9992,1,883
11.1162,2,883
10.4347,3,883
12.1984,0,884
11.6816,1,884
14.6707,2,884
15.0180,3,884
9.6021,0,885
8.6745,1,885
8.7202,2,885
6.8021,3,885
12.9889,0,886
12.6808,1,886
11.4494,2,886
12.4803,3,886
12.2189,0,887
10.6885,1,887
13.1789,2,887
14.8550,3,887
12.3548,0,888
12.2804,1,888
12.6218,2,888
15.7160,3,888
9.1766,0,889
11.6275,1,889
8.9197,2,889
10.5276,3,889
8.9624,0,890
10.3284,1,890
13.2139,2,890
9.8418,3,890
8.5776,0,891
8.8767,1,891
11.7852,2,891
11.8137,3,891
10.7848,0,892
10.6927,1,892
11.5847,2,892
11.5287,3,892
13.0020,0,893
11.1236,1,893
11.6975,2,893
11.6313,3,893
9.5929,0,894
11.4207,1,894
12.0952,2,894
10.2537,3,894
10.4653,0,895
9.8925,1,895
9.7550,2,895
11.2545,3,895
8.0565,0,896
8.1679,1,896
9.3355,2,896
8.2115,3,896
10.7583,0,897
11.4659,1,897
12.2664,2,897
10.2954,3,897
11.7501,0,898
12.3754,1,898
12.6083,2,898
13.0476,3,898
10.6695,0,899
11.7207,1,899
11.5821,2,899
10.5588,3,899
10.1729,0,900
11.2452,1,900
9.0023,2,900
7.1727,3,900
9.3265,0,901
8.9554,1,901
6.5168,2,901
8.4917,3,901
11.5972,0,902
10.2336,1,902
9.7664,2,902
10.9943,3,902
8.5009,0,903
10.7974,1,903
11.2273,2,903
11.9262,3,903
9.6761,0,904
11.5902,1,904
13.2615,2,904
14.0003,3,904
5.3745,0,905
8.5976,1,905
7.9233,2,905
8.2461,3,905
10.0610,0,906
9.8131,1,906
11.1422,2,906
12.5457,3,906
10.7715,0,907
11.9407,1,907
11.5942,2,907
13.2421,3,907
11.1262,0,908
10.5283,1,908
9.8992,2,908
10.9750,3,908
10.2041,0,909
11.2614,1,909
9.0062,2,909
10.8114,3,909
11.9956,0,910
10.0245,1,910
12.0788,2,910
12.7025,3,910
9.8983,0,911
9.0125,1,911
12.1289,2,911
13.3246,3,911
8.5869,0,912
8.5975,1,912
6.7330,2,912
6.9496,3,912
11.8393,0,913
8.5626,1,913
12.6705,2,913
12.4862,3,913
8.3031,0,914
9.1735,1,914
10.9156,2,914
12.3275,3,914
9.8991,0,915
9.8143,1,915
10.7368,2,915
12.5480,3,915
8.9001,0,916
10.1085,1,916
10.8923,2,916
12.0918,3,916
11.4851,0,917
9.1992,1,917
10.3239,2,917
9.6197,3,917
6.2383,0,918
8.2524,1,918
10.0705,2,918
12.1796,3,918
11.5704,0,919
10.2422,1,919
8.6741,2,919
10.9610,3,919
9.8231,0,920
10.3969,1,920
13.0846,2,920
13.6096,3,920
8.2722,0,921
9.8135,1,921
8.5549,2,921
12.2865,3,921
11.5715,0,922
11.3216,1,922
9.2181,2,922
11.0614,3,922
9.3371,0,923
13.1007,1,923
12.3596,2,923
13.4544,3,923
10.0827,0,924
9.0462,1,924
9.4790,2,924
10.0655,3,924
8.2835,0,925
7.0717,1,925
7.5629,2,925
10.5202,3,925
9.1032,0,926
9.5587,1,926
12.5717,2,926
12.4925,3,926
11.8410,0,927
10.8397,1,927
10.5814,2,927
13.4226,3,927
10.4723,0,928
8.7177,1,928
10.5992,2,928
10.9153,3,928
12.3866,0,929
11.2951,1,929
12.2627,2,929
14.3030,3,929
6.5175,0,930
9.1212,1,930
8.7436,2,930
8.9354,3,930
10.5968,0,931
10.1582,1,931
13.4360,2,931
13.1939,3,931
7.0585,0,932
10.6858,1,932
8.9854,2,932
9.0223,3,932
6.8023,0,933
9.1908,1,933
10.2314,2,933
9.1118,3,933
8.9812,0,934
10.6338,1,934
11.7520,2,934
9.8608,3,934
10.9632,0,935
15.5638,1,935
13.5839,2,935
16.4897,3,935
8.3609,0,936
10.7351,1,936
10.8612,2,936
8.2810,3,936
8.7766,0,937
7.9345,1,937
7.3939,2,937
8.8147,3,937
7.7023,0,938
7.9584,1,938
9.2817,2,938
8.6466,3,938
9.7426,0,939
10.9565,1,939
10.9555,2,939
10.7382,3,939
8.3139,0,940
9.0030,1,940
8.5311,2,940
8.6456,3,940
10.3053,0,941
9.7491,1,941
9.4955,2,941
9.0895,3,941
8.4022,0,942
8.4789,1,942
10.1474,2,942
10.5315,3,942
9.4891,0,943
10.8602,1,943
10.7282,2,943
11.1055,3,943
10.3301,0,944
11.7212,1,944
14.3246,2,944
14.1105,3,944
9.9889,0,945
11.8669,1,945
14.3299,2,945
14.9572,3,945
9.1883,0,946
9.6033,1,946
10.0908,2,946
6.9575,3,946
10.6722,0,947
10.3466,1,947
10.9959,2,947
11.9287,3,947
10.3581,0,948
11.5642,1,948
12.3528,2,948
11.3885,3,948
9.2068,0,949
8.2690,1,949
8.5236,2,949
9.7433,3,949
10.0047,0,950
9.7977,1,950
13.0193,2,950
12.9448,3,950
9.9126,0,951
9.7318,1,951
8.6463,2,951
9.3812,3,951
10.9414,0,952
13.7526,1,952
15.2744,2,952
15.8277,3,952
9.7594,0,953
8.1507,1,953
9.3638,2,953
8.3107,3,953
10.9541,0,954
12.8584,1,954
13.5116,2,954
13.1243,3,954
7.1865,0,955
10.9629,1,955
11.6173,2,955
12.7172,3,955
10.9423,0,956
12.6811,1,956
10.5405,2,956
12.9109,3,956
8.9153,0,957
10.6940,1,957
13.5371,2,957
14.7167,3,957
10.4044,0,958
9.0238,1,958
11.1172,2,958
14.1969,3,958
8.0962,0,959
11.2305,1,959
11.8274,2,959
9.8044,3,959
8.0277,0,960
9.1909,1,960
10.6032,2,960
12.7371,3,960
10.3744,0,961
11.9434,1,961
10.9364,2,961
9.5021,3,961
11.9891,0,962
11.5924,1,962
14.2475,2,962
13.7934,3,962
10.0215,0,963
10.2424,1,963
11.9501,2,963
12.2553,3,963
12.3199,0,964
14.4494,1,964
14.6499,2,964
14.5890,3,964
13.4069,0,965
12.7356,1,965
13.9679,2,965
14.1385,3,965
7.6166,0,966
10.2432,1,966
11.5094,2,966
11.1463,3,966
10.9272,0,967
10.0473,1,967
10.4931,2,967
10.4239,3,967
12.4735,0,968
9.4277,1,968
12.0407,2,968
11.6602,3,968
10.3655,0,969
11.3187,1,969
11.2803,2,969
11.7105,3,969
9.9737,0,970
9.3084,1,970
8.0233,2,970
8.5317,3,970
7.8721,0,971
10.1641,1,971
9.2997,2,971
10.5537,3,971
11.6395,0,972
11.3262,1,972
10.0390,2,972
9.6507,3,972
10.3907,0,973
10.1480,1,973
11.6518,2,973
10.6154,3,973
8.1031,0,974
9.8489,1,974
9.8832,2,974
9.6458,3,974
9.8614,0,975
11.4245,1,975
11.1411,2,975
13.8535,3,975
10.6156,0,976
9.3803,1,976
10.6912,2,976
10.1424,3,976
7.6113,0,977
5.6980,1,977
6.7245,2,977
6.8195,3,977
9.7103,0,978
9.1769,1,978
10.6022,2,978
9.4701,3,978
8.4145,0,979
8.6731,1,979
9.0031,2,979
7.1668,3,979
8.1631,0,980
8.6195,1,980
11.9250,2,980
11.7901,3,980
9.7726,0,981
8.3845,1,981
11.9784,2,981
10.3910,3,981
6.9302,0,982
8.1780,1,982
9.8279,2,982
9.8496,3,982
11.1710,0,983
12.1376,1,983
13.0552,2,983
14.3688,3,983
10.5115,0,984
11.2199,1,984
13.1301,2,984
11.2680,3,984
9.1796,0,985
12.8395,1,985
12.1546,2,985
15.5488,3,985
11.8493,0,986
12.9377,1,986
13.7199,2,986
15.4008,3,986
10.2073,0,987
10.0026,1,987
11.5371,2,987
11.5528,3,987
9.4601,0,988
9.7363,1,988
9.5274,2,988
10.4498,3,988
8.2553,0,989
10.6364,1,989
10.0209,2,989
5.7573,3,989
9.8902,0,990
10.5574,1,990
10.3575,2,990
10.0560,3,990
13.0334,0,991
13.4592,1,991
14.5905,2,991
17.0883,3,991
9.7635,0,992
10.3033,1,992
9.3305,2,992
9.3554,3,992
10.4010,0,993
11.7816,1,993
12.1493,2,993
14.0681,3,993
11.4983,0,994
10.3604,1,994
11.9619,2,994
11.0838,3,994
12.1778,0,995
10.8141,1,995
13.2631,2,995
13.1326,3,995
10.6218,0,996
11.4399,1,996
12.1401,2,996
11.8614,3,996
10.5449,0,997
11.7283,1,997
12.9858,2,997
18.0775,3,997
8.5859,0,998
10.3302,1,998
9.1607,2,998
8.6390,3,998
8.9870,0,999
8.4930,1,999
7.2133,2,999
8.9533,3,999
8.6337,0,1000
8.3851,1,1000
10.6425,2,1000
9.8998,3,1000
