y1_1,y1_2,y1_3,y1_4,y1_5,y2_1,y2_2,y2_3,y2_4,y2_5
-0.9778,-1.0869,-2.4046,-3.1136,-2.0451,0.4384,-1.0742,0.6743,0.5295,-0.6072
1.8446,0.5077,-0.5318,0.9570,2.5456,2.3095,0.6967,1.1519,0.7419,0.7596
-0.3571,-0.8465,-0.7578,-0.5603,-0.1290,-1.2079,-0.2388,-1.2573,-1.1058,-1.1163
0.2860,-1.5731,-1.2934,-0.7389,0.0634,2.1398,1.5254,1.4215,1.4562,1.8300
0.7315,1.1641,0.3047,-0.1127,-0.1548,1.2467,1.4413,1.7461,0.8677,0.7472
-0.3545,0.2671,-0.1003,0.5436,0.3040,-1.0788,-0.5768,0.5417,-1.0172,-0.1031
2.6922,1.1480,1.6153,0.9016,1.7704,0.0437,0.8834,0.4956,0.6914,0.5395
-0.5189,-1.0795,-0.4067,-0.2968,-1.0906,0.3290,-0.7147,0.3591,-0.0507,0.0334
0.4620,-1.0100,0.5731,0.3882,-1.3319,2.0148,2.0753,1.8609,2.0116,1.6369
0.8968,0.9061,-0.0047,0.5267,1.1643,-1.1223,0.0181,-0.2406,-0.9514,-0.1116
-1.8757,-2.1237,-2.6103,-1.3575,-2.0547,-0.9993,-1.8446,-0.7989,-1.8658,-0.2051
-1.4379,-1.2607,-0.4081,-1.0362,-0.2337,-0.2451,-0.9595,-1.4961,-0.7500,-0.8824
-0.7179,-1.5850,-0.6666,-0.7907,-1.3470,0.1085,0.5862,0.3784,-0.1584,-0.5485
0.9454,0.4304,1.5447,0.4441,0.0584,-0.4476,-0.3122,0.6137,0.1155,-0.0566
-1.2574,-1.1737,-0.8638,-1.3480,-1.1033,-0.1091,-0.1719,-0.6541,-2.0403,-0.7626
-0.8960,0.8407,0.1141,-0.2187,-0.7078,-0.5945,-0.1766,-0.1968,-0.8098,-0.2094
0.2426,0.8291,-0.2949,1.0691,-0.1581,0.3308,0.8211,0.1890,-0.2460,0.0169
-0.9628,-0.8861,-0.5115,-1.0814,-0.9945,-1.7253,-0.8048,-1.9215,-2.5013,-2.1690
1.5363,0.3635,1.4206,-0.4700,1.0576,-0.0859,0.2881,1.1207,0.2606,0.3272
1.5979,1.4201,0.9717,0.3510,2.2461,0.2640,-0.7697,-0.6336,-0.1316,-0.5416
0.4715,0.3743,2.2351,0.0762,1.6217,0.6308,0.8332,0.6431,0.4223,-0.0568
0.0966,-1.6243,-0.5486,0.2044,-1.3094,-0.8837,-0.8278,-0.2304,-0.6720,-0.5317
0.6361,0.7025,-1.1738,0.4268,0.4854,0.3786,0.0564,0.2704,0.0420,0.3037
-0.2513,0.7946,0.7683,0.4102,0.3710,-1.6188,-0.3358,0.2534,-1.2702,-1.0716
-1.7458,-1.3905,-1.6369,-1.1563,-1.9978,0.9735,0.7400,0.8253,0.6497,1.0439
-0.8147,-0.6028,-0.0191,-1.0639,-0.5410,-1.1892,-1.3540,-1.0549,-0.3742,-0.7533
-1.5425,-0.9867,0.2333,-1.1535,-1.3168,-1.0676,-0.8281,-0.5188,-0.7729,-0.7557
-0.8906,-0.1004,-1.1875,-0.8226,0.4768,-0.2317,-0.7338,-0.5202,-0.0892,0.3939
0.1422,1.2533,1.8354,2.0499,0.8806,1.9313,2.3165,1.2119,2.2422,2.7631
0.8742,1.1261,0.1188,0.8591,0.4387,1.1833,1.0293,0.9037,1.4139,0.3870
0.3402,-0.0982,0.0956,-1.0016,-0.9135,0.4434,0.3366,0.6289,-0.1609,0.0984
1.8775,2.9853,1.1815,1.8961,2.4284,1.3739,1.1850,1.0579,0.5925,1.5279
0.1885,-1.0769,-0.3732,0.1550,-0.0669,-1.6170,-0.3493,-1.7498,-1.9751,-0.6033
0.3704,0.9874,0.6146,0.7240,1.4210,-1.5920,-0.8841,-0.4305,-1.1898,-0.8019
0.8228,0.1561,-1.7582,-1.3310,-0.3767,1.3834,0.8566,0.8500,0.4874,-0.3082
0.7526,1.4573,-0.0687,1.1824,0.0791,-1.5586,-2.1543,-1.6657,-1.6858,-1.1576
0.5021,0.5806,0.6950,1.1441,1.2422,-1.0874,-0.1000,-0.7124,-0.6673,-0.7380
-0.1610,-1.5532,-1.1712,-2.2497,-1.7119,-0.0660,0.8040,0.0403,-0.4301,0.1210
1.6977,2.1856,1.5246,2.4897,3.3339,0.8965,1.1441,1.0142,0.4536,0.5355
-1.6260,-1.1330,-0.4523,-0.6608,-1.4382,1.1135,0.8164,0.3665,0.4969,-0.5283
-0.5034,-0.0050,0.0982,-0.8314,-0.6792,0.5631,0.6939,0.2233,0.9895,-0.5171
0.0834,1.1445,1.5628,0.7246,1.2618,1.0393,0.0931,0.5770,-0.5157,0.5798
0.4082,-0.9865,0.1127,-0.0594,0.7091,-3.0642,-1.8678,-2.5324,-2.9815,-2.1092
1.4699,1.0053,-1.0098,0.0376,-0.1985,-1.8007,-2.2196,-1.3310,-2.5017,-1.2460
0.9313,0.5768,0.6331,0.5838,0.3854,0.3174,-1.0282,-0.7327,-0.1711,-1.7208
0.3991,-1.1606,-0.7244,-0.4017,-0.9144,-0.0201,1.1866,0.7309,0.3215,1.3262
-0.3365,1.4987,2.3032,0.4010,0.0256,-1.3766,-0.9876,-2.0531,-0.9858,-1.5405
-0.7697,-1.2151,-0.6260,-0.8927,-1.5523,-1.8265,-0.8683,-1.6117,-1.4492,-0.7921
-0.9697,-0.7634,-1.1661,-0.8659,-0.6682,-1.2598,-1.7939,-0.3326,-1.3521,-0.9970
1.9743,1.6370,1.1862,1.3871,0.3252,1.7626,3.4279,3.3954,3.0704,2.1087
-0.1409,-0.6342,-0.7111,-1.0831,-0.8609,-0.8913,0.1716,-0.7857,-0.3282,-0.7098
0.5843,-1.3811,-0.3881,-0.0536,0.3066,0.7179,0.6892,-0.2605,1.4240,1.0000
-1.0127,1.3911,0.3950,-0.5957,-0.4576,0.6787,1.3818,0.7726,1.1108,1.0297
0.1668,-0.5780,0.8596,-0.5776,-1.6113,-1.2771,-0.2575,-1.9406,-1.4862,-0.0214
1.4733,0.4229,0.4545,0.0334,0.2507,-0.8963,-0.2737,-0.2042,-0.4839,-0.3267
-0.0015,0.8047,0.9348,0.9746,0.7845,-1.1867,-0.5481,-1.3949,-0.1289,-0.8899
-0.6001,0.1477,0.3862,0.7546,-0.0279,-0.0905,-0.8911,-0.0090,0.2315,-0.5719
1.1323,1.5916,0.6112,0.7559,1.0884,0.0987,0.6926,1.4632,0.5352,0.1822
0.7268,-0.2005,-0.3300,-0.6911,-0.1187,-1.4203,0.4081,-1.1062,-0.2428,-0.1125
0.9628,0.4886,1.2661,1.4849,0.6420,-0.8724,-0.5371,-0.4236,-1.0019,0.5885
0.3552,-0.1484,-0.0520,0.3738,-0.4682,0.0385,-0.2928,-0.7541,-0.7430,-0.6410
1.4742,0.2854,0.6352,0.3775,0.0384,0.2536,0.1822,-0.1452,0.2299,0.7749
0.2415,-0.5216,-1.1094,-0.1302,-1.9162,0.8124,1.6482,0.1062,1.0613,0.9273
1.2209,1.5667,1.3886,0.7833,1.2894,0.6891,-0.2747,-0.1058,0.4152,0.3519
-0.4366,-1.3046,-2.5066,-0.9374,-2.1310,-0.0457,0.6686,-0.1449,0.0107,-1.0974
1.2422,0.0811,0.4363,1.2971,0.5163,0.0757,-0.7686,-0.6250,-0.7237,-0.4382
-0.5412,-0.2277,-0.5048,0.0427,-0.2610,-0.7489,-0.5359,-0.5303,-0.7220,-1.4080
-0.2688,-0.5756,-1.2928,0.0718,0.4916,-1.5917,-1.6700,-1.9238,-1.9233,-0.7517
-0.8917,0.5712,-1.4030,0.1296,-0.8733,2.0005,-0.0022,0.7233,1.7831,0.9821
-0.3414,0.7998,-0.5217,-1.1509,0.2058,-0.3901,-0.3935,-0.4188,-0.8296,-1.4170
0.1743,-0.0283,0.7805,-0.4381,-0.7015,-1.0232,-0.6173,-1.4010,-0.6405,-0.2208
2.2718,1.3137,-0.1186,0.7211,1.8766,1.0923,1.1922,1.8818,0.4787,1.0189
-1.2948,-0.9701,-2.0214,-2.2904,-2.6009,-1.4685,-2.0153,-1.7501,-1.9042,-0.9838
0.5005,1.2864,0.8469,1.1965,1.3048,-0.5819,-0.2371,-0.2328,0.4302,0.0948
-0.4644,-0.6774,0.0616,-1.5294,-1.1187,-1.5830,-1.7515,-2.3561,-1.9669,-1.7948
-1.3384,-1.4219,-1.0692,-0.4360,-0.1257,-0.4118,-0.5242,-0.8489,-1.5835,-1.4361
0.9775,0.8052,1.2811,0.4171,-0.1737,-0.7628,-2.0175,-1.6435,-1.0413,-1.2263
-1.0738,-1.6104,-1.3143,-1.7736,-0.9282,-0.0340,0.4424,-1.0462,-0.0235,-0.3076
-0.1941,0.4217,-1.2174,-0.2482,-0.8621,-1.9219,-1.7806,-0.4130,-0.6431,-1.3854
0.5976,0.5387,-1.1627,1.6328,0.5600,-0.0043,0.7926,0.5136,-0.4686,0.5334
-1.1030,-1.1427,-2.3339,-1.3568,-0.9590,-0.2612,-0.0373,-0.4121,0.0386,-0.3187
0.4380,1.1698,-0.1844,0.3431,0.6903,0.7080,0.3857,-0.0790,0.7851,0.6469
0.6014,0.1634,0.5701,1.2974,1.0206,-0.9746,-0.8036,-0.3326,-0.6324,-0.0137
0.7243,2.1977,1.6322,0.3080,0.9067,2.9772,3.6072,2.3776,3.2443,2.6689
0.0473,-0.4430,1.1578,-0.4493,-0.8560,0.4548,-0.1642,0.2382,-0.4740,0.3317
-0.2422,0.9473,0.3768,0.0586,0.1922,0.8719,0.6963,0.7660,0.5321,0.2903
-0.1866,-0.5115,-0.6590,-1.1391,-0.8417,-1.4512,-0.3806,-1.1471,-1.5636,-1.0872
-1.0493,-0.0452,-0.2097,0.2058,-0.8667,0.4329,0.6333,0.4241,0.7991,0.4671
1.5189,2.2211,1.2155,1.6525,0.4472,-1.4514,-0.3371,-1.1831,-1.7063,-1.0778
2.0155,1.9395,1.3882,1.7294,3.0659,-0.5334,0.1431,1.0421,1.4784,-1.0616
0.1000,-0.7463,0.4521,-0.3891,-0.5082,0.5668,-0.4137,-0.6522,0.8221,0.1594
-0.7909,-1.0342,-0.5031,-0.7770,-1.1152,-0.0854,-0.3068,-1.5208,-1.5362,-1.3696
0.1661,-0.1041,0.7396,0.6003,-0.5350,-1.3259,-1.9434,-0.7263,-1.6739,-0.9804
-1.3131,-2.2156,-0.9638,-0.8916,-2.4017,-2.0107,-1.7729,-1.9891,-2.1707,-1.6765
-0.2647,-0.9732,-0.6532,1.3164,0.1865,0.3988,0.0253,-0.7205,0.5039,-0.6298
-1.5388,-1.6258,-1.5713,-0.5277,-1.0243,-2.7272,-3.0812,-3.6146,-2.2592,-3.4604
-0.3048,0.4569,-0.4919,1.0752,-0.3762,-1.1689,-0.2440,-2.1485,-1.4351,-1.8729
1.5362,0.6967,0.8267,0.3599,0.1825,1.5555,1.0919,1.2165,1.6593,1.0349
0.1408,0.4616,0.9225,0.7157,1.9116,-0.7155,-1.0244,-1.4698,-0.7648,0.4478
-1.0444,-1.3524,-1.7601,-2.8366,-2.4457,-0.7716,0.6773,-0.3554,-0.8116,-0.1284
0.8729,2.4646,1.5414,2.0496,0.9085,0.7898,0.8395,0.4297,-0.2460,0.4955
1.4683,2.9897,1.6493,1.3006,1.2786,1.1577,1.1019,0.9033,2.1873,0.8979
1.0716,1.2301,1.7873,2.6426,1.5099,-0.6815,-0.0022,-0.0753,-0.5922,-0.8167
-0.4087,-0.6343,-0.2165,1.2669,0.2932,-0.3028,-0.3441,-0.1159,-0.4707,-0.4078
-0.7137,-0.9028,-0.7619,0.0247,-0.8412,-0.3901,-0.1855,-0.4015,0.5775,0.0047
1.2610,1.6479,0.2749,1.6963,1.5439,1.2236,1.3386,2.0065,1.2378,1.8392
0.8759,-0.0102,0.1025,-0.4549,0.9167,-0.6941,-0.8084,0.1187,-0.2958,-1.0351
-0.2782,1.2207,0.7041,-1.0504,-0.0074,0.3314,1.0352,0.4694,0.9136,0.0626
-0.4748,-1.9583,-0.2940,-0.7934,-0.5849,-0.7656,-1.0130,-0.5386,-1.2906,-1.0236
1.6457,-0.5435,0.8453,0.6515,-0.1980,0.1950,0.4376,0.3284,0.6505,0.5977
-0.5936,0.5368,-0.3873,0.2592,0.3370,0.0315,-0.4824,0.0833,-0.8534,0.2007
2.1126,1.5836,1.5294,1.5576,2.0559,-0.7263,1.1242,0.0120,0.5106,0.0043
2.3012,1.6083,1.3022,1.4152,2.2009,0.5547,1.4366,1.1454,0.6013,1.0893
1.1239,1.4162,2.4648,0.6451,1.6602,-1.1446,-0.1724,-0.1952,-0.5553,-0.4961
0.0308,-2.1731,0.4163,-0.8484,-0.5778,-0.3513,-1.3397,-1.3966,-1.0716,-0.9664
-1.1877,-1.2672,-2.4326,-1.3501,-2.6680,0.3838,0.0780,0.2654,-0.4193,-1.0268
0.8360,0.1737,-0.4627,0.6382,0.3308,-1.2173,-0.2736,-1.0683,-1.0772,-0.8248
0.4949,0.7605,1.0571,0.6864,0.3128,1.1053,0.3738,1.1711,0.0265,0.0966
-2.1573,-1.7819,-1.5415,-1.5869,-1.2141,-0.6538,-1.3324,-1.4948,-1.3926,-1.8936
0.1915,-1.2551,-0.3956,0.6834,-0.1114,0.7255,1.9569,1.4726,1.7015,1.6637
-1.4118,-0.3767,-1.4830,-1.0479,-1.0108,0.8235,1.2697,0.2150,-0.1511,-0.1672
2.1200,2.6007,2.0804,1.3100,2.3710,-1.7301,-0.8444,-0.5890,-1.1674,-1.4344
0.4023,0.1582,0.1810,0.3634,0.2231,0.4352,1.2856,0.5025,0.9629,0.8607
0.6676,-0.5095,0.3141,0.9191,1.3347,-1.6481,-1.0891,-0.7889,-1.1713,-1.0974
-0.2894,-1.2636,-1.2041,-0.3954,-0.4600,-0.1222,0.1012,-0.5570,-0.4699,-0.7827
-1.9242,-1.4192,0.0009,-0.6385,-1.5584,-1.0942,-1.2408,-1.6979,-0.7072,-0.9273
0.3142,1.5617,0.3655,0.5484,0.6971,2.2183,2.4759,1.8159,1.8197,1.6996
-1.8604,-0.2651,-1.5976,-1.9381,-0.1084,-1.0195,-0.3628,-0.8647,-0.1322,-1.2451
-0.7135,0.1500,-0.1043,0.4591,0.5598,1.4962,0.6260,1.8018,2.3314,1.3910
0.5605,0.9559,0.4529,2.0537,0.8294,-0.7299,-0.7126,-0.4814,-0.9383,-0.8273
1.3558,0.6853,1.1940,1.8778,0.9974,0.7383,-0.1896,0.4616,-0.1021,0.9514
1.3694,0.1960,0.1844,0.3887,1.5260,-0.5254,-0.7120,-0.9777,-1.3790,-0.9372
2.5137,1.1365,1.8473,1.1620,2.8692,2.1592,2.5683,1.5253,1.0933,1.6160
0.8257,0.1654,-1.2695,-0.5374,0.4658,0.5220,1.1117,0.4260,-0.0708,0.7227
-1.9145,-1.1240,-3.4496,-2.4527,-2.5516,-1.2487,-2.0126,-1.6626,-1.6241,-1.7335
1.0403,1.5203,2.5276,1.3472,2.7074,1.4223,0.3377,1.2472,1.1546,2.1597
0.4691,0.5629,1.4481,1.3140,0.1673,1.0416,0.8852,1.6304,0.8059,0.2762
1.1919,2.4527,0.4232,1.8916,0.6732,2.3802,1.6642,2.5486,2.0768,1.5021
-0.1901,-0.4775,0.1950,0.2723,-0.8678,-0.3051,0.1102,-1.6923,-1.7483,-1.1514
-1.6502,-1.5895,-0.6216,-1.2602,-2.5584,-0.8657,0.0037,-1.3661,-1.2017,-0.7103
1.0649,1.1946,0.9756,1.1250,-0.3287,0.5371,0.3029,-0.3108,0.4255,0.2740
-0.3182,0.9426,0.6926,-0.9543,-0.5670,-2.4313,-1.3839,-1.8435,-1.6540,-1.3566
0.6082,0.4653,0.7446,-0.3249,0.2129,-0.0251,-0.4870,-1.0820,-0.5574,-1.4383
-1.9065,-0.6441,-1.6566,-2.0114,0.8841,0.5403,1.2211,0.9049,0.7930,0.2080
-0.6059,-2.2073,-1.9024,-1.1696,-2.7907,0.8968,0.1680,0.5229,0.5458,0.2667
1.2133,0.5074,1.8772,0.8170,1.0762,1.6293,1.3448,0.9180,1.5701,1.2751
2.5371,2.9982,0.2193,2.3998,1.7842,0.1634,0.5520,0.1770,0.9759,0.8640
0.5731,1.6520,1.9553,1.2308,1.0340,0.8546,0.1774,0.4160,0.9351,0.4988
-0.3220,1.1964,1.6251,-0.0083,1.4010,1.4278,2.1971,2.4823,1.5325,1.1459
-0.3252,0.4249,0.9871,0.0028,-0.1466,0.8147,0.6192,1.2993,0.0918,0.2669
-3.4936,-2.8122,-3.1190,-2.4039,-3.6143,-0.3642,-0.0698,-0.1692,0.5670,0.8850
1.7165,2.6087,3.4662,1.9651,2.8813,0.5987,0.5627,0.6670,1.1940,0.3411
-0.0616,-0.1371,0.0472,-0.3105,-0.6796,0.8108,1.3246,0.6314,1.0475,1.9982
-0.0260,0.2307,-0.2158,-0.7451,-0.2884,-0.1599,0.3479,0.4242,0.2444,-0.7110
-1.4691,-0.6895,-0.7233,-2.4885,-1.1799,-1.1717,-0.2381,-0.5893,-0.9699,-1.2224
-0.9864,-0.6444,-0.4414,-1.9891,1.4496,0.2248,-0.8508,0.1101,-0.4832,0.0730
-0.2423,-1.8596,-2.1126,-1.5596,-0.7983,-0.9924,-1.1614,-1.3194,-0.6906,-0.7393
-0.1668,0.0056,0.6382,0.7441,-0.2205,-0.8216,-0.5699,-0.8405,-1.5883,-0.5309
2.8213,3.0232,1.5969,1.4194,1.3944,1.9949,2.8292,1.7512,1.9822,2.6630
0.5184,-0.3356,-1.4326,-0.4059,-0.5725,-1.4871,-0.6651,-1.3006,-0.6191,-0.6684
-0.0252,0.9284,0.3640,0.2278,-0.6392,0.3802,0.5111,0.4662,-0.2068,0.0734
0.8083,1.6976,0.5415,0.6682,0.6077,0.7757,1.0565,1.3263,1.2947,0.4562
-0.0579,0.7707,1.0419,1.0603,-0.8546,0.2717,0.3601,0.2338,1.3800,0.6717
0.6793,0.5303,0.4954,1.2952,0.0876,0.6302,0.2649,-0.0672,1.0011,1.3590
0.6610,1.2612,1.6607,1.8475,1.3729,-0.1009,0.7262,0.1249,0.4776,0.4505
0.5128,-0.2626,-0.0168,-0.2327,-1.0402,-1.2360,-0.7658,0.4263,-0.7302,-1.7928
-1.3992,-0.9109,-1.9729,-1.3519,-0.3766,0.6812,0.6514,0.7842,1.1695,1.5984
-2.7006,-1.5168,-2.8151,-0.5116,-2.1024,-1.5004,-0.5935,-1.5326,-0.8597,-0.9027
-0.2674,1.5712,0.8817,-0.4074,1.0687,-1.0488,0.0604,0.2323,0.4216,-0.5378
0.4002,0.9904,0.4053,0.6691,0.6566,0.0144,0.8830,1.3622,0.4136,-0.1860
1.5906,1.4760,2.1897,2.3357,1.6505,0.9415,1.7312,2.1315,2.0723,1.2652
-0.8596,-0.9951,-1.0508,-0.2651,0.2952,-1.3035,-0.9457,-0.2933,-1.0582,-1.9455
1.0072,0.8557,1.9900,0.8312,1.2878,-0.8675,-0.7362,-1.0857,-1.8968,-0.7864
2.1159,1.6984,0.3641,0.9759,1.2624,-0.5824,1.0858,0.2124,-0.2072,-0.2649
-1.1203,-1.7045,-0.2309,-1.0309,0.8905,-1.4573,-2.2264,-1.9791,-1.8934,-2.3099
1.4784,0.9987,-0.1609,1.0328,-1.0074,1.3040,1.0989,0.8111,1.9674,0.8961
1.0748,0.6188,0.4029,0.8746,0.0904,-1.2073,-0.5567,-1.1575,-1.0175,-0.5415
-1.7712,-1.2512,-1.5521,-0.6917,-0.8891,0.9399,0.2632,0.3482,0.5479,0.0610
-1.3663,-0.8142,-0.4697,0.4373,0.2679,-1.7083,-1.8092,-0.7960,-1.3033,-1.6895
0.8083,0.0485,-0.7240,1.0068,0.2509,-0.0010,0.0668,0.0748,-0.4269,-0.2004
-1.1914,0.5717,-0.2967,-0.0078,-0.7467,-1.5119,-0.9205,-0.5913,-1.4240,-0.1441
-0.2682,-0.0401,-0.1972,-0.2020,-0.6584,-2.0728,-1.9507,-1.5854,-1.7052,-1.1406
-1.3362,-1.2139,-0.9501,-0.1666,-1.5738,1.1954,1.5269,1.3774,2.0220,0.3356
3.0043,1.6836,1.1758,2.5623,2.4532,-0.0193,1.3027,0.0504,1.7100,0.8005
0.6095,0.4577,0.0572,0.1452,-0.4178,1.1577,1.6140,0.9003,1.8518,0.9628
-1.0418,-0.7223,-1.5818,-1.0049,-2.0293,-3.1134,-2.5966,-2.9521,-2.2910,-2.5015
0.5490,0.3007,0.6911,0.3301,1.4960,0.2995,0.1932,0.6934,0.1812,0.1790
-0.9313,-0.0007,-0.5624,-0.0967,0.3489,0.7306,0.8650,0.1731,-0.1867,1.3895
-0.2173,-0.4688,-0.3192,0.1631,0.1968,0.7846,0.7127,1.4148,0.7932,0.2235
-1.9453,-3.5107,-1.2222,-1.9765,-2.3159,-1.3332,-1.6109,-1.5955,-1.4010,-1.5120
-0.7369,-1.2657,-0.8631,1.4509,0.2704,-1.0822,0.0225,-0.0918,-0.9681,-0.3711
-0.4466,0.0069,0.0273,0.7665,-0.4608,-0.8410,-0.8097,-0.7092,-1.4109,-1.2155
-0.8218,-0.5877,-0.3852,-1.7758,-0.9262,1.2626,0.1708,0.1887,0.2555,0.3325
0.2525,-0.2510,-1.0604,0.0082,-0.3683,-0.0076,0.4087,0.3355,0.8381,1.0871
-0.5175,-0.6735,-0.6190,-0.8836,-0.6244,-0.2955,0.7816,0.1599,-0.6963,-0.2268
-0.9425,-1.6256,-1.4698,-1.9045,-1.0426,0.7410,0.6953,1.2982,1.5468,0.8422
-0.4379,-0.2125,-0.6607,-1.0722,0.1375,0.6651,0.6676,0.1155,1.0772,0.5194
-0.7308,-0.4611,-0.6960,-0.4157,-0.4684,-0.7799,-0.4024,-0.1297,-0.4577,0.4751
-0.6806,-0.1318,-0.6880,0.5688,0.5913,0.2682,1.3138,0.9376,0.6603,0.2650
2.2595,1.9067,2.6732,1.6916,1.7629,1.1759,1.9615,0.9481,1.6524,1.6119
-0.9149,-1.7998,-0.6531,-0.5674,0.4614,0.2733,0.2086,-0.5556,0.1198,-0.0887
-0.3192,0.3506,-1.3135,-0.6946,0.8579,-0.5014,0.2175,-0.3499,1.2687,-0.0894
-3.5858,-1.8823,-3.0777,-3.5558,-2.4927,-2.1583,-1.8665,-1.1020,-1.4861,-0.7569
-0.7985,0.0844,0.2594,-1.4652,-0.9698,1.6823,1.5997,2.0843,1.3807,2.0960
1.0309,1.7054,0.6123,1.7509,0.1893,-0.8692,-0.4638,0.1071,0.0185,0.7739
0.2297,-0.5527,-0.0743,-1.0865,-1.6819,0.3782,0.4157,0.7214,0.9629,-0.0645
-0.2779,0.3314,0.5764,0.6608,-0.3448,-0.2817,0.5687,0.5341,-0.0026,-0.0554
2.0142,1.2956,1.5872,2.2671,2.3698,-1.8660,-1.7690,-1.6381,-2.4621,-2.0271
-0.0241,-0.7504,2.1968,1.2867,-0.7312,-0.4825,-0.1314,-0.5576,0.6336,-0.0309
1.2057,1.5594,1.5294,1.6602,1.7900,-0.4182,-0.2908,-0.1567,-0.4488,-0.6207
-0.0769,-0.1594,-0.8232,-0.8664,-1.2841,-0.3326,0.6301,0.7239,0.7972,0.1419
0.3261,-0.7842,-0.2728,-0.8006,0.8003,-1.1383,-1.3570,-1.2349,-1.4018,-0.8968
1.7542,1.8244,1.5096,2.5541,2.5623,1.2659,2.1765,2.4791,1.6958,1.5382
-1.0709,-1.9134,-0.4312,-1.7750,-1.2669,0.1582,0.3496,-0.1491,-0.9047,0.1856
0.4685,0.4083,0.1154,0.4987,-0.1016,0.7006,0.2569,-0.3047,0.0196,-0.1701
-0.4313,-1.0391,-2.6799,-0.6001,-2.2186,-2.1865,-1.1346,-2.3096,-2.2928,-1.6190
0.6735,0.0123,0.3739,-0.2928,-0.7845,-0.4395,-1.4231,-0.3869,-0.4211,-0.5515
-0.3021,-0.1829,-0.1890,-2.3872,-0.3274,0.1646,-0.1826,-0.2897,-0.0206,-0.2693
1.9612,1.0120,1.3233,1.6810,0.3734,-0.3335,-0.8371,-0.6814,0.1984,-0.5712
-0.2240,0.1230,-1.7236,-0.4774,0.3787,-1.3677,0.1061,-0.6909,-0.9934,-0.9047
-1.0168,-0.1496,0.2779,-0.0467,0.8338,-0.3527,0.9051,0.1597,-0.0727,-0.0907
-0.6014,-0.3759,-1.3585,-0.5227,0.7906,0.0428,0.3707,0.0679,0.1899,0.4418
-0.8126,-0.4746,-0.3812,1.1500,-0.7695,-1.2104,-1.3473,-0.9054,-1.4156,-1.1302
3.3140,4.0249,2.6126,2.1083,3.3793,0.9538,0.3374,1.7963,1.8380,1.4940
1.3326,0.9263,1.2587,1.2669,1.8976,0.6265,0.8540,1.0452,0.6969,1.1198
0.4751,-1.2561,-0.5302,-1.1559,-0.9954,-0.4522,-1.1148,-0.4265,-0.3980,-1.7023
0.1659,-0.0478,0.0149,0.4746,0.4735,0.8116,-0.1991,0.9794,1.9234,1.7702
0.0419,-1.7026,-0.9977,0.0360,-0.0405,-0.1978,-0.7000,-0.6434,-0.1061,-0.1968
1.3571,0.0691,1.4295,0.0025,0.8812,-0.3567,-0.0446,0.1201,-0.2539,0.2173
-0.9485,-0.6577,-0.5544,0.5696,-0.5376,-1.7073,-2.6415,-2.6263,-2.4176,-2.8306
0.3050,1.1813,-0.3790,0.2746,-0.6837,-0.8327,-0.7935,-0.6356,0.1048,-0.9798
0.9225,1.7930,0.5188,0.2033,0.2986,-1.5964,-0.2169,-0.8224,-0.8271,-1.6492
-0.9310,-0.7926,-0.3553,-0.7960,0.6195,-0.3987,-0.3854,1.1235,0.6734,0.5774
1.5634,2.6570,0.9603,0.6827,1.8885,0.0054,-0.1243,0.7682,0.3909,-0.6300
-1.9550,-2.2448,-1.9218,-3.4922,-1.2978,-0.4767,-0.6531,-0.7678,-0.6838,0.2421
-0.3305,-0.4388,-0.0380,-0.3743,-1.4023,0.3076,0.3702,-0.0633,0.7251,-0.4403
0.3161,1.1804,-0.1996,0.9297,-0.3161,1.8051,2.4783,1.7050,1.4649,2.2079
0.3729,0.8446,1.7123,1.2634,1.0018,0.1795,0.5504,0.4303,0.1894,0.3352
0.6730,0.8493,1.6374,-0.0907,0.6589,2.5789,3.1688,3.1960,2.3725,3.8212
-1.4212,-1.3769,-1.4193,-0.4360,-1.2428,-1.6345,-1.6181,-1.7057,-2.5632,-2.0904
0.1824,0.8366,0.6894,1.3207,1.2628,-0.1225,0.2216,0.9028,1.5000,0.1578
-0.3787,-0.5509,-1.8090,-0.7355,-1.3504,-1.3357,0.0171,-0.3980,-0.1053,-0.5269
-0.2959,-0.5367,-1.2996,-0.7395,-1.3017,-0.3914,-1.1321,0.2938,-0.1247,-0.2128
-0.4596,-0.7609,0.8089,-0.0554,-0.3096,0.7864,0.7927,0.5995,2.0899,0.2066
-0.3390,-0.6734,-1.4586,0.8750,-0.4855,-0.9120,-0.5734,-0.1450,-0.8562,-1.2507
-0.5107,-0.1859,-0.0946,-0.5187,0.1562,-1.6970,-2.8948,-2.3195,-3.5575,-2.6010
0.8868,1.4446,3.4101,1.9013,0.8319,0.6492,0.9005,0.5133,-0.0344,1.0036
-0.3673,-0.1997,-0.5919,0.5421,-1.1812,-1.1638,-0.7544,-1.6289,-1.4651,-0.9771
0.3439,-0.4986,0.3617,-0.6640,0.1844,-0.6972,-0.7114,-0.5404,-0.9444,-0.9193
0.2129,0.1615,0.5050,-0.8008,0.8736,0.0711,-0.6469,-0.6457,-0.1326,-0.8044
-0.4514,-0.9476,0.3338,0.9126,0.2658,0.9630,1.1920,0.1105,1.1944,1.1411
-0.5346,-1.5768,-1.7053,-2.2544,-0.7805,3.0021,2.1997,2.3388,2.8656,3.0624
0.6891,0.0932,0.8400,0.1171,-0.4522,-1.6016,-1.9544,-0.9215,-1.5319,-0.8298
-1.5548,-1.1575,-0.7685,-1.2426,-1.1839,-1.1349,0.0063,-0.5044,-0.2817,0.2315
-0.5337,-0.6009,-0.3029,0.4639,-0.5291,0.7616,0.0564,0.7590,0.5738,0.6423
-1.9760,-1.2988,-1.2371,-0.6480,-1.0798,-1.1171,-1.1901,-1.3429,-2.1091,-0.8718
0.6917,0.1921,0.2090,-1.4376,-0.9052,1.6482,1.6012,1.8324,1.8264,1.3665
0.7503,2.1673,2.4831,2.2033,0.9783,0.3503,-0.7903,0.0306,-0.1466,0.4070
1.3434,1.1569,2.3218,1.2661,0.8602,0.6248,0.6182,-0.4069,-0.3334,0.4319
-0.2196,0.8658,1.0368,1.2309,-0.2234,-0.8402,-0.6665,-0.5492,-0.2655,-1.1102
-1.1516,-0.3967,-1.0696,-1.4790,-0.3409,-1.1687,-0.2367,-1.3181,-0.6683,-0.5307
0.7420,0.3420,0.0682,0.5199,-0.4307,-0.9700,0.0769,0.0938,-1.0667,-0.2856
-0.1300,-0.6090,-0.5312,-0.7007,0.9314,-0.1598,-0.3059,-0.1557,-0.5422,0.0741
0.0221,2.3020,1.5710,0.5009,-0.0877,1.2668,1.7832,1.3804,0.6673,0.5284
1.2221,0.9966,1.9447,1.0250,1.0912,0.0437,0.7828,0.8920,1.6874,0.7750
-0.8222,0.7722,0.4050,0.0435,1.0297,0.6903,1.1412,0.8647,0.4110,0.5103
-0.7139,-1.0220,-0.8335,-2.3365,-0.9851,-0.1764,0.2032,-0.6335,-0.5384,0.0461
-0.2151,-0.3774,-1.6776,0.0525,-0.0251,-0.9477,-1.5989,-1.3158,-0.6721,-0.7367
-0.1337,0.7504,0.5171,0.1699,1.5698,-1.7346,-0.6493,-1.0526,-1.3742,-0.7883
-0.4968,-1.5212,-1.0152,-1.7391,-0.2633,-3.1807,-2.4638,-2.5730,-3.1600,-3.2737
-0.6033,-0.7481,-0.3366,0.1917,-0.5476,0.5823,0.5702,0.9721,1.0419,0.7732
-1.3369,1.3555,-0.3113,-0.1187,0.9661,0.5468,0.4917,-0.6391,-0.4395,0.5469
0.9683,0.9073,1.0358,1.3928,0.2947,1.4780,0.5166,1.6599,0.9236,0.6810
-0.4304,-0.4140,0.7299,0.1904,0.0068,-0.8821,-0.5483,-0.7062,-0.6824,-0.8817
1.1744,0.6270,1.2300,1.1962,0.0751,-2.2624,-2.5477,-0.8876,-1.5918,-0.9820
-1.1379,-0.7814,-0.4508,-0.1382,-1.1828,-0.0853,0.3522,0.2507,-0.2665,-0.4445
0.7543,-1.9987,0.3055,-0.3454,0.0784,1.4261,-0.0028,0.1311,0.8925,0.2758
0.8635,1.2008,0.2951,0.8118,-0.3980,-1.2581,-1.7514,-0.0550,-0.5370,0.0139
-0.0424,0.8665,0.5991,1.0021,2.4942,0.6440,1.2678,2.0422,0.6253,0.0797
-0.2865,0.7318,-1.4813,0.6801,-1.3851,-1.4363,-1.0772,-0.8722,-0.9815,-1.3813
-0.5001,-0.7916,0.4194,0.9217,-0.2543,2.1377,1.2708,1.1698,2.0039,0.8858
1.9975,1.3048,1.2920,1.8757,0.8695,1.5578,2.5409,1.1610,2.0842,1.2235
-0.3558,0.4530,-1.3775,0.8673,1.1093,-0.9395,-0.3351,-0.7851,0.6110,-1.3841
-0.8003,-1.8557,-1.6016,-0.9132,-0.9284,-2.5786,-2.6144,-2.6914,-2.6969,-2.2313
-0.5893,0.0140,0.3087,-0.1362,-0.2417,-0.0502,-0.0304,0.4196,-0.2048,0.3454
1.1137,0.4320,0.5981,0.3798,0.9784,-0.3007,-0.0949,-0.8545,-0.7857,0.8346
0.8271,-0.1555,0.3497,0.3626,1.4206,-2.0440,-0.8743,-2.3378,-1.4044,-1.6931
-0.2447,-2.1483,-1.0583,-1.7678,-1.6522,-0.1734,0.0886,-0.0560,-0.0234,0.2305
1.0940,-0.3225,-0.5797,-0.2357,-0.4646,-0.7725,-0.4584,-0.4087,0.3901,-1.0758
-0.6046,-0.8088,-0.0144,0.1455,-0.9499,0.8852,1.5750,1.3008,1.5017,0.1190
-1.4467,-1.2623,-0.4359,-0.5845,-0.7939,-0.6904,-1.5055,-1.3421,-1.1959,-1.1420
-0.0657,0.5737,0.8636,-0.1069,0.6158,2.0905,0.4309,0.6601,1.7350,1.0137
-0.2388,-0.1262,-0.2694,-0.3367,-1.0090,-2.1776,-1.9852,-3.3743,-2.2211,-2.4765
0.3364,0.3818,1.9068,0.1597,-0.3678,0.4244,0.9488,0.1617,1.1771,0.9633
1.3797,0.4382,0.2655,1.2765,1.9238,-0.0062,-0.9090,-0.0707,-1.3681,-0.5424
-0.9141,-1.0172,-0.8678,0.4281,-1.4886,-0.6833,-0.0035,-0.6274,-1.3913,-1.9543
0.7421,0.3452,0.2830,1.0242,0.8743,0.4423,0.7719,0.5940,0.8379,2.2498
-0.3292,0.0336,1.9400,-0.0183,0.2842,1.7476,0.5040,1.1584,1.0636,0.8645
-2.5510,-0.8302,-1.2915,-2.5196,-0.8910,1.4518,0.2126,0.4104,1.0474,0.4289
-1.4283,0.6720,-0.0264,-0.0351,1.4077,0.9253,1.4299,0.8916,1.8669,1.2394
-0.8658,-1.7115,-1.5208,-0.8977,-1.7637,0.1698,-0.5411,-0.1404,-0.0883,-0.3961
0.5414,0.0299,0.3342,-0.7549,0.6112,-0.8590,-2.3740,-1.1773,-1.5535,-1.5603
-1.9075,-1.3982,0.0463,-1.2943,-2.4154,0.2785,-0.0647,0.2599,-0.5022,-0.0329
-1.5002,-0.7023,-1.0845,-1.1114,-1.0011,0.4068,1.0176,0.4460,0.4999,0.2198
-2.5389,-1.9438,-2.7148,-2.0035,-0.3452,-0.7440,-0.7602,-0.1992,-0.1592,-0.7492
3.3392,2.9318,3.1223,2.7985,1.9020,0.4472,-0.7406,-0.1313,-0.0875,-0.1976
2.4515,1.7093,3.1210,1.5100,1.5982,1.8701,1.4855,0.8620,1.6554,1.9141
1.4891,0.9512,0.1991,0.5285,0.6259,0.2176,-0.2597,-1.3260,-0.2701,-0.3318
0.3550,0.8376,1.5367,0.7251,0.1251,2.2087,1.9533,2.2347,2.1039,2.6975
0.8937,1.6964,0.5971,0.3651,0.8812,1.7581,0.4876,2.1593,0.7147,1.3964
-0.1436,0.5468,0.6921,0.2360,0.6481,1.0707,0.0161,0.7299,0.2449,0.3413
2.2993,1.5796,1.3595,0.8481,1.1428,-0.4618,1.3098,1.0405,0.5445,-0.2444
0.4686,-0.1492,-0.5106,-0.1615,-1.8424,-2.0159,-1.5354,-2.1721,-1.1812,-2.4519
-0.2925,-1.1830,0.0408,-0.8782,-1.6265,0.9446,1.2308,1.2597,1.4271,1.3476
-0.1737,0.0431,1.9542,0.1998,-0.5185,0.1958,-0.3082,-1.1304,-1.5461,-1.2614
-0.1476,1.6344,0.3230,-0.1698,0.4979,1.1337,1.4303,1.5930,1.5206,3.0445
0.8332,0.1224,1.0247,0.6110,1.2428,-0.0596,1.1199,0.8430,0.6268,0.8814
0.2655,0.9936,0.7469,0.3092,1.0956,-0.1500,-0.8387,-1.1561,-0.5004,0.2398
-0.4616,-0.0295,1.0153,0.2501,-0.7808,0.1288,-0.0951,0.1492,-0.2196,-0.2131
-0.4362,-0.5933,-0.9136,1.0850,-0.3882,0.0708,0.6698,1.3445,-0.0611,1.0519
-1.6231,-0.8718,-0.0401,-0.5421,-0.3962,-0.0480,0.1067,-0.9379,-0.0252,-0.5068
2.9199,2.0915,2.0850,2.1794,1.9581,0.2306,0.9216,0.6292,0.4340,0.0271
0.2306,1.3319,-0.1190,-0.7221,0.0039,-0.1912,1.4220,0.1264,0.2053,0.1631
0.9873,0.7105,0.3316,0.9717,0.2205,0.1493,1.2421,0.7565,0.5493,0.7977
0.1164,0.1403,1.1330,-0.6585,-0.0935,0.8893,0.7481,1.6765,0.1038,0.4428
-1.0452,0.2003,-1.9273,0.0781,0.3023,-1.4746,-2.6484,-1.9155,-1.9562,-1.8715
-1.0871,-2.8149,-1.0478,-1.0062,-1.4990,-0.6996,-0.2005,-1.6092,-0.2680,-1.4895
1.8858,1.8309,1.5045,1.5370,1.0698,1.8953,2.1282,1.5057,2.1422,1.8903
-0.6920,0.9262,-0.5583,-0.5649,-1.0138,-1.5218,-1.5430,-2.4796,-1.4540,-2.0629
0.2803,0.5804,-0.4898,0.7621,-0.0814,-0.4261,-1.2264,0.3426,0.2839,-0.3203
2.5582,1.8040,2.0963,2.2976,1.6992,1.4791,1.1508,1.0201,1.0061,1.4236
0.1183,0.2195,-0.7195,0.1775,-0.2243,-0.7745,-0.3706,-0.2339,-0.2546,-1.1067
-0.7391,-2.0984,-1.8472,-0.9260,-2.4042,0.5009,-0.9660,-0.5483,-0.1738,-0.6105
0.8473,-0.9317,-0.7471,-0.0588,-0.0107,-0.3409,-0.4407,-1.0928,-0.0952,-1.9391
0.5828,-0.3353,0.5135,0.4141,0.6594,1.8109,1.5525,2.3353,1.8673,1.3885
2.0533,0.3122,0.9162,0.8117,1.0640,2.4004,0.2189,1.0999,0.8837,0.6920
1.5795,0.3399,1.3357,0.8662,0.8319,0.1922,0.1028,-0.1514,-0.1738,0.4031
-0.4612,-0.3686,-0.2944,-0.2853,0.0494,-1.2040,-0.4183,-0.5610,0.2378,-0.8410
0.2866,0.1642,-0.2826,0.3169,0.7604,-0.5045,0.2121,0.2372,0.2969,-0.2843
0.3317,1.2505,1.5983,0.2930,1.1768,-0.5046,-0.0815,0.6162,0.7792,0.6258
-0.2865,-1.5012,-1.3514,-0.4082,-1.5222,-0.2418,-0.5812,-0.7898,-0.1168,-0.7363
-1.6952,0.0378,-0.2444,-0.8223,-1.0789,-0.2564,-0.4097,-0.4754,-1.2669,-1.8098
-0.6685,-0.2803,-1.4129,-1.1555,-0.9767,-1.3037,-1.6636,-1.4850,-0.7283,-0.9957
0.8869,0.1241,0.8909,0.5233,-0.4352,1.2993,2.3181,1.7409,2.1205,2.2076
0.4518,0.0372,0.8131,-0.2379,1.3169,0.8609,0.4721,0.1328,1.0946,1.0292
-0.4139,-0.7082,0.1167,0.6926,0.1633,-0.1772,0.0616,-0.6188,-0.0958,0.2114
-1.5232,-0.0075,-0.5313,-1.6964,-1.0707,-0.2101,-1.3563,0.0658,-1.2897,-1.3677
-1.8253,0.1034,0.0177,0.0592,0.2766,-0.0073,-0.1712,-0.4049,-0.4188,1.2607
0.1079,-0.3479,1.0200,0.0977,-0.0188,3.1277,1.7091,2.3868,2.5575,1.8885
-0.1496,2.5789,1.4284,2.1046,1.3546,0.9031,0.8977,1.3602,0.6472,1.2330
1.8315,0.5157,0.2128,1.5251,1.7079,0.2128,0.9389,0.6548,0.5502,0.1786
0.8616,1.7065,2.3323,1.5200,0.0671,-0.5513,-0.7105,-0.5617,-0.6471,-0.5083
0.7531,1.3995,0.6388,1.6820,1.1896,1.5310,0.7541,0.5178,1.0361,1.7172
1.9438,1.5532,2.0146,1.0991,0.8358,-1.1196,0.0127,-0.7986,-1.5443,-1.7333
1.1180,1.4874,1.3702,1.4557,1.8185,-2.7784,-1.5583,-2.0181,-1.7748,-1.5756
2.3791,1.0711,1.2229,0.6165,1.2508,-0.5775,0.3400,1.4866,0.9043,0.6827
-0.3880,-1.2079,-1.7988,0.3887,-1.7168,0.0144,0.1594,-0.0294,0.7572,-0.8268
-0.1844,-0.5874,0.0521,-2.1778,-1.1293,0.4250,-0.4823,-0.2426,0.7535,0.2078
-0.8126,-0.8265,-1.5666,0.0994,-0.2670,0.2299,-0.8195,-0.8204,-1.5988,-0.2946
0.3466,0.4579,0.0606,0.2992,-1.0442,0.2438,0.1599,0.0643,0.0566,-0.0853
-1.8300,-2.4596,-1.2030,-2.8763,-1.5965,0.0488,0.6993,0.4863,0.9392,0.4868
-0.2078,0.9215,0.6350,-0.8554,1.1596,-2.0102,-1.6622,-1.9088,-1.5036,-1.0109
-0.5849,-0.3548,-0.8536,-0.1638,0.3935,0.0088,0.0906,0.3741,-0.2336,1.1044
0.0202,1.2992,-1.0641,1.5618,-1.0336,0.3799,0.0643,0.6873,1.2262,0.7834
-1.9459,-1.6102,-1.4420,-0.7200,-2.2883,0.5113,-0.0846,0.2912,0.0275,-0.1103
0.7138,1.3139,-0.0921,-0.2244,0.8760,0.7245,0.5312,0.9924,0.2356,0.3863
1.1289,0.7440,0.4512,-0.7595,0.3701,-0.7170,-0.5353,-0.4756,-0.7334,-0.7751
0.8064,2.1817,2.1599,0.1429,1.0159,0.8526,1.3729,1.2964,1.2123,1.4522
0.4905,0.6019,0.9227,0.3725,-0.5965,0.4539,1.1895,0.4398,1.0774,1.0295
-0.8221,-0.5187,-0.7156,-0.7213,-0.6868,0.4864,0.5204,0.3101,-0.7590,0.1293
-0.4107,-1.8190,-1.3033,-1.5804,-1.0283,0.6415,0.8628,0.6710,0.6409,0.7561
-1.4926,-0.6940,-1.1624,-0.5840,0.1243,-0.7206,-0.6360,-1.1047,-0.5730,-0.8637
0.9892,0.9295,1.3906,0.4405,1.1040,-0.8500,-0.2051,-1.3072,-0.3054,-0.9213
0.4166,2.3394,-0.1285,2.0873,1.6802,0.3266,-0.0123,1.4777,1.0272,1.1786
-0.1799,-0.2148,0.3751,-0.8341,-1.5543,-0.8357,-0.5854,-1.0025,-0.8987,-0.2939
2.3490,1.1316,1.7200,1.1406,1.7196,0.6517,0.6824,0.3221,0.1285,1.2173
0.5907,1.4683,0.0918,0.2781,1.1347,-0.0697,-0.3888,0.2041,-0.2566,0.2126
1.9391,1.6902,1.1583,0.2214,2.4659,0.4003,-0.0199,0.2469,0.2727,0.6156
0.8338,0.6218,-0.3506,-0.4377,-0.0291,2.7552,2.9435,2.3881,2.3332,2.1682
2.0065,1.8385,1.4974,1.4510,0.4422,-0.2304,0.4410,0.1258,0.0225,0.2678
-2.2830,-0.8998,-1.2733,-1.6449,-2.2289,-1.6335,-0.5693,0.5390,-0.1690,-0.0159
0.6377,0.1229,1.5419,0.6837,0.7120,-1.5878,-1.6135,-1.9960,-1.4098,-1.9620
-0.1849,0.1055,0.1229,0.0415,-0.1576,-0.2699,0.1796,0.1420,0.6281,-1.1758
0.4696,0.6080,-0.0158,1.9680,1.2634,1.2995,0.2659,0.6351,-0.1891,1.2548
1.0529,1.5493,2.0068,0.6062,0.5427,-2.1932,-1.2910,-1.4404,-1.0071,-1.3089
0.7818,-0.4702,-0.4982,-0.3188,-0.8828,-0.8414,-0.0912,-0.8750,-0.4222,-0.0562
0.4410,-0.5012,0.1953,0.6747,-0.2761,-0.5863,-0.5011,-0.1095,-1.0080,0.4238
-0.3736,1.1842,-1.2400,-0.1025,1.0607,-0.7833,0.1344,-1.0462,-0.6996,-0.1856
-1.1485,-1.6226,-2.3064,-1.8250,-1.1171,-1.4712,-1.5474,-1.4443,-1.7371,-1.5530
-0.9997,-0.9253,-1.4622,-1.5421,-1.6634,-0.5380,-0.9702,-1.1820,-0.5176,0.1258
0.8743,1.4785,0.4450,0.2192,2.6045,-0.0645,-1.0428,-0.2801,-0.6032,0.1981
0.6034,0.1831,-0.1699,-0.9719,-1.5202,-0.2172,-0.4111,-0.6596,-0.1527,0.1295
2.9097,3.3155,1.7435,3.3005,1.6175,-0.2368,0.4294,-0.4613,0.4318,0.7834
0.4871,1.0599,-0.4990,-1.3644,0.5843,0.1287,0.2356,0.5832,0.5873,0.7559
-1.8606,-1.2437,0.2135,0.0259,-1.8696,-0.0963,-0.5410,0.1217,0.3003,0.4092
-2.8223,-3.2524,-2.9429,-3.4456,-3.0672,-2.4133,-1.4954,-2.3918,-1.3119,-2.1612
-1.2766,-0.8990,-1.7915,-1.4024,-1.2505,-0.2357,0.0997,0.0519,0.3745,0.2624
-1.0192,-0.2431,-0.6202,-1.1544,-0.4866,0.3889,0.1384,0.5617,0.0269,0.8809
-0.5692,0.4705,0.2405,-0.9274,-0.8097,-0.0194,-0.7253,1.9504,0.5044,1.1878
1.0424,0.1323,-0.2097,0.3863,0.7263,1.2074,0.7447,0.7497,0.8115,0.2958
0.4180,1.9587,0.0204,0.4527,0.9279,-0.7028,-0.4894,-1.1837,0.0080,-2.4542
-1.4190,0.2657,-0.6313,-1.3628,-0.0938,-0.3476,-1.1226,-1.4391,-0.5832,-1.5157
2.9657,2.4761,2.4111,2.0910,3.6280,2.5874,2.0089,1.8338,1.8477,2.2244
-0.1649,-1.6880,-0.7873,-1.0044,-0.4445,-1.3106,-0.9273,-1.2254,-1.0389,-0.4958
2.1096,2.0094,2.6167,2.7105,2.2076,1.6927,2.2537,1.9994,1.4455,1.0832
-0.0348,0.9879,0.7391,1.3669,0.1388,-1.2358,-0.9237,-2.1213,-1.8690,-0.7623
0.7588,0.3335,0.7706,-0.4700,0.1721,0.8194,-0.5412,0.5726,0.3555,0.0090
-0.0874,-0.1366,-0.0925,-0.4770,0.6394,0.0185,-0.5077,0.8297,-0.6761,-1.3726
-1.2266,-1.1798,-1.0270,-1.1561,-1.4187,0.0942,0.3084,0.1336,0.4196,0.4768
-1.3791,0.3513,-0.3877,0.8172,-0.7880,0.6189,0.0385,-0.4288,1.1728,0.2580
-0.0067,-0.8838,-0.6371,-0.6103,-0.0864,2.4118,2.4215,2.3083,2.0959,1.8403
-0.0914,-0.0630,0.2868,-0.1620,0.9964,0.0535,-0.0910,0.1387,-0.6458,-0.0025
0.7325,-0.1785,-1.3034,-0.8320,-1.0732,-1.3697,-0.5593,-0.2573,-0.4902,-0.1955
0.6133,-0.0091,0.7457,-0.1814,0.5871,-1.0407,-1.2091,-0.6449,-0.5190,-1.4785
0.8954,0.6296,-0.1094,1.6151,0.9692,0.3162,1.1287,0.7028,0.2182,0.6901
0.4182,1.1004,0.2042,1.1612,0.5425,-0.1240,-0.3535,-0.3612,0.2151,0.5702
0.8518,-0.4731,0.7960,-0.3730,-0.3716,0.5085,1.0620,0.6825,1.0310,0.1649
-0.3945,-0.9353,0.1657,0.4161,-0.1010,-0.4870,-1.3080,-1.1046,-1.1840,-0.9815
0.3910,0.0964,0.0440,0.9296,0.7040,0.2962,0.8082,-0.1346,0.8523,0.7663
-0.1279,0.9704,0.3716,1.2978,-0.3073,-0.4343,-0.2993,1.0546,0.6519,1.0051
0.1156,-0.4947,0.9835,-0.3617,-0.3802,0.7386,1.8527,1.5346,1.8004,1.1640
0.0049,-0.2229,-0.6009,-0.5826,-1.1195,-1.1757,-1.6684,-1.5558,-1.5280,-1.6435
-0.8148,0.2587,-0.7181,0.2868,0.6054,-0.5709,-1.5642,-0.7117,-0.5308,-1.2898
-0.6942,0.2793,-0.3163,-0.2018,-0.3384,-0.0520,0.6920,-0.1004,0.1274,0.5654
-0.1655,0.1929,0.5251,1.0093,1.7641,2.3331,2.1418,1.8663,0.8520,1.0093
1.2058,0.8053,0.5063,0.7993,-0.3339,1.7761,3.0230,2.4457,2.7395,1.8150
-0.1968,-0.3011,-0.9463,-1.1365,-1.5305,-0.4539,-0.7907,-0.3246,-1.0779,-0.9335
1.2336,2.3455,2.4654,1.9234,1.1779,0.1928,-0.1935,0.2812,0.2616,-0.0931
-1.0767,-1.1755,-0.6811,-0.3153,-1.2819,1.2882,0.8298,0.5167,0.7485,1.2298
0.5356,-0.6553,0.7797,0.1016,0.0645,1.5804,1.1493,1.1279,1.5236,1.7216
-2.0589,0.1912,-1.0953,-0.3231,-0.2907,1.6446,-0.4689,0.4836,0.3341,0.9376
0.6568,-0.4425,-0.4109,-0.0891,-0.0140,0.4624,0.7729,1.1182,-0.0893,0.3279
0.8569,0.7965,1.2470,0.6685,0.1993,0.6139,1.1434,-0.0111,0.2905,0.5310
-0.0287,-0.9162,-0.3947,-0.3950,-1.3728,-1.6304,-1.0256,-1.1386,-1.5910,-1.3183
0.4273,0.4682,2.1283,0.1979,1.9877,-1.1960,-0.3581,-0.6585,-0.0974,-0.1552
-0.6497,-0.1563,0.5917,-1.1761,-0.8764,-1.9356,-1.8132,-2.1168,-2.2167,-1.4876
0.4298,0.7635,0.1158,-0.1895,0.7727,0.4603,-1.0297,-0.9052,-0.5529,1.0921
0.5113,0.6678,0.8838,-0.3314,0.1455,-1.3685,-0.7471,-1.0536,-1.1432,-0.9164
-1.2341,0.6564,0.4256,0.7779,0.7585,-0.7689,-1.0792,-0.7685,-0.7606,-0.1482
0.3644,1.2175,0.9451,0.9285,-0.1974,1.1530,0.9717,0.5937,1.0557,0.8370
0.7248,-1.4138,-0.4140,-0.5035,-0.0858,-1.2691,-1.0914,-1.0240,-0.6472,-0.7654
1.3732,0.3161,-0.0227,0.5507,0.7680,0.2617,-0.4179,0.0547,-0.3068,-0.1041
0.6697,0.8594,0.6971,0.6646,1.2875,-0.0304,0.4533,0.6573,-0.0454,0.6208
-0.5861,-1.4442,-0.3030,0.1460,-1.4568,0.0876,-0.7944,-0.2536,-0.6109,-0.1333
1.6783,1.4630,1.1160,1.6273,2.1682,1.7353,0.6517,1.3639,1.4843,1.3911
1.7892,2.0581,2.4130,1.7629,1.7252,0.4247,0.3880,0.7939,1.4692,-0.5352
-0.4929,0.0205,0.4484,-0.7409,-0.6059,0.1629,-1.0418,-0.6657,0.1145,-0.3325
0.8546,0.3286,1.0646,1.7789,0.6410,0.3167,0.3049,-0.2451,0.0689,0.7365
1.0258,1.2554,2.0612,1.0302,1.4488,1.2696,1.8895,2.6251,2.3226,1.4532
0.7511,-0.6297,0.5691,0.2848,0.9210,0.8439,0.1464,1.3216,0.4613,0.1837
0.4806,0.8923,0.7805,0.5139,1.1396,1.4318,0.9402,1.8866,0.5774,0.8625
-1.4782,-2.1248,-1.3534,-2.1337,-0.6342,-0.3697,-0.8983,-0.6204,-0.7977,-0.9325
-0.3694,-0.3216,-1.8627,-0.4739,-0.2897,0.4954,0.4478,-0.4684,0.6989,1.3828
-0.2795,-1.1826,-0.6302,0.2138,-0.9684,2.0208,1.1161,2.2465,2.0865,1.3231
1.3876,1.8781,-0.0315,1.5138,0.7180,-1.1155,-0.9429,-1.3920,-1.6671,-1.1301
-2.0710,-1.3120,-1.1058,-2.1564,-2.3293,0.1348,-1.0334,-0.3320,0.2017,-0.2920
-0.3892,1.7251,0.1337,0.8710,1.2182,-1.1640,-1.3654,-1.3824,-0.7819,-0.6890
0.5855,0.8941,-0.3447,-0.7842,0.8331,1.2330,1.4007,1.4713,1.5869,1.8763
1.8728,0.3511,1.2752,0.3485,0.9343,-0.4436,-0.5131,-0.6168,-0.4686,-0.1288
0.4023,1.4539,1.6817,0.9526,1.2786,-1.2556,-0.1868,-1.8367,-0.8398,-0.3003
-0.0836,1.0788,0.5138,-0.0184,0.2637,1.2295,0.5012,1.1379,1.4946,0.9811
0.0017,-1.5023,0.6074,-1.5233,-1.4780,0.5123,1.1739,0.3567,0.7494,-0.1528
0.1461,1.1235,-0.4460,1.6970,0.8591,0.9993,0.3627,1.8190,0.6311,1.3871
0.9029,2.1736,1.3418,2.0906,1.7844,-1.5126,-0.7819,-0.0389,-1.1721,-0.2979
0.6188,0.7162,0.4404,-0.6101,-0.4265,0.5355,0.4610,0.2623,0.3437,0.0002
0.4870,0.2661,-0.5025,-1.2744,-0.6462,1.3161,0.4189,1.1485,0.8398,-0.0518
-1.1324,0.0021,-0.9922,-1.0584,-1.2672,-2.6885,-2.3183,-1.0304,-2.2116,-1.6357
1.0427,1.3130,3.6659,1.7840,1.5532,-0.1464,-1.1555,-0.5085,-1.2421,0.4901
1.0089,0.4461,0.2068,-0.3022,1.3374,0.2601,1.6603,1.2295,1.3019,0.2270
-0.8479,-1.2405,-0.1490,-0.2893,-2.0193,1.2969,0.4530,1.5842,1.1705,0.1454
-1.5386,-0.2815,-0.7847,-0.5757,-0.5362,-1.5860,-1.7158,-1.9095,-0.9674,-1.6438
0.2694,1.6365,0.8768,1.4079,1.5744,1.4343,1.0810,0.4958,1.2526,0.9338
-1.6112,-2.0110,-0.2581,-1.0496,-0.9857,-0.7234,0.3860,0.5839,0.5561,0.6573
1.5557,1.2592,1.8685,0.9683,2.1365,0.8131,-0.1597,0.5268,0.2668,0.6133
0.5990,-0.5326,-0.8155,-0.9636,-0.6333,-0.4113,0.4481,0.6495,0.5289,0.8558
0.5781,-2.0904,0.2317,-0.4711,-0.4766,-2.0986,-2.8075,-1.9692,-2.2000,-2.3586
-0.2469,0.1227,0.2531,0.1974,-0.3105,1.1539,1.0179,1.0243,1.6351,0.9260
0.0956,-0.1582,-1.0049,-1.2805,0.7742,-1.5217,-1.6243,-1.1420,-1.6986,-1.2905
2.1256,0.9495,1.3121,0.9435,1.7236,1.5817,2.1421,1.4110,1.1147,2.4394
1.0209,1.5930,1.5129,1.7290,0.8307,0.0076,0.7795,-0.2763,0.8558,-0.3733
-1.7853,-0.8191,-1.3789,-0.6731,-0.6343,1.8054,1.2538,0.7090,0.4502,0.7477
0.8814,-0.3586,-0.2519,-0.8724,-0.6314,-1.2592,-1.4613,-1.0098,-0.3121,-1.5438
0.2556,-1.4409,-0.6017,-1.3808,-0.4305,0.4168,0.6123,-0.2115,0.3443,0.2997
-0.1341,1.2815,1.5527,1.5868,0.5673,0.1624,0.6409,0.4639,1.6168,-0.4449
-0.0527,1.6893,0.9639,1.4503,-0.0437,0.3957,1.2320,1.1807,0.3541,1.0723
1.5339,-0.1209,0.3765,0.1877,0.0594,-0.6957,-0.9139,-0.2426,-1.2760,-0.7089
0.7157,-1.0487,-0.0224,-0.6303,0.3799,-1.7580,-1.4524,-1.8527,-1.2082,-1.5655
0.2038,0.4234,1.3294,0.7680,1.2080,-0.5549,-0.0552,-0.4358,-0.0793,0.2298
-1.1833,-1.7898,-1.6569,-0.3346,-1.2135,-1.3715,-0.5872,-0.2912,-0.3891,-1.2723
1.4382,0.6158,1.2078,1.1711,1.3172,1.0630,1.2071,0.6951,0.6963,1.1291
0.1573,0.0472,0.0897,0.9452,-0.6874,2.1073,1.2522,2.4800,1.4860,1.9965
-1.6051,-0.2995,-2.3129,-1.8660,-0.8004,1.8963,2.4785,0.8712,2.3278,1.8600
-1.6719,-1.7948,-1.5054,-1.8352,-1.1599,-1.4817,-0.9016,-1.0331,-1.9127,-0.8249
-0.2905,-1.2950,-1.5287,-1.1546,-0.1332,0.7753,-0.5971,-0.0674,0.0603,0.2950
-0.7663,-0.9649,-0.9826,-1.0238,0.1698,0.6799,0.4645,-0.5132,0.2257,0.2259
0.6802,-1.3049,-0.7574,-1.0892,-0.9457,-1.2422,-2.4120,-1.0361,-2.2354,-1.7214
0.1708,1.3991,1.9047,1.6409,1.5225,0.7695,1.4211,0.8408,0.1321,-0.9121
-1.9119,-1.0934,-1.8481,-1.8333,-1.3142,-2.0071,-2.6464,-1.3700,-1.2512,-1.5929
0.0609,-0.7523,-0.0663,-0.2130,0.4736,1.0459,0.6487,1.5883,0.2717,1.3708
1.2307,-0.6531,0.9591,0.9364,0.4209,-1.2982,-0.5386,-0.4224,-1.2025,-0.3389
1.8999,0.7690,0.4794,1.2060,0.3403,-1.2702,0.4718,-0.3793,-0.3074,-0.6383
0.5594,-0.9496,0.8296,1.0772,0.4318,-0.7739,-0.5207,-0.3297,0.1737,0.1929
-0.0854,1.2833,0.0311,0.0356,0.5756,0.4558,-0.5277,0.1724,0.2919,0.6559
0.4674,0.1892,-0.9226,-0.2486,0.5043,-1.2747,-1.0022,-0.5498,-0.4349,-0.8337
-2.7836,-1.7986,-2.6265,-3.0367,-3.0814,-0.7942,-0.6727,-1.7286,-1.2713,-1.2437
-0.9381,-2.6255,-0.8283,-0.8006,-0.1964,-0.5842,-0.4436,-0.9789,-0.3482,-1.9255
-1.8749,-0.9812,-0.8970,-1.5532,-0.9680,-1.2608,-0.8668,-1.3651,-0.5806,-0.8583
-1.9807,-1.0530,-1.2716,-1.7258,-1.5186,0.5442,-0.1515,-0.9115,-0.6849,-0.1880
-0.5572,-1.2786,-0.3603,-0.7842,-1.2410,-0.5287,0.0898,-0.3405,-0.5255,-0.6846
1.9685,2.0160,2.5018,2.7599,1.8400,0.3288,0.9651,0.1771,-0.0743,-0.0933
1.1567,2.1083,1.5178,1.1777,0.4269,-0.5763,0.1918,-0.7176,0.1652,-1.3447
-1.0783,-1.8625,-1.7256,-0.4728,-0.9592,-1.5474,-0.4861,-0.7395,-0.1339,-1.4046
-1.0323,-1.5658,-1.1701,-0.8920,-1.6194,-0.4384,-0.1970,-0.5306,-1.4845,-0.2125
1.3680,0.5646,1.2886,0.8284,0.6280,0.4442,0.7779,0.8595,0.4546,0.8159
0.0243,-0.1828,-0.0154,-0.1832,0.3288,0.0604,-0.8187,-0.3042,0.4812,-0.0673
-1.4127,-0.6694,-0.4143,-0.3091,-1.0523,0.0237,0.2476,0.4330,0.4998,0.6877
0.2491,0.1575,-0.0410,-0.0540,-1.0424,1.2731,0.2186,0.3831,-0.3037,0.6083
-0.8136,-1.9869,-0.1011,-0.2459,-1.7555,1.2618,0.7291,0.3941,1.0158,1.1695
0.4250,-0.9170,-0.5955,-1.0382,-1.4732,-2.1160,-2.1713,-2.5006,-2.7142,-2.8702
0.1676,-0.0651,0.0014,-0.7278,-1.1979,0.0175,0.1868,0.7739,0.4652,0.1346
-1.6374,-1.2374,0.0562,-0.8992,-0.9112,0.5223,-0.2973,-0.2431,-0.2269,0.2098
-1.7969,-1.8765,-0.0405,-1.9527,-1.2684,1.2342,0.8773,0.9056,1.9774,1.5962
-1.9493,-2.2705,-1.1996,-0.7340,-0.7526,0.9520,0.6480,1.7393,0.8489,1.5531
-0.3147,-0.5984,-0.8253,0.1802,0.2674,-0.8822,0.4197,-0.2325,0.1693,0.2717
-1.3740,-1.1141,-1.9637,-1.5358,-0.2567,-0.9973,-0.5575,-1.1187,-1.0677,-1.6357
2.2254,0.0703,1.3009,1.5399,1.2809,0.2231,0.0121,1.4603,0.7861,0.1460
1.3284,1.0979,-0.0701,-0.7808,1.2989,0.6716,0.4559,1.9001,1.0011,0.9412
1.0110,0.5658,0.8377,0.0745,0.5705,0.6333,0.2299,1.1321,0.5060,0.1887
-1.5470,-1.4003,-2.4474,-0.1427,-0.5441,0.3213,0.3829,1.1051,0.1235,0.2593
-0.2344,-1.1895,-0.3358,-0.1237,-0.2468,2.5724,2.4930,1.1960,1.9492,1.9425
-0.0415,-1.1977,-0.9434,-0.3150,0.4632,-0.3670,-0.3688,-0.5615,-0.5603,-1.3967
-0.7966,-1.6929,0.1111,-1.2036,-0.5121,0.6088,1.4651,0.9868,0.3259,0.8928
1.7445,1.3765,2.4122,0.6165,1.7544,2.2450,1.9233,1.4034,1.3765,1.0639
-0.0344,1.0127,-0.2300,1.4835,0.2588,-2.7597,-1.1536,-0.7510,-1.5530,-1.7863
0.0608,0.8687,0.0041,0.6929,-1.1062,-0.6594,-1.1730,-0.5487,-0.6295,-0.7206
1.0070,1.7329,-0.0172,-0.4557,1.7289,-0.3796,0.3157,0.7802,0.3087,0.3320
0.6781,0.8213,0.2858,0.4677,0.1433,-1.6521,-1.3205,-1.8047,-1.5418,-1.0843
-2.6353,-0.9227,-2.0132,-1.9450,-1.3263,0.0317,-0.3454,0.1769,-0.1490,0.6538
-0.2503,0.9548,-0.2688,0.3172,0.5798,0.8407,0.8887,0.9404,1.2778,0.6401
-0.2404,-0.0409,-0.1603,-0.6378,-0.3450,-0.4299,-0.5785,-1.2436,-1.5805,-1.2472
-0.9845,0.0814,0.0103,0.0278,0.2873,-0.6857,-0.1801,-1.4271,-0.4641,-2.0468
0.2242,-0.8773,-0.6982,-0.6560,-0.2009,0.5804,0.3674,0.3218,1.4724,0.4875
-0.3983,-1.1579,-1.6832,-1.3638,-1.0142,-1.3783,-0.4260,-0.7742,-0.0587,-0.1412
0.5532,0.6336,0.2033,0.6782,-1.6908,-1.4468,-2.0341,-1.2541,-1.5443,-1.1089
0.6824,1.0471,0.9470,1.2141,0.1504,0.8570,1.1465,0.6975,0.4079,0.5994
0.4187,1.6467,0.6664,0.5066,0.4346,-2.5546,-1.0797,-1.7289,-1.0954,-2.4737
0.1743,-0.1196,0.7782,0.0981,-0.4137,-0.1102,-0.3384,-0.1861,-0.0929,-0.5955
0.7868,-1.7312,-0.5718,-0.7467,-1.5819,1.3118,-0.0250,0.9184,0.2301,0.8258
-0.5317,-1.4003,-0.5920,0.4219,0.2138,-0.3916,0.8808,0.0458,-0.5036,0.4992
0.9540,1.3586,1.8999,2.4414,1.5079,1.7806,1.5665,2.7286,1.5096,1.9725
-1.9739,-1.9735,-1.8598,-2.9258,-1.4657,-0.3302,-0.8208,-1.0718,0.3251,0.2847
1.9852,1.0305,0.0457,1.1170,0.4140,0.6952,0.9064,0.9279,1.2449,1.5876
0.3370,-0.3625,0.3283,0.0300,-2.3814,1.3021,0.7547,0.4827,-0.3561,1.0966
-0.8650,-0.9366,-1.0797,-0.6576,-0.7983,-1.6951,-1.9659,-1.3192,-1.6046,-2.2307
1.3602,2.0058,2.4037,0.5102,2.1979,2.0714,0.9034,1.5883,0.5475,2.0574
0.8054,0.6200,0.1289,0.5872,0.7178,-0.3576,2.0168,-0.1916,0.8607,0.3244
-0.0483,0.9195,-0.3407,1.0851,0.7472,-0.5392,-0.8623,-1.3397,-0.2137,-1.0012
1.6185,-0.4079,1.1087,-0.2120,0.0359,1.0624,1.3144,1.0934,1.3439,0.9873
0.5436,0.9001,0.0564,1.7817,1.8809,0.0329,0.5169,-0.1233,-0.7830,1.0279
1.0458,0.8910,0.8901,0.8877,1.7964,-1.0723,-0.9661,-0.6289,0.4638,-1.1118
1.7509,-0.8854,0.3919,0.3770,-1.2999,0.6435,0.9170,0.4547,0.3221,1.7060
1.5512,0.2779,2.1027,1.5031,0.5965,-1.0282,-1.8216,-1.1765,-0.8537,-1.1987
-0.4449,-1.1960,-0.9897,-1.3673,-0.0682,0.0265,-0.0154,0.0329,1.1455,-0.0022
0.2348,0.6258,1.4625,1.9345,0.5679,-0.0982,0.5683,0.0622,0.6812,0.8038
0.1001,2.3759,0.6210,0.4741,1.2458,0.1797,-0.7555,0.9573,0.4848,0.3993
0.0970,0.8762,0.2765,0.3301,0.7459,0.1010,1.2048,1.1666,1.4447,1.9125
1.2282,0.9896,1.2111,1.0566,0.7338,-0.1683,0.7034,0.4093,1.5999,1.0615
0.9753,-0.3209,1.3399,1.6375,1.1126,0.1644,0.2130,-0.3515,0.5024,-0.1164
0.9537,-0.0920,-1.6771,-1.7360,-0.3331,-0.6285,-1.2179,0.3690,-0.0970,-0.4533
-0.2508,0.9624,1.9073,-0.2730,-0.7530,-0.6291,-0.0989,-0.3421,0.4664,-0.1951
0.2296,-0.5174,-1.5732,-1.5381,-0.5646,-0.9867,-0.8586,-1.5649,-1.7211,-2.1047
0.5199,-0.3459,-0.2604,-0.5589,-0.8488,2.0612,1.2607,1.1279,0.8499,0.6498
0.5022,0.8359,0.2161,0.8911,0.1393,0.5688,0.6934,0.7163,0.9310,0.5275
0.2258,0.2217,1.0303,0.2384,0.5708,-0.7686,0.5345,-1.1994,-0.4542,-0.1427
-0.7956,0.7068,0.0554,-0.7165,0.7410,0.3701,0.2270,0.2689,0.3301,0.2770
-1.4501,-1.6095,-0.4284,-1.5966,-3.0981,-0.7909,-0.0572,-1.1468,-1.0707,-0.3844
-0.0396,-0.6647,-0.9771,-0.4169,-1.4620,-0.7766,-1.2624,-1.3364,-0.0749,-0.5265
-0.2838,0.6769,1.1042,-0.3942,1.2438,0.3682,0.1716,0.5294,0.7886,0.2640
-0.8947,-0.0932,0.1574,-0.4291,-0.5223,-0.8997,-0.9163,-0.7386,-0.3367,-1.4272
-0.4611,-0.4761,-0.4415,-0.5071,-0.7079,-0.2305,-0.5179,0.3069,-0.3305,0.5552
-0.1756,-0.9835,-0.6299,-0.2931,-0.0454,-0.0063,-0.5970,0.3719,0.1999,0.2473
0.0834,0.3327,0.2432,1.0168,0.5214,-0.3801,-0.7558,-0.5238,-0.0615,-1.3128
0.6953,1.0120,2.3119,1.6118,0.9348,0.0194,-0.3586,0.2305,0.9901,0.7503
-0.2827,-0.7678,-1.2569,-0.3594,-0.1598,-0.0961,-0.7162,-0.1190,-0.4585,-0.8249
1.0664,0.7684,0.3883,0.6029,0.3970,-0.3506,-1.5565,-0.0576,0.4999,-0.6103
1.3525,-0.0700,-0.8979,-0.7130,-0.2323,0.8242,1.7103,1.2783,1.6580,0.7712
1.1934,0.5511,1.3285,-0.1679,0.5572,1.0432,1.5002,1.2246,1.5358,1.0160
0.7001,0.5027,0.6589,-0.5382,0.2351,-0.4520,-1.2826,-0.1810,-1.5467,-1.1342
-0.6757,-0.7751,-1.5159,-0.4397,-0.7937,0.3067,-0.0177,0.1045,-0.3302,-0.2414
-0.3499,-0.6817,-0.7377,0.1920,0.9362,1.1902,0.2377,0.6123,0.8623,1.2538
-0.0271,-0.3130,0.8983,-0.6566,0.7532,1.0285,0.7291,0.8751,0.5686,1.4264
-0.6653,-0.4442,-0.7565,-1.5914,-1.8376,0.6231,0.3243,-0.7971,0.8670,0.9145
-0.2322,-2.3931,1.4427,-0.0044,-0.6574,-2.2652,-2.1612,-1.8078,-0.9142,-2.3192
-2.3705,-2.1569,-1.1441,-1.2231,-2.7422,1.6085,1.2290,1.5849,1.2966,0.6087
1.1722,2.1318,1.1318,0.7310,1.3018,-0.3696,0.1448,0.4341,0.0326,-0.2662
-2.6335,-1.7359,-2.1335,-3.1469,-1.9495,-2.5366,-1.5580,-1.5046,-2.8782,-1.0850
-0.8678,-1.0675,-3.0375,-0.8605,-0.5845,0.0007,-0.7475,-0.7512,-0.2520,-0.6456
-0.0382,-0.0386,0.6542,1.4330,-0.5217,1.6823,0.6938,-0.2975,1.3394,0.8551
-1.7836,-1.1098,-1.7745,-1.8391,-1.9751,1.5327,1.4686,0.4046,1.4979,1.2633
1.3616,1.0382,0.7339,-0.2558,-0.7324,-1.3733,-0.9244,-1.4704,-0.6834,-0.7394
0.9266,0.3253,0.0753,-0.2357,0.8746,2.0292,1.7469,3.2295,2.0601,0.9466
-2.3784,-2.4005,-2.2843,-0.2762,-1.4380,-1.6399,-0.4318,-0.6561,-0.2491,-0.8411
0.3267,0.9941,0.4402,0.9524,1.9830,1.7501,1.7163,2.1386,2.4023,2.4585
-1.3870,-0.0207,-2.3954,-1.1004,-0.2251,-1.3198,-1.0029,-1.7996,-1.9058,-1.5160
2.2498,1.1087,0.7630,1.9648,1.0593,0.6839,1.2931,-0.2234,0.1843,0.5088
-1.3381,-1.3193,-0.5035,-0.9852,-1.2288,-2.4117,-2.3172,-1.8802,-2.1474,-1.8655
1.0560,0.8614,0.9283,-0.4694,-0.4332,2.1021,2.1805,1.7670,1.5188,1.4218
-1.2884,-1.6875,-0.3840,-0.9998,-1.9674,-1.0995,-1.8578,-1.0548,-1.1546,-1.2828
-0.0844,0.2460,-0.0856,-0.8022,0.3444,0.7488,1.1500,0.2649,-0.2901,0.5462
-1.3411,-2.5192,-1.4424,-2.0583,-1.1110,0.7631,0.7867,-0.3343,-0.7681,-0.2795
0.1659,0.9198,0.5025,0.7259,1.4675,-1.9511,-1.2429,-1.6169,-1.0970,-1.3200
1.5413,0.3899,-0.3588,-0.1039,0.3772,-0.5132,-1.2385,-1.0263,-0.8242,-0.6420
-0.0806,0.7281,0.7910,-1.1135,0.4257,0.8433,0.8871,0.4921,0.6872,0.5924
0.2704,-0.0747,0.0541,0.6301,0.1786,0.9712,1.3844,1.4504,0.8954,1.1598
-1.6623,0.0367,-1.2719,-0.8879,-0.2426,-1.7775,-1.3388,-1.3029,-1.5062,-1.0569
0.7161,2.6732,2.7832,1.8801,2.2273,0.5872,0.3337,0.4842,-0.4781,0.2386
0.2607,0.4754,0.3981,0.2032,0.0367,0.2770,0.2922,-0.0813,0.2835,-0.3200
-1.8474,-1.6465,-2.4179,-2.9149,-1.9623,-1.4062,-0.7223,-2.1621,-0.7939,-1.4187
-2.1920,-1.4941,-1.0163,-0.6529,-1.3991,-0.3382,-0.2408,-0.0059,-0.2416,-0.1585
-0.3845,-0.7336,0.9756,-1.0898,0.2490,-1.7021,-1.1493,-0.5439,-1.9336,-1.3600
-2.1019,-1.8542,-3.2316,-1.1239,-1.6982,-0.5724,-0.7949,-0.4400,0.1023,-0.1519
0.7321,0.9848,-0.0432,2.2905,1.1458,1.2763,0.6039,1.3340,0.7182,0.0947
0.5976,0.7970,0.6779,0.5273,-0.0444,-0.7315,0.1458,-0.4006,-0.3416,-1.0040
-2.1108,-2.2541,-1.1757,-2.1626,-0.9776,-0.3595,-0.5929,0.0008,-0.8486,0.4864
-2.9372,-1.8966,-1.4750,-1.4505,-3.4367,-2.0074,-1.4667,-0.6671,-2.0327,-1.6760
0.2884,0.6087,1.4302,1.1015,1.5152,1.1663,0.3099,0.4932,0.4185,0.7829
0.0039,0.5171,1.4051,1.1498,1.0072,-0.0563,-0.6500,0.3865,-0.2641,0.5860
0.7301,0.2780,1.2983,0.7579,0.8925,0.7315,-0.4167,0.1226,-0.5082,0.3757
1.3036,0.9062,1.0200,-0.4863,2.0095,-0.8671,-0.6422,-0.7394,0.9263,-0.0264
0.2815,0.0552,1.0601,0.5687,-0.7355,0.7936,-0.2893,-0.6866,-1.2943,-0.5318
0.0176,-0.1544,1.7237,0.4838,0.0032,-2.2828,-0.7249,-0.6419,-1.2310,-0.1257
-0.0681,-0.4957,-0.9774,-0.2224,-0.6279,0.1804,-0.2628,-1.1628,-0.3735,-0.4776
0.7906,1.7901,2.3126,2.9063,0.6867,0.4858,0.5477,0.7073,-0.0878,0.3733
-0.9270,0.4342,-0.3441,1.5054,0.2573,2.4312,1.4906,2.4691,2.1544,1.5854
0.8504,0.1275,1.3505,-0.8299,-0.3695,-0.2286,0.3540,0.0474,-0.4227,-0.6646
1.7138,0.9890,1.6944,2.6401,1.4252,1.4052,2.1969,2.3182,1.3516,1.9185
0.4567,-0.3761,-0.7205,-0.5152,-0.4190,0.7027,0.6582,0.3003,0.5005,0.4548
2.0076,2.0493,1.3969,1.2498,2.2780,0.6114,0.8164,0.5607,0.8667,1.1434
-0.2704,-0.7994,0.2397,1.0071,-1.6452,0.8816,1.5700,1.3742,1.9025,1.2020
0.6229,1.0977,1.6677,0.7286,1.0376,1.9891,1.7815,1.4868,1.2668,0.5109
0.7317,0.6696,0.5973,-0.4861,1.3744,-0.6995,-0.6317,0.3816,-0.2519,-0.0380
0.4834,0.6568,-0.4358,-0.1519,-0.3629,1.3435,1.6739,0.1776,1.1176,0.4655
-0.4038,-1.1024,-1.2763,-1.1208,-0.6455,-1.0542,-0.8052,-0.3549,-0.5692,-1.3544
-1.9588,-0.1769,-1.5038,0.1020,-0.8059,1.8512,2.2145,1.2071,2.4430,2.6999
0.2896,0.1322,1.0904,-0.4618,-0.1052,-0.7796,0.1220,-0.6952,-0.8808,-0.2672
0.9385,-0.5073,-0.0909,-0.1382,-1.7698,-1.7408,-1.7777,-2.1868,-0.8010,-1.3547
-1.5389,-1.0767,-1.4771,-0.8991,-2.6338,-0.2018,-0.0540,0.1228,-0.2653,0.3018
-1.4336,-1.9847,-1.0906,-1.6027,-1.4537,-0.1384,-0.3859,-1.2941,0.2917,-0.4009
-1.5996,-1.8011,-1.3984,-1.4434,-1.4344,0.5620,0.3979,1.3490,-0.2169,1.5592
1.7564,1.4294,2.2018,2.7722,1.1544,-0.9962,-1.9201,-0.8929,-1.3451,-1.5501
0.6089,0.2462,0.7883,0.5650,-0.2605,-0.6079,-1.5048,-1.0256,-1.3430,-1.1725
2.0544,3.1646,3.8226,2.6839,3.3912,1.0923,1.4762,0.2424,0.6589,1.1413
-0.0078,-0.6677,-0.4347,0.3284,-0.8130,-1.6578,-1.0476,-0.4129,-1.5581,-1.8811
1.6942,0.1299,0.0949,-0.3794,0.1876,1.8252,1.6615,0.7002,-0.1373,1.1698
0.3504,0.6319,0.9574,1.4262,1.2861,-0.4309,-0.7230,-0.0753,-0.5744,-1.0920
-0.0602,1.5370,0.6267,0.4354,0.5435,-1.8639,-1.0226,-0.6119,-1.3513,-0.7336
-1.1554,-1.5966,-0.4595,-1.7635,-0.8552,-0.4508,-1.1109,0.2329,-0.0893,-0.1839
-1.0008,-1.7465,0.4075,-1.2737,-1.7252,-1.3167,-1.4259,-1.4276,-2.7899,-2.1755
0.4580,-0.2096,-0.0722,-0.2864,0.0058,0.4009,-0.8997,-1.6535,-0.6858,-0.4582
0.0953,0.0843,1.9766,0.1731,0.4920,-0.8661,-0.9045,-0.6146,-1.0088,-1.7752
2.1383,2.3809,1.0064,2.6179,1.3398,1.2802,0.5200,1.7793,0.0830,0.7166
2.1763,0.6317,2.6635,2.2298,1.8356,0.9107,0.3982,0.0954,1.2269,0.1655
0.0152,-0.6700,-0.4643,0.0791,0.3837,-0.6296,0.0015,0.0882,-0.5980,-0.9653
0.4826,0.5002,0.2593,0.2137,-0.0118,0.0613,0.0304,0.2628,0.5492,-0.0373
-1.4093,-0.3791,-0.9038,0.3469,-1.0951,0.7884,-0.1755,0.4863,0.9935,-0.5069
-0.1272,0.2212,0.7018,1.4597,-1.1524,-0.2448,0.7687,0.7361,-0.1608,0.9477
0.0340,0.8439,0.5383,-0.5463,0.2043,-2.2471,-2.2177,-2.0179,-1.2664,-1.7208
0.9172,-0.3341,0.2819,2.0259,-0.0203,0.4621,0.7300,1.1114,1.0810,0.6374
-1.2715,-0.8447,-1.2413,-1.3615,-1.7625,1.6972,0.8647,1.4782,1.4207,1.5506
1.5375,0.6472,2.1118,0.7064,0.9114,0.2143,1.1912,0.9036,1.2786,0.8470
-1.7454,-1.5270,-0.7488,-0.8239,-1.2492,-2.3575,-1.5603,-1.8825,-1.9816,-1.7698
0.1281,0.2021,0.2068,0.5718,0.0950,0.6643,0.7683,-0.0931,1.2781,0.0255
0.0588,-0.7338,0.0667,-0.3419,-1.2945,-1.4818,-0.9649,-1.4576,-1.5331,-0.9645
1.4407,0.1441,0.1949,-0.4417,-1.3858,-0.0100,0.3180,0.3599,-0.1761,0.4481
1.0467,0.9718,0.7369,0.5170,1.7303,1.8736,0.8977,1.2067,1.3422,2.1552
0.8037,1.8807,0.7397,2.0885,0.9371,0.5259,0.4799,0.5147,0.5092,0.1405
0.1310,-1.9161,-0.1791,-0.5299,-1.0620,0.5345,0.3069,1.1750,-0.9835,0.6162
-1.2223,-1.5950,-0.2813,-2.3223,-2.1887,-0.0000,-0.5707,0.0648,-0.1067,-0.1756
1.2807,1.4389,2.1372,1.8434,1.3678,-0.1713,-0.4204,-0.4595,-0.3357,-0.9332
-1.4021,0.0318,-1.2433,-0.8659,0.4539,-0.0588,-0.0802,0.6253,-0.1195,-0.4416
0.4399,-0.1033,0.5047,0.6879,0.2845,0.5329,-0.0084,-0.1147,-0.5633,-0.4165
0.8115,1.4904,1.2634,1.2557,1.7403,1.6962,2.4147,2.3026,2.3962,1.9045
0.9298,0.8850,-1.0449,0.0445,0.5992,1.1649,1.3660,0.8032,0.2584,1.2178
0.1123,0.4478,0.6057,-0.9527,-1.3318,0.2157,0.2609,1.1964,0.7424,2.3584
0.0316,0.4913,-0.2191,-0.2102,0.3841,1.5919,1.1487,1.6128,1.4191,0.3750
0.1505,-0.1249,-0.5968,-1.0293,0.0017,0.0252,0.0692,0.2527,2.1220,0.0237
1.8095,2.1585,2.2210,1.5263,1.3331,1.4893,1.4089,1.0942,1.2902,0.2415
-1.5218,-2.1806,-1.6025,-3.0016,-2.0818,-0.4615,-0.9636,-2.0597,-0.8971,-1.0938
1.6879,1.0272,0.2003,0.0751,0.7056,1.0696,0.7084,0.3582,0.9482,0.9846
-2.1088,-2.8857,-2.6259,-3.8487,-3.0860,-0.5431,-0.5760,-0.3273,-0.7487,-0.0338
0.0369,-0.4625,-0.0749,0.9665,-0.1629,2.0348,3.5240,2.8994,3.2520,2.5948
2.9398,2.2039,2.0439,2.6491,1.9402,0.9832,1.7987,1.8653,1.3761,1.7050
-1.1454,-0.4539,0.9527,-1.4961,-1.8789,-1.4326,-0.5774,-1.1596,-0.6200,-0.4032
0.3491,1.1441,1.0097,0.2784,0.1105,1.9801,0.6087,0.7348,1.5409,0.8510
0.3181,-0.7395,0.6977,0.4017,1.3682,-1.4546,-1.1798,-1.8369,-0.3053,-0.1677
-3.8273,-2.9924,-2.5889,-2.8320,-1.0639,-2.6579,-1.3765,-2.2502,-1.4362,-1.6821
1.2999,0.0355,0.4146,0.9835,-0.0659,0.1876,0.0571,1.2133,1.1847,0.8631
0.2556,-0.7920,1.6677,-1.0253,-0.4070,1.6089,0.8929,1.1076,1.5165,1.3900
-0.3573,-0.4302,-1.7664,-1.0648,-0.2275,0.7136,0.5589,1.5074,1.1806,0.7506
-1.7878,-0.2191,-2.7104,-0.4746,-2.4674,-1.5856,-2.2541,-2.6667,-1.6872,-3.0270
-1.9613,-0.7786,-1.5138,-1.5043,-0.7417,-0.8607,-0.1015,-0.0428,0.1498,-0.8860
0.1094,0.1577,-0.3876,0.1426,0.0277,0.9500,0.9198,0.9404,1.5396,0.4912
0.6634,0.4869,1.1274,1.6947,0.8501,-0.1097,0.3072,0.5799,0.7929,0.3179
0.4449,-1.1302,0.2161,-1.3792,-0.7914,-1.5306,-0.9855,-1.5151,-1.1818,-1.3632
0.4692,0.4840,1.0357,0.8134,1.8630,-2.3099,-2.0742,-2.2718,-2.2712,-2.6108
0.1200,-0.6993,-0.6768,0.6254,-1.0570,-1.4681,-0.1071,-1.5863,-1.3212,-1.1645
1.5285,0.5115,1.2752,0.9283,2.0815,0.1892,-0.7631,-0.6450,-1.0679,-0.4443
0.3097,-0.6923,-1.0913,-0.4133,0.2410,-1.4145,-1.6846,-0.4400,-1.3201,-1.1740
-0.6425,0.5504,-0.5190,0.2504,0.0403,-0.0510,0.5473,-0.1879,0.0459,-0.0464
1.6684,-0.7313,0.4539,1.4132,1.7229,-0.6023,0.1396,-0.7749,-0.1870,0.0417
-0.6771,-1.0273,-0.6359,-0.5526,-1.2502,0.5704,-0.5904,-0.0549,0.4074,-0.0103
1.4260,1.6958,0.8777,1.6994,1.2074,-1.1531,-1.0674,-0.5173,-0.9774,0.5183
-0.7513,0.2155,-0.3309,-0.1366,-0.2072,0.4212,1.4979,1.0976,1.2255,1.9190
-1.7068,1.2330,0.6419,0.2257,-0.6663,-1.1720,-0.5513,0.5117,-0.2149,0.1991
0.4263,1.2501,0.1846,0.2736,1.0143,-1.1063,-0.8691,-2.1211,-1.1970,-1.4167
0.1498,-0.7701,0.5885,0.6702,1.0187,0.7393,0.2706,0.6630,0.7736,1.4592
0.9536,1.9632,-0.1800,0.9297,1.9096,0.3637,0.1913,-0.8792,0.3359,-0.0685
1.1222,0.6875,0.9960,1.0016,0.1307,-0.1042,0.1488,-0.5255,-0.2903,-0.7305
-1.4879,-1.6218,-3.0985,-1.9231,-0.2173,-0.9735,-0.9797,-1.5535,-1.4318,-0.8270
0.2447,0.9639,0.5939,2.4935,-0.0973,0.7860,1.2499,2.3577,1.2703,1.8695
-0.6366,-1.6588,-2.8062,-1.8046,-2.6621,-2.6918,-2.4802,-2.9195,-3.2071,-3.0908
0.5873,1.2230,0.3402,0.7715,0.7566,2.1611,1.1717,2.8444,1.7056,2.0696
0.1298,-0.5245,-0.3270,0.6349,0.4027,-1.0687,-0.8169,-0.1308,-0.6277,-0.1967
0.5534,-0.4088,-0.1922,0.9465,0.5723,-0.6321,0.9786,0.2727,-0.4181,-1.4631
-0.3523,-1.1709,0.7967,-0.7243,-0.1565,0.0666,0.9737,0.5241,0.2694,-0.1813
0.6667,0.7803,1.0706,0.1263,1.1262,-1.1865,-1.2878,-1.5417,-0.8540,-0.9515
-0.7679,-0.7725,-2.2957,-1.2869,-1.9660,-1.3315,-0.4440,-0.0263,-0.2995,-0.5489
2.3325,2.1041,1.6749,1.1527,0.4002,-0.0680,-1.1702,0.4939,0.6840,0.4137
0.6578,0.0260,-0.0913,-0.8689,-0.5641,-0.7215,-0.1706,-0.2975,-0.4857,0.2997
0.5526,-0.9385,0.1834,0.4809,-0.4905,-0.5708,0.1735,-0.2468,-0.4793,0.0688
1.4346,0.7022,1.5197,-0.3499,1.4794,-1.0199,-0.8141,-1.0028,-0.6443,-0.6807
0.4793,-0.5110,1.0485,-0.0096,0.7459,0.4877,-0.3201,0.7620,0.2833,1.3147
0.9015,0.0420,0.6930,-0.1443,0.5881,-1.9720,-2.3278,-2.3937,-2.0661,-2.8755
-0.1782,1.3483,1.7154,0.3688,1.3340,-0.1269,0.4302,-0.3023,-0.2717,0.1316
1.0884,1.3623,1.4167,1.1430,1.0651,0.3594,-0.8421,-0.2890,-1.4380,-0.1804
0.2219,1.3539,1.4646,-0.9263,1.7100,-2.4423,-2.3995,-2.1464,-2.8799,-2.8526
2.3052,1.4655,0.4607,0.4810,0.9702,0.9837,2.8397,1.3621,1.4038,2.3380
-0.1983,-0.1241,-0.4240,-0.0333,0.1928,0.1460,-0.3475,0.0194,-0.1439,-1.5014
2.4329,2.1735,1.9880,1.7105,2.8885,-0.9019,-0.9130,0.2077,-0.2639,-1.1183
-1.9116,-2.5729,-0.3426,-1.0572,-1.2535,-1.2901,-0.6577,-1.7052,-0.4661,-0.6766
1.7121,0.4667,0.7365,1.2259,0.8519,0.4132,0.8091,0.4862,-0.6058,0.3486
-0.6682,-0.3789,-0.5802,0.0652,-0.7431,0.1387,0.0581,-1.2467,0.4476,-0.5909
0.1983,1.5353,0.5698,0.9046,1.2614,0.2645,0.8179,0.4042,-0.4722,-0.2505
-0.8553,0.0939,0.1033,-0.9706,0.3040,-0.5975,-0.1675,-0.4907,0.1051,-0.2994
0.0686,0.2623,-0.0780,-0.4146,0.5718,-0.3737,0.5964,0.8596,-0.0549,0.0894
1.2744,-0.5673,0.6527,1.5144,0.8908,0.3494,0.6544,0.7554,0.9193,0.7055
1.2719,-0.6579,1.5339,0.2853,-0.2557,0.5403,1.1480,0.7903,1.2031,0.8723
-1.2850,-0.7960,-0.3166,-1.1416,-0.8248,-0.8955,-0.3124,-1.1242,-1.3828,-0.7009
1.8854,1.2041,1.3545,2.7060,3.2658,0.5460,0.3790,1.2717,0.0255,1.0589
0.3663,1.4123,2.1076,-0.1589,0.5489,0.6604,2.0714,0.8789,1.3575,1.1405
-0.6996,0.8266,-0.8315,2.1005,-0.1839,-0.5466,-0.2225,-1.3206,-0.7543,-0.9984
1.5659,0.8951,2.2781,0.4910,0.0930,-1.0326,-0.2716,-1.1907,-0.0789,-0.8302
-0.2359,-0.5545,-0.4798,-0.2782,-0.3099,-0.3107,-0.1148,0.1327,-0.4702,-0.5501
-0.3279,-0.3908,-1.6330,-0.4125,-0.7800,0.2002,0.1044,0.5439,0.4113,0.9115
0.9014,1.4965,1.8029,0.5489,0.2712,-0.2287,0.6844,-0.2149,-0.9797,-0.8229
0.3476,0.5473,1.3732,1.0629,-0.0625,-0.9900,-0.8870,-1.5557,-1.3848,-1.6406
-0.7660,0.3521,-0.0650,-0.9716,-0.6202,-0.4323,-0.2324,-1.3143,-1.2292,0.0797
1.2623,1.1713,-0.1010,0.5123,0.7388,1.0272,-0.0588,0.6702,1.1372,1.0260
0.6130,0.6577,-0.2712,-0.6804,0.7540,0.5555,0.6313,0.6355,0.5909,1.0363
-0.1632,0.6240,0.8933,0.2767,-0.1217,0.6625,1.0664,0.7212,0.5043,0.7572
-0.1979,1.2204,-0.5833,-0.5545,0.3784,-0.5105,-1.2716,-0.9108,-1.9765,-1.5600
1.2144,1.1302,1.3364,1.3592,0.9737,0.1820,0.4712,0.9587,0.1637,0.5526
-0.0198,2.0458,1.1241,1.4351,0.3011,1.4054,1.5480,2.4981,1.4358,2.0022
-0.5394,-1.3630,-0.5108,-1.4252,-0.4979,-0.5325,0.7668,0.3384,0.6997,0.9531
1.2119,0.4206,2.3970,0.8772,0.7185,-0.7309,-0.3627,-2.1832,-1.0356,-1.3064
-0.1713,-1.0793,-0.9232,-1.7239,-0.7535,1.0234,1.2628,0.5669,0.8771,1.4790
-1.2827,0.7240,0.1620,0.6735,0.1099,1.5311,0.9309,0.2709,1.5509,0.6709
1.4192,0.5050,1.7803,1.3013,1.0346,1.0155,0.7142,0.3763,1.2167,0.4566
-0.6121,-0.9375,-0.9586,-0.5601,-0.7533,-1.0063,-1.0822,-1.0275,-1.4053,-0.6735
0.2320,-1.0550,0.2083,-0.4426,0.5260,-0.8945,-1.0114,-0.6631,-0.4859,-0.9772
1.5213,1.8185,1.1455,1.1265,1.6499,0.8975,1.6119,1.0006,0.9424,1.4898
-1.9200,-1.7930,-0.3539,-1.9428,-0.6321,0.0055,0.1312,1.4410,0.5309,1.2192
-0.1395,0.2563,0.2666,1.5400,0.2737,1.5279,1.7309,2.0950,1.0491,2.0006
-1.5089,-1.4609,-2.3124,-3.2349,-2.2462,-1.1757,-1.1382,0.0487,-1.1049,-0.7983
-2.5017,-2.8157,-2.0529,-2.1467,-2.2927,-0.9267,-0.3601,-0.9877,-0.8514,-0.4853
2.0417,1.8208,2.0900,1.1047,2.4889,-1.0225,-0.3908,0.1558,0.0964,-0.1018
2.1310,0.9049,1.2932,0.9272,1.2574,-0.0986,0.4589,0.1601,-0.8395,-0.8175
1.1065,0.0046,1.0454,-0.0694,0.5323,-0.7236,0.7206,1.1298,0.5810,0.0084
-0.7170,-0.1958,-0.7485,-0.7750,-0.2759,0.3076,-0.0582,-0.2156,0.7100,-0.1641
-0.3967,1.5701,0.9373,0.2354,0.6108,-0.5616,-0.2180,-0.0013,0.0546,-0.4846
-1.3179,0.0472,-1.2697,-0.3888,-0.5181,-0.5466,-1.0149,0.0634,-1.3052,-1.8904
3.0185,1.0525,1.8428,0.4155,1.5372,0.3173,0.1995,0.1962,0.8427,-0.0885
-1.2560,-0.9740,-1.1857,-0.8245,-2.7137,-1.0939,-1.4481,-1.7643,-1.5020,-1.6395
-0.8861,0.8621,-0.7098,0.1617,0.6139,-1.3835,-0.7071,-0.9562,-0.2090,-0.8828
-0.2685,-0.3872,1.3344,-0.2734,-0.4025,-0.3915,-1.0694,-0.8950,-0.9865,-1.1897
1.0252,-0.2232,0.7796,0.3644,-0.4965,1.1713,0.3370,0.0307,0.1099,0.7732
-0.9482,-0.4980,-2.0341,-0.7049,-0.8298,-0.4705,-1.1315,-1.6639,-1.2024,-0.2651
0.3675,1.4580,-0.0270,0.9528,1.7411,-0.9362,-0.2822,-0.7118,0.4169,-0.2229
0.5302,0.0803,-0.0563,-0.0014,-1.1852,-1.3345,-0.5684,-1.2524,0.3194,-0.4599
1.6884,0.8635,-0.0189,-0.2776,1.0658,3.3958,2.2931,3.0399,1.9353,2.4173
1.4057,0.2264,-0.4423,-0.1626,-1.1924,-0.8650,-1.2483,-0.6980,-0.8149,-2.0367
1.0058,0.4924,1.1850,0.7474,0.7241,1.3049,0.4671,0.1219,-0.4574,0.3455
-0.3072,-0.2709,-0.0015,-1.7270,-0.2124,2.7763,2.7181,3.2178,2.9407,3.0046
0.0101,-1.1585,-0.4326,0.6439,-1.3907,-0.6881,0.1022,-0.8388,-0.8314,-0.4386
-0.5940,-0.3758,-0.5450,0.8209,-0.9061,-1.3506,-1.5715,-1.9399,-1.2326,-1.3679
0.1526,-0.4674,0.9139,0.2428,0.1384,1.5976,1.9879,1.3076,1.6356,1.1161
-0.0181,0.1465,0.7605,1.0670,-0.2626,-1.2992,-0.5702,-1.0953,-0.6308,-0.5597
-0.6945,-0.5777,-0.2814,0.5827,0.0620,-1.5475,-0.2358,-0.4866,0.2978,-0.5460
0.3215,1.2049,0.1381,1.2575,0.4571,2.1230,2.7299,2.4667,3.1108,2.0539
-1.6979,-0.0277,-0.6597,-0.7130,-0.4115,0.3645,1.4561,0.9788,1.4598,0.6696
-0.2964,-0.4197,0.1771,-0.9632,-0.2713,0.6595,0.5037,0.5595,0.9358,0.8484
1.1413,1.0989,0.4703,1.2959,0.7442,0.9159,0.7940,1.0785,1.0564,1.1938
1.7282,1.2150,2.7009,2.1935,0.5153,0.0083,-0.8816,-0.0689,-1.1611,-1.7533
-2.0113,-0.6005,-0.7957,-0.9099,-1.0591,0.4880,0.4489,0.9103,0.0304,0.7576
2.3078,1.1248,1.8561,1.4557,1.5879,-1.2182,-0.7271,0.1987,-0.1213,-0.3229
-1.3130,0.8068,0.2615,-0.2947,-1.2549,0.6535,0.7995,-0.4961,0.9744,1.0079
1.8622,0.7163,0.5646,0.7952,-0.3403,-0.2879,-0.8894,-0.8646,-0.8193,-0.8628
-1.4250,-1.1517,-1.3607,-0.4352,-0.8477,-0.2692,0.1134,-0.5196,-0.5909,-0.3944
-1.6555,0.2562,-0.9218,-1.2027,-0.3047,-1.9727,-1.7181,-1.7605,-1.6802,-1.3100
-1.2903,-0.6367,-0.5043,0.4922,-0.5584,0.0806,1.4019,0.4971,0.8168,0.1995
0.4480,1.3055,2.9825,1.6941,-0.1122,-0.0170,-0.1542,-0.0052,0.0036,0.7409
1.8302,1.0180,2.4622,1.3823,1.2463,0.7271,0.0277,0.4794,0.8640,0.9852
-1.1832,-1.2450,-2.0880,-2.7287,-2.2629,-2.3704,-1.1929,-1.7147,-1.8793,-3.2587
0.3672,1.7825,1.9839,0.6821,1.2527,1.9191,2.5118,1.6777,2.0473,2.1297
0.5191,0.8103,-0.6564,-0.2175,-0.2440,0.3749,0.8827,0.7627,0.7301,0.9966
0.0459,0.1867,2.1553,0.8835,1.5561,-0.4888,-0.1844,-0.1731,-0.4903,-0.6862
-1.4802,-0.5569,-1.9306,-0.8452,-0.2238,-0.9838,0.0779,0.8466,0.8283,-0.5937
-1.4847,-2.0330,-2.0089,-1.9480,-2.4127,0.3694,0.9267,0.6905,0.3746,0.3105
1.5030,0.3751,1.2681,0.7383,1.4845,1.8259,2.6740,1.6383,1.4646,2.7397
0.6121,-1.1974,0.5367,0.1903,0.3766,-1.1881,0.1273,0.0899,-0.8022,-1.1859
-0.4662,-0.2148,0.1738,-0.3558,0.4204,1.4911,2.3318,1.9794,1.3398,2.4295
-0.2377,-1.7629,0.2505,0.1937,-0.0650,-0.2736,-0.4680,-0.7313,0.6294,0.6425
0.0405,-0.0620,1.5169,0.0852,1.3946,2.3405,1.1413,0.5475,0.8591,1.5645
-0.6435,-2.3500,-1.9410,-2.0834,-1.8203,0.7251,0.4778,-0.5136,0.9066,0.0424
-0.7022,-1.2574,-1.1171,-1.6808,-0.5080,-0.7207,-0.6747,0.1544,0.5968,0.1621
-0.2923,-1.9463,-1.6933,-0.8252,-1.0603,-0.6434,-1.2419,-1.0305,-0.9666,-1.3319
2.7851,2.8699,3.3394,2.5498,2.0163,0.4079,1.1887,-0.3955,1.0740,-0.2973
-2.1856,-1.2599,-0.2895,-0.8018,-0.7821,0.6769,0.6502,0.0961,0.7543,1.0510
0.1885,-1.2086,-0.2050,-1.2099,-0.7807,0.1021,0.9734,0.0919,0.9040,-0.1056
-1.4723,-0.3333,-1.8097,-1.1801,-0.0937,-0.3990,-0.0172,-0.9882,-0.7614,1.1520
1.8338,0.6139,2.0660,1.4340,1.1295,1.7393,0.9427,0.8106,1.3359,1.3899
-0.6536,-0.2126,-0.5102,0.0012,-0.6222,1.1679,0.8348,0.3217,0.6042,0.1544
0.1439,0.4487,0.4926,-0.1320,-0.3520,-2.0994,-2.4665,-1.2248,-2.2013,-2.8354
-0.8855,-0.7301,-1.1056,-2.8795,0.4781,-2.0510,-2.5363,-2.0114,-2.4322,-1.5503
-1.0724,-2.8084,-0.3737,-0.7557,-2.7897,0.1805,-1.3744,0.4190,0.5556,0.2011
0.1267,-0.4454,0.1604,1.4254,-0.3241,-1.2811,-0.7515,-0.9781,-1.2386,-1.9746
0.8848,2.2394,0.8407,1.5138,2.7095,-1.8569,-2.9960,-2.3873,-2.4879,-1.9660
0.0234,0.8471,0.1957,1.1470,-0.0649,-0.5266,-1.0462,-0.9229,-0.4514,-1.8546
-0.9793,-0.3231,0.1170,-0.7737,0.3828,-0.9540,-0.7582,0.0632,-0.8349,-1.6616
-0.3603,-0.1601,-1.9805,-0.3478,-1.6218,0.9313,1.3979,1.4869,1.7257,1.3362
1.8406,2.4430,1.6040,1.1670,-0.4716,1.5415,1.2471,-0.0865,1.4917,1.2473
-1.0046,-2.0535,-2.1048,-1.2487,-0.6858,-0.3080,-1.1081,-0.8166,0.0721,-0.7194
0.6192,1.0466,2.0802,1.4433,0.5264,-0.2611,-0.4609,-0.9549,-0.9319,-0.9596
-2.8296,-1.3068,-1.4893,-1.0941,-2.0263,-0.0038,0.5842,0.9963,-0.0465,-0.3139
-0.2877,1.0292,1.2837,1.6975,0.9611,-0.7146,-0.6688,-1.0695,-1.3179,-0.7780
0.1297,-0.0702,0.7940,0.0925,0.7214,1.2099,2.0757,1.5231,1.7281,1.2704
-0.4325,-0.9187,-0.2444,-0.8559,-1.1874,2.0124,0.7541,0.6551,0.7851,1.7911
-1.1420,-0.3709,0.3315,0.0668,-0.5373,1.8596,1.6116,1.3447,1.5057,0.9391
1.1903,-0.2335,1.1503,1.7156,0.8131,-0.5008,-1.5431,-1.0742,-1.1926,-0.4612
0.5863,1.5895,1.8151,1.5036,1.2013,2.1101,0.9889,0.1474,1.7161,1.8042
-0.3972,-1.3036,-1.1138,-1.7624,-0.1037,-0.9117,-1.3492,-1.5862,-0.9330,-1.4967
0.0792,0.7307,0.5072,-0.1363,0.8584,2.5579,1.0536,2.1482,2.1992,1.4660
-0.1972,-0.8655,0.3551,-0.5135,0.9713,0.9231,0.9708,0.8219,0.4091,0.8593
2.2331,3.3008,2.0790,3.2494,1.6952,-0.0874,0.3452,-1.2495,-0.7149,-1.4619
1.5870,1.0619,1.2746,0.6887,0.6457,0.4156,0.5795,-0.1213,0.9689,0.2652
1.5784,0.2443,-0.2185,0.2575,0.8330,0.3950,0.3072,1.0819,0.5076,-0.2782
-1.4364,-2.1602,-2.0909,-1.5647,-1.9298,1.1618,0.0580,0.0725,0.4811,0.5508
-0.0855,-0.9256,0.7222,-0.1211,0.4434,1.1506,0.4321,0.2418,-0.0961,0.9811
-0.7948,-0.2004,0.7562,-0.2986,-0.5290,-1.7764,-0.8554,-1.3453,-1.9526,-0.6703
-0.1975,-0.7360,-0.6306,-0.1609,-0.1435,0.2881,-1.5250,-0.7152,-1.0619,-1.6656
-0.0372,-2.0168,-1.4044,-0.9239,-0.7993,1.0209,0.3770,1.2315,0.6319,0.1621
0.1909,0.7407,0.6878,-0.2935,0.0395,1.6169,0.4601,1.5095,1.2557,0.7732
1.2104,-1.0842,0.2028,0.5469,1.1566,-0.3645,-0.3924,-0.9076,-0.6345,-0.7604
0.2672,1.0781,0.6700,0.3193,0.3201,-1.5142,-2.0190,-2.8859,-2.1090,-1.8706
1.8949,0.4468,0.9933,1.5289,1.1112,0.0180,-0.0867,0.7371,0.8009,-0.5669
1.2027,0.7633,0.7630,0.9691,1.6767,0.4779,0.5735,1.6386,0.4716,0.6595
0.0773,0.2910,-0.5483,0.1029,-0.2791,0.1172,0.5523,0.9913,0.6919,-0.0163
0.7716,-0.5402,0.4381,1.0988,-0.2972,-0.6238,0.2832,-0.7399,-1.1819,0.3294
-0.2224,-0.5374,-0.1885,-0.6914,-0.1985,-1.5862,-2.0490,-2.2281,-1.8601,-1.4253
-0.6680,-0.8936,-0.5989,-0.0679,-1.9118,-0.0364,0.2433,0.2869,-0.1712,0.8754
0.0534,1.5841,2.0635,-0.1137,-0.2048,1.1357,0.8836,0.3655,0.4651,0.0454
0.6502,-1.1928,-0.7034,0.2995,-0.0278,-0.4458,-1.0951,-2.5523,-1.6700,-1.1165
1.3396,1.6196,1.2753,0.9565,1.4565,1.5162,1.7870,1.3206,1.5257,1.9827
-1.4807,-1.2669,-0.8949,-0.6695,-2.2767,0.6663,0.6224,0.4565,1.0354,1.4282
1.9230,-0.5526,1.6483,0.7109,0.7058,-0.4402,0.1488,-0.6552,-1.3970,0.0284
0.0296,-1.6261,-1.5450,-0.9524,-1.5357,-0.6801,-0.7225,-0.5665,-0.7846,-0.8286
-1.7407,-1.0295,-0.9693,-1.3151,-0.3979,0.8743,0.1981,-0.5318,0.2667,0.4041
0.9956,0.1460,1.0522,1.7207,0.7655,-0.6552,-0.8378,-0.4084,-0.4402,0.5346
-1.3710,-0.6500,-1.1970,-0.5897,-0.5056,-0.6919,-1.9904,-0.9082,-1.3647,-1.0776
-0.4898,-0.6251,1.2752,0.9896,0.1003,-0.9249,-0.7788,-1.7584,-0.3925,-0.7434
-0.7082,0.0806,-0.6515,0.1721,0.2707,-0.4195,-0.6249,0.0114,0.3146,-0.2254
0.3507,-0.3219,-0.4343,-0.3863,-0.1421,-1.2540,-1.2033,-2.0318,-2.3109,-1.3667
-0.1116,-1.3046,-0.4034,-0.1165,-0.7512,0.5049,0.4250,0.1620,-0.1333,0.3666
-0.1944,-0.3498,-0.4224,-1.5442,-1.1899,-1.0795,0.2296,-0.2435,-1.2950,-0.0570
-0.8884,-1.3921,-0.4460,-0.6132,-1.8301,0.3854,-0.0007,-0.6653,0.5500,0.4637
-2.4005,-2.2080,-3.1560,-1.1007,-1.5454,-1.2211,-0.4364,-0.3237,-1.5881,-0.4059
0.3435,1.6746,1.2446,1.8120,1.1246,1.1851,0.3997,0.9338,0.0551,1.2781
-0.4654,-0.1048,-1.8763,-0.5677,0.1695,-1.2618,-1.2113,0.0092,-0.2837,-0.7095
-0.3917,-1.1313,-0.2495,-1.2158,-0.2500,0.2452,0.0482,-0.5043,-0.7414,-0.8590
0.9448,0.2836,1.2462,0.6515,0.2494,0.2756,-0.2983,0.2872,-0.1325,-0.3900
-1.1782,0.1483,-1.6170,-1.2382,-0.5529,1.4750,1.5815,0.7186,2.3847,1.2203
0.8637,0.6065,0.4146,0.8335,-0.4820,-1.0820,-0.8352,-2.3008,-1.6429,-1.6066
-1.4806,-2.0288,-1.7759,-1.9182,-1.5819,-1.7198,-2.5895,-1.7748,-2.1505,-1.6872
-2.0044,-1.8591,-0.9439,-1.6588,-1.5450,-1.2888,-0.4014,-0.8468,-1.1558,-0.9301
-0.1214,-1.0140,-1.1720,-2.3109,-0.3068,1.1005,1.4378,-0.2857,1.0916,0.6869
2.2004,-0.0096,-0.0981,-0.6168,0.0186,0.8880,0.0693,0.8796,0.1574,0.0426
1.8209,0.8211,1.4520,1.2515,2.4499,0.1276,0.0364,0.2319,0.5532,0.6500
0.6435,0.5709,-0.9797,0.9779,1.6093,1.7201,0.2978,1.1994,0.3432,1.0557
-3.0828,-2.4714,-2.3359,-1.7174,-2.9809,-0.3397,-1.8509,-0.1487,-0.3498,-0.2556
1.8166,0.6589,0.0624,2.3431,1.0536,0.8831,1.1875,1.3446,1.1374,1.7400
0.4782,-0.4039,-0.5275,-0.7853,-0.5557,0.9942,1.6220,1.2241,0.5331,0.9200
1.9455,2.6722,1.4320,1.2179,1.6719,1.6721,0.9210,0.7620,1.0538,1.5063
0.7016,-0.2699,0.4111,-0.5820,0.5117,-0.7781,-0.1364,-0.9759,-1.0725,-0.3632
1.5589,-0.5676,2.3973,0.1808,0.2906,0.1645,0.2659,0.1161,-0.7247,-0.7588
1.9688,1.9768,0.6201,2.0312,3.0072,2.0559,1.7520,2.2507,1.9843,2.7046
2.2476,2.1956,1.6303,2.6882,2.3956,-0.0751,-0.3617,-0.2164,0.5044,-0.0074
-0.6806,0.9193,0.1446,0.9672,-1.1318,0.5967,1.2650,0.7461,0.3477,0.6093
-0.6756,-0.3380,-0.5408,0.9794,-0.8099,1.1315,2.5969,1.8555,1.8860,2.4292
0.4370,-0.3891,-0.4246,0.5614,0.4076,1.3108,1.3780,0.6344,0.7414,0.7769
-0.3867,-0.6821,-0.7404,-0.6794,0.3388,0.3530,-0.1635,0.8647,0.0727,0.2154
1.9342,1.6046,1.3708,1.0709,1.2448,1.4563,1.6921,1.4197,0.0374,-0.0322
-0.0257,1.4384,2.0895,1.2185,1.6854,0.7757,1.0780,1.2662,1.0302,0.9674
-0.7753,0.0169,0.1607,-0.1463,-1.1305,0.2434,0.9754,-0.0653,0.7024,0.4489
0.4315,0.4671,0.6850,-0.1512,-0.8150,-0.7900,-1.4543,-0.9223,-0.5341,-0.8746
-0.6640,-2.3140,-1.5326,-2.1880,-1.4427,-0.4912,-0.5392,-0.9797,-1.5410,-1.3829
-0.3870,-1.5046,-0.6658,0.5167,-0.1946,0.4834,1.3606,0.5077,0.3440,0.2240
-1.7434,-1.0854,-2.1072,-0.4463,-1.9113,1.4877,0.3902,0.6742,-0.1957,0.4325
0.3302,0.1459,0.6809,1.3620,1.1022,-1.4024,-1.0501,-1.9482,-2.2512,-0.8955
1.2751,1.6693,1.1412,1.3509,1.5644,1.4364,2.6899,2.0080,2.2002,1.4340
-1.9364,-1.2809,-0.2484,-0.4340,-1.9739,-0.2679,-0.1259,-0.1440,-0.3009,-0.0017
-0.0929,-0.8191,-0.6736,0.5797,0.9744,1.7718,1.3670,0.3421,-0.1133,1.3936
0.1123,-1.3724,-1.2042,-0.7153,-0.9814,-0.7237,-1.5664,-1.4542,-0.4926,-1.8034
-0.2343,0.5676,-0.7237,-0.6480,-0.1289,0.8630,0.1451,0.2558,-0.2699,-0.2798
0.4688,-0.3758,0.6978,-0.7193,0.2393,1.0794,0.4654,-0.2791,1.5473,0.6837
-0.3349,-0.6224,-0.9443,-1.2733,-1.7560,-1.5594,-1.9045,-0.8388,-1.7482,-1.0894
-0.5235,-0.4054,-1.0825,-1.2630,0.4205,-0.5002,-0.3066,0.5683,-0.3316,0.0959
-0.5464,-0.7648,-1.3055,-0.8874,-0.6205,-2.6957,-2.1217,-0.9924,-0.9489,-1.4722
1.5656,-0.9060,0.7718,0.9097,1.2045,-0.5876,-1.1670,-0.6539,-1.8929,-0.3379
-0.5070,0.2499,0.9873,-0.1646,0.5089,-3.1015,-2.3046,-2.1759,-2.4196,-2.9447
0.3935,0.2279,-0.1621,-0.2684,0.3760,-0.1528,-1.5160,-0.8697,1.0617,-0.1390
1.9536,0.8692,1.3111,0.3979,0.8596,-0.3420,-1.2170,-0.9554,0.4445,-0.7464
0.4839,1.2084,0.6743,0.1913,0.4009,-0.0817,0.5227,-0.6920,-0.5049,-0.1300
0.1690,0.4590,0.8352,0.0512,0.7215,2.1884,1.1429,1.0194,0.8951,1.2522
-1.3602,-0.3056,-1.0583,0.4920,-0.3016,-0.3011,0.8158,0.9317,-0.0007,-0.4135
-2.3664,-2.4561,-1.1677,-1.8298,-0.4926,1.7419,1.4272,0.5468,1.3753,1.3767
-0.1089,-0.6431,-1.2464,-0.9982,-0.0778,-0.4548,-0.6286,-0.4319,-0.8961,-0.3547
0.8008,-0.2683,-0.3813,-0.8924,-1.4764,0.3805,1.3501,0.6833,0.3624,0.9266
0.3130,0.5129,-0.0999,1.0273,0.9093,-0.4779,-0.4962,-0.9292,-0.2640,-1.1504
0.0972,-1.0632,0.5199,-0.6165,-0.5670,-1.3416,-1.7494,-0.5146,-1.3809,-1.2505
1.1452,-0.2136,0.9173,-0.0011,0.9180,-0.1459,1.7088,0.3383,0.5217,1.0804
0.4530,0.6402,-0.7893,-0.1505,-0.7425,2.7379,3.6332,3.1644,3.3781,3.0808
-0.4759,0.0126,-0.6556,0.6086,-0.5015,0.6819,0.7131,0.7650,-0.4687,0.8226
0.2447,-1.2968,0.0204,0.0667,-1.8142,-0.5688,-1.1584,-1.3519,0.1119,-0.8512
0.7247,0.5141,0.6400,0.3159,0.5598,-0.6473,-1.0859,-0.8962,-1.2079,-1.2930
-0.5291,0.1295,-1.3310,-0.6149,0.4297,-1.0323,-0.8052,-0.4492,-0.0688,0.2593
0.6487,-0.3722,-1.4065,-1.0643,-0.4447,0.1651,1.2552,0.8733,1.8050,1.0077
0.3783,1.5773,-0.0687,1.0108,0.1472,1.5858,2.1469,1.4809,1.8900,1.7919
0.2181,-0.9757,-0.9208,0.1881,0.6240,-2.8223,-2.2738,-2.2106,-1.9470,-2.3648
1.2600,-0.0271,0.3761,1.2883,-0.7494,-1.2658,-0.7858,-1.4404,-0.9645,-1.1779
-1.3615,-1.0229,-0.5864,-0.1255,-0.4275,-0.8730,-0.5050,0.1013,-1.1278,-0.5865
2.3762,3.2355,1.7709,1.3005,0.9492,0.4803,-0.5300,-0.4209,0.6168,0.3071
-0.5847,0.9137,-0.9784,0.4793,0.3925,0.2110,0.2914,-0.0176,-0.1537,-0.9340
-1.6162,-0.4910,-0.6002,-1.3215,-1.1542,-1.9929,-2.5056,-1.5341,-2.3186,-0.2570
1.0471,0.5685,1.4518,1.1601,1.0120,-0.2420,-1.1370,-0.8682,-0.7982,-1.3188
1.8385,0.8673,2.0312,1.6266,1.6431,1.5184,0.5496,1.8297,1.0101,1.0543
-1.8960,-2.2381,-3.6350,-2.6921,-3.3454,-1.0430,-0.1824,0.2904,0.0762,-0.7617
-1.3691,-2.8574,-2.2540,-1.7155,-2.0847,-2.1290,-2.0831,-2.7424,-2.1376,-2.0269
0.9873,2.0044,0.5747,0.5872,0.4705,0.6903,1.3989,1.3534,0.9742,1.0104
1.0464,1.0220,0.2232,1.0099,-0.8896,-0.4710,0.5475,-0.2821,0.3896,0.2019
2.2949,1.9826,2.0592,2.3039,1.9136,-0.0030,0.2701,0.0851,-0.1475,0.4566
0.2497,-0.2467,-0.7043,0.2555,-0.0473,-0.3879,0.2956,0.2597,0.7295,0.2232
-0.3021,0.8783,0.2144,1.3017,0.0581,0.4924,0.0361,-0.1470,0.4423,0.2611
0.7533,-0.3041,0.0283,-0.7068,0.5246,-1.5415,-0.8771,-1.8227,-1.3339,-1.3911
1.8127,2.6177,1.2684,0.7177,1.9963,0.4481,1.4212,0.4605,0.9508,0.8846
0.2061,0.7695,-0.0630,0.4715,2.1015,-2.4887,-1.9629,-1.4277,-2.6523,-2.1358
0.1715,-0.7760,0.5559,-0.2863,-0.5916,0.1391,0.4749,0.8019,-0.0264,0.2465
0.8144,-0.3878,0.0487,0.6284,1.3206,0.1368,-0.6884,0.7091,-1.1187,-0.5303
-1.2986,-1.5733,-1.2992,-1.1330,-1.1930,-1.5069,-1.9312,-2.5279,-0.5368,-1.5798
1.1596,0.4673,1.9888,0.5850,0.3974,-0.2068,0.4460,-0.3381,0.2353,-0.5401
-1.3635,-1.4397,1.1487,-0.9418,-1.2776,0.4100,1.0946,1.4750,0.4502,0.3589
-0.1282,-0.3511,-0.4345,-0.5809,1.1517,-0.7735,-0.9751,-1.9033,-1.2676,-1.5212
0.2039,1.4663,0.6369,2.4051,0.4573,0.6154,0.5870,0.8866,0.5380,1.1764
-1.3645,-0.1164,0.4279,-0.7254,-1.6936,-0.1586,-0.2989,0.0649,-0.0127,0.1279
-1.5648,-0.0596,-1.0066,-0.1137,-0.0380,-1.8408,-1.8474,-0.8499,-1.7936,-2.1695
-2.7744,-2.7424,-2.5173,-2.5131,-2.0420,-0.9023,-0.5994,-0.3014,-1.0377,-0.2921
1.0563,-0.4957,0.8307,0.9235,-0.3389,2.3428,1.1067,0.7735,2.4201,1.0243
2.1508,2.6625,2.0752,1.2245,2.3598,-0.9126,-0.1934,-0.4312,-0.4478,-0.4666
1.8605,1.6456,2.0381,1.6681,1.3534,0.1399,-0.1948,-0.7061,-0.4688,-0.9366
-0.1249,0.1865,0.5193,-0.4489,0.9050,-0.3942,-1.3865,-0.4151,-1.4448,-0.4622
-1.8193,0.5216,-1.1486,-0.0956,0.2694,-1.4815,-1.4298,-1.2905,-1.9787,-1.2156
-2.3069,-2.0848,-2.0233,-2.2716,-3.1719,0.4586,1.9257,0.1460,0.7005,1.2341
-0.5613,0.1867,-0.1690,-0.3336,-0.2821,0.4120,1.3856,0.7634,0.3633,-0.2543
0.8919,1.8706,0.6479,1.3456,0.1455,-0.3642,0.3140,0.4668,0.3476,0.0859
-0.1530,-0.6698,-1.0154,-0.9038,0.7157,0.6839,-0.0821,0.5741,-0.2071,-0.1481
-1.6510,-1.6922,-0.7546,-1.4703,-1.8808,-0.3926,-0.1554,-0.4125,-0.5940,-0.0856
0.6080,-0.2371,0.1297,-0.0737,0.0119,0.5803,0.6261,0.4356,1.0597,0.5275
-0.5202,0.0250,0.3983,1.2496,-0.4354,-0.2859,0.5109,0.5362,0.6826,0.0432
0.4897,-0.0572,-0.6446,0.9517,0.5400,-0.5499,-0.3121,-0.5709,-1.2242,-1.4364
2.0652,1.5672,0.4654,2.2886,1.6331,-0.6343,-0.8873,0.1182,-1.1467,-0.5510
0.8672,-0.4124,0.7112,0.8416,-0.1135,1.1777,-0.3580,0.4566,0.7975,0.1467
-0.1358,1.1993,-0.2347,0.5892,-0.2151,-0.5279,-0.7844,0.3497,-0.7303,-2.0319
-0.5940,-0.8449,-0.6246,-1.3662,0.2644,0.0448,-0.5751,-0.5501,-0.7003,-0.2363
1.2195,0.8656,1.8586,-0.1071,1.0497,3.0644,2.2074,1.2714,3.2814,2.5286
0.8157,-0.1173,0.3160,-0.6665,0.6534,1.0350,1.9935,1.0875,1.0387,2.4667
1.7033,2.3986,2.7248,3.2056,2.5789,0.5664,0.3941,0.4770,0.6135,0.9093
-1.5604,-0.8491,0.1746,-0.8149,-1.6753,0.9344,0.1780,1.1916,-0.2880,1.2234
0.3263,-0.7234,0.4724,1.2402,-0.6932,0.9027,0.0163,0.3555,0.6496,1.4667
-0.1926,1.3706,0.5377,0.5217,1.1522,0.0262,0.1253,0.9428,0.5171,1.0040
2.1354,-0.1622,1.7510,1.7727,0.4677,-1.0619,-0.4477,0.6392,0.4779,0.0926
0.2150,-0.8830,0.3763,-0.2730,-0.1855,-0.9249,-0.7353,-0.5061,-0.8658,-0.1009
