x1,x2,x1m,x2m,y
-1.8814,-0.4259,NA,-0.4259,10.3118
0.9512,1.3379,0.9512,1.3379,12.2417
-0.9528,-1.0521,NA,-1.0521,10.1180
-0.2307,1.8006,-0.2307,1.8006,11.2141
0.2604,1.1537,NA,1.1537,11.1959
0.5051,-0.4303,0.5051,-0.4303,8.8103
1.7128,-0.0056,1.7128,-0.0056,12.3508
-0.4077,-0.1713,-0.4077,NA,9.5750
-0.1571,1.8879,-0.1571,1.8879,11.4335
0.6991,-0.7062,0.6991,-0.7062,10.4396
-1.7574,-1.0101,-1.7574,NA,8.6375
-0.5417,-0.5608,-0.5417,NA,8.1920
-1.2315,-0.1474,-1.2315,-0.1474,10.1246
0.8890,0.1517,0.8890,0.1517,10.5761
-0.9817,-0.6594,-0.9817,-0.6594,8.8902
-0.5221,-0.3038,-0.5221,-0.3038,9.0766
0.0333,0.5434,0.0333,0.5434,10.4994
-1.2333,-1.8729,-1.2333,-1.8729,9.2347
0.4698,0.3390,0.4698,0.3390,11.9657
1.5554,-0.3415,1.5554,-0.3415,10.7401
0.9965,0.6886,0.9965,0.6886,9.9029
-0.1738,-0.9366,-0.1738,-0.9366,10.0451
0.3098,0.0136,0.3098,0.0136,10.6575
0.1368,-0.6047,0.1368,-0.6047,9.2942
-1.4000,0.7627,-1.4000,0.7627,9.0006
-0.7165,-0.8475,NA,NA,9.2375
-1.6384,-0.5380,-1.6384,-0.5380,9.1659
-0.6375,-0.5185,-0.6375,NA,9.1390
0.8761,1.7677,0.8761,1.7677,9.8473
0.6795,0.9030,0.6795,0.9030,10.9081
-0.7073,0.1491,-0.7073,0.1491,11.2911
1.7698,1.1283,1.7698,1.1283,11.3880
0.0029,-1.4090,0.0029,-1.4090,9.8622
1.0128,-0.8392,1.0128,NA,9.2734
-0.3460,0.4773,-0.3460,0.4773,11.7556
0.6054,-1.8413,0.6054,NA,9.9752
0.3894,-0.5525,0.3894,-0.5525,10.2011
-0.8732,0.0964,-0.8732,NA,10.6803
2.0523,0.6837,2.0523,0.6837,10.6896
-1.3875,0.5254,NA,NA,9.0996
-0.3496,0.6378,-0.3496,NA,9.7816
1.3397,0.4303,1.3397,NA,8.8799
-0.0661,-2.1860,-0.0661,-2.1860,10.0357
0.6704,-1.7063,0.6704,-1.7063,11.0445
0.4355,-0.6667,0.4355,-0.6667,10.7751
-0.6226,1.0690,-0.6226,1.0690,11.5701
0.2724,-1.5998,0.2724,NA,8.7261
-1.6718,-1.1413,NA,-1.1413,10.1998
-0.7768,-1.3225,-0.7768,-1.3225,8.9201
1.6130,2.7855,1.6130,2.7855,12.1941
-0.1224,-0.4929,-0.1224,NA,9.7627
-0.3073,0.6428,-0.3073,0.6428,11.4012
0.1073,0.6984,0.1073,0.6984,8.5524
-0.2915,-0.9095,-0.2915,-0.9095,10.2814
0.8610,-0.3217,0.8610,-0.3217,11.2693
0.9236,-0.7073,NA,-0.7073,8.8364
0.5903,-0.8542,0.5903,-0.8542,8.2205
0.6132,0.3255,0.6132,0.3255,11.1972
0.0996,-0.6854,NA,-0.6854,10.8022
0.7497,-0.8199,0.7497,-0.8199,10.4544
-0.3674,-0.4454,-0.3674,-0.4454,10.7865
0.2759,0.0564,0.2759,0.0564,11.9854
-0.4984,1.1311,-0.4984,1.1311,11.2204
1.6711,0.5493,1.6711,0.5493,10.3127
-1.9092,-0.1607,-1.9092,-0.1607,11.2467
0.8388,-0.6730,0.8388,-0.6730,10.8337
-0.2792,-0.6957,NA,NA,9.2514
-0.1731,-1.1536,-0.1731,-1.1536,9.4211
-0.5263,0.9825,-0.5263,NA,9.4735
0.2202,-0.4588,0.2202,-0.4588,9.1146
0.0316,-0.9720,NA,-0.9720,9.9422
0.8797,1.1982,0.8797,1.1982,12.9258
-2.2032,-1.8552,-2.2032,-1.8552,9.7293
0.9992,-0.0496,0.9992,NA,9.7229
-0.4821,-1.6742,-0.4821,-1.6742,9.2838
-0.7539,-0.7698,-0.7539,NA,8.4993
0.3942,-0.8130,0.3942,-0.8130,10.8442
-1.0432,0.1850,NA,0.1850,9.4872
-0.6079,-0.9953,-0.6079,NA,10.0296
0.9799,0.4835,0.9799,0.4835,10.0509
-1.3847,-0.4794,-1.3847,NA,9.5942
0.3452,0.7490,NA,0.7490,10.5391
0.5581,-0.4270,0.5581,-0.4270,10.2171
1.2610,2.9887,1.2610,2.9887,10.7074
0.1082,0.3664,0.1082,0.3664,10.0710
0.3471,0.5582,NA,0.5582,9.4409
-0.3157,-0.9588,-0.3157,-0.9588,9.7517
-0.0839,0.7372,-0.0839,NA,8.7046
1.4622,-1.1062,1.4622,-1.1062,10.4858
1.8499,0.3875,1.8499,0.3875,11.2941
-0.5870,0.4121,-0.5870,NA,10.8796
-0.9782,-1.0241,NA,NA,9.4898
0.0919,-1.0441,0.0919,-1.0441,9.8460
-1.1376,-1.5768,-1.1376,NA,8.6901
0.1445,-0.2996,0.1445,-0.2996,9.3573
-0.8923,-3.1464,-0.8923,NA,7.6224
-0.4793,-0.9719,-0.4793,-0.9719,9.7354
0.7574,1.0849,0.7574,1.0849,11.8938
0.8190,-0.6191,0.8190,NA,9.1878
-1.8172,-0.7204,-1.8172,-0.7204,10.0557
2.0849,0.2813,2.0849,0.2813,9.2754
1.2858,1.1823,NA,1.1823,11.2764
1.2600,-0.5445,1.2600,-0.5445,10.1788
0.0153,-0.3380,0.0153,-0.3380,9.2587
-0.6684,0.1186,-0.6684,NA,9.6322
1.1317,1.5457,1.1317,1.5457,11.2272
-0.1780,-0.4612,NA,-0.4612,11.3825
-0.0012,0.5143,-0.0012,0.5143,9.7306
-0.6046,-1.0692,-0.6046,-1.0692,9.5752
0.7806,0.4389,0.7806,0.4389,11.8434
-0.0859,0.0634,NA,NA,9.2005
1.6937,-0.0590,1.6937,-0.0590,11.4690
1.7940,1.0820,1.7940,1.0820,11.9962
1.4403,-0.4701,1.4403,-0.4701,10.0958
-0.8498,-0.9344,-0.8498,-0.9344,10.6398
-2.0825,0.1879,-2.0825,0.1879,10.3818
-0.5895,-0.5051,-0.5895,-0.5051,11.7312
1.1888,0.4604,1.1888,0.4604,9.6726
-1.3984,-1.0379,-1.3984,NA,7.8303
-0.1858,1.4200,NA,1.4200,10.9094
-1.8309,0.2214,-1.8309,0.2214,9.7911
2.1258,-1.6650,2.1258,-1.6650,10.5546
0.1784,0.8093,0.1784,0.8093,10.6740
0.0934,-0.7818,0.0934,-0.7818,10.6893
-0.9587,-0.3212,-0.9587,-0.3212,10.4467
-1.0604,-1.3418,NA,NA,7.7478
1.0722,2.0828,NA,2.0828,10.0030
-1.4248,-0.6017,-1.4248,NA,8.4417
0.2628,1.3191,0.2628,1.3191,9.0359
1.1986,-0.2414,1.1986,-0.2414,9.5522
1.3293,0.2162,1.3293,0.2162,10.7701
0.8480,-1.1025,0.8480,-1.1025,10.8896
2.0209,1.7074,2.0209,1.7074,12.2754
-0.2342,0.9142,-0.2342,0.9142,11.7761
-2.0711,-1.2532,-2.0711,-1.2532,8.8277
2.0458,1.3989,2.0458,1.3989,9.9067
1.0539,1.0666,NA,NA,9.9536
1.3062,1.9834,1.3062,1.9834,11.0736
-0.2104,-0.6424,-0.2104,-0.6424,9.7331
-1.5896,-0.8865,-1.5896,NA,8.8467
0.4067,-0.0080,0.4067,-0.0080,11.2065
-0.5478,-1.5259,-0.5478,-1.5259,9.6191
0.4523,-0.6899,0.4523,-0.6899,10.2573
-1.0075,0.6126,-1.0075,NA,8.3068
-1.2682,0.5463,-1.2682,0.5463,10.5414
0.8257,0.9927,0.8257,0.9927,11.3026
1.9176,0.6186,1.9176,0.6186,12.0906
1.2224,0.7207,1.2224,0.7207,9.8355
0.7871,1.8142,NA,1.8142,9.2437
0.4627,0.4379,NA,0.4379,9.1592
-2.8324,-0.1519,-2.8324,NA,7.5283
2.2278,0.6929,NA,0.6929,10.5407
-0.0143,1.3309,-0.0143,1.3309,10.3199
0.1306,-0.2148,NA,-0.2148,9.7616
-0.6669,-0.8774,NA,NA,8.1779
-0.6294,-0.2032,-0.6294,NA,9.0790
-1.0670,-1.2542,-1.0670,-1.2542,10.3499
0.1114,-1.0952,0.1114,-1.0952,9.3022
1.9669,2.4261,1.9669,2.4261,13.0163
-0.4397,-0.9788,-0.4397,-0.9788,10.9501
0.3426,-0.1185,0.3426,-0.1185,9.5739
0.2984,0.9933,0.2984,0.9933,11.2261
0.5092,0.5361,0.5092,0.5361,9.5491
0.6392,0.6331,0.6392,0.6331,10.5707
1.1616,0.0743,1.1616,NA,9.8385
-0.2176,-0.9881,NA,-0.9881,10.7105
-1.5477,1.0047,-1.5477,1.0047,9.7545
-2.0670,-0.6045,NA,NA,7.8173
0.9177,-0.3804,0.9177,-0.3804,8.5345
1.2401,0.5631,1.2401,NA,9.5060
2.0839,1.6625,2.0839,1.6625,10.7871
-0.4863,-0.9155,-0.4863,-0.9155,8.9119
0.8604,-1.2501,0.8604,-1.2501,10.2794
1.5414,0.0912,1.5414,0.0912,11.6757
-1.0062,-1.9102,-1.0062,-1.9102,8.7496
0.4001,1.2933,0.4001,1.2933,12.2352
0.2937,-1.0209,NA,-1.0209,11.0338
-1.2088,0.2322,-1.2088,0.2322,8.6061
-0.1717,-1.7482,-0.1717,NA,7.5650
0.0349,-0.0743,0.0349,-0.0743,11.1766
-0.1349,-0.8613,-0.1349,NA,8.0603
0.1297,-1.2903,0.1297,NA,9.0699
-1.7501,1.1548,-1.7501,NA,10.1037
1.8827,0.4504,1.8827,0.4504,12.7898
0.2165,0.9106,0.2165,0.9106,10.9818
-1.6195,-2.8026,-1.6195,NA,9.2319
0.6491,0.1471,0.6491,0.1471,10.2158
-0.9684,0.5329,-0.9684,0.5329,9.7324
-0.2675,0.2922,-0.2675,0.2922,10.0306
-2.3996,-1.5776,-2.3996,-1.5776,9.0209
0.1887,-0.7443,NA,NA,8.4573
0.2394,-0.4428,0.2394,NA,8.9390
-1.1591,0.6387,NA,0.6387,10.1272
-0.3914,0.4046,-0.3914,0.4046,10.9092
-0.4841,-0.1485,NA,-0.1485,9.6624
-1.0191,0.9312,-1.0191,0.9312,9.8868
0.0538,0.4005,0.0538,0.4005,9.3960
-0.2385,-0.3061,-0.2385,-0.3061,9.0370
-0.1155,0.2916,-0.1155,0.2916,9.1665
1.9648,1.2427,1.9648,1.2427,11.8053
-0.9118,0.2037,-0.9118,0.2037,9.6004
-0.1296,0.1280,-0.1296,0.1280,9.6840
-2.5285,-1.2238,-2.5285,NA,6.7536
-0.3438,1.6271,-0.3438,1.6271,9.6216
0.8623,0.1504,0.8623,0.1504,10.7338
-1.4788,0.5213,-1.4788,0.5213,12.0267
-0.2030,0.0940,-0.2030,0.0940,9.8123
1.5813,-1.7412,1.5813,-1.7412,10.9295
0.4048,-0.1870,0.4048,-0.1870,9.4911
1.0589,-0.7175,1.0589,-0.7175,10.5383
0.1939,0.4601,0.1939,0.4601,9.8214
-0.3364,-1.1909,-0.3364,-1.1909,10.4865
2.3353,1.5687,2.3353,1.5687,10.7506
-1.1642,0.5918,-1.1642,0.5918,9.7379
0.0760,0.4878,0.0760,NA,10.7839
-1.7002,-1.8495,-1.7002,NA,10.5334
0.3589,-0.7482,0.3589,-0.7482,10.4355
-0.8399,-0.0499,-0.8399,NA,10.3866
1.2824,-0.1094,1.2824,-0.1094,11.6453
-0.1809,-0.4075,-0.1809,NA,9.7215
-0.1777,0.3591,NA,NA,8.7371
-0.2906,0.2983,-0.2906,NA,9.4694
-0.6456,-0.7935,-0.6456,-0.7935,9.1841
2.9974,1.5696,2.9974,1.5696,12.4532
1.5613,0.5326,1.5613,0.5326,10.5911
-1.0957,-0.6041,-1.0957,-0.6041,11.6703
0.1264,0.7104,0.1264,0.7104,10.3366
-0.7799,-0.2390,-0.7799,-0.2390,10.7936
0.9062,0.1340,0.9062,0.1340,11.1820
0.0864,-2.0509,0.0864,NA,7.8471
0.0878,-0.7165,0.0878,-0.7165,10.1608
0.3564,-1.0574,0.3564,-1.0574,10.7257
-0.8587,0.2371,-0.8587,0.2371,9.5313
1.5010,0.2840,1.5010,0.2840,10.9311
-1.8297,-0.4938,-1.8297,-0.4938,8.7455
-0.6606,0.1872,-0.6606,0.1872,10.2300
0.6060,1.8592,0.6060,1.8592,10.4179
0.6978,0.5232,NA,0.5232,10.0096
0.9155,3.0948,NA,NA,11.0158
-1.2593,-1.8590,-1.2593,-1.8590,8.5654
0.6677,0.5449,0.6677,0.5449,9.7559
-1.4558,-0.5057,NA,-0.5057,10.7657
-0.6272,-0.5105,-0.6272,-0.5105,10.0393
0.0486,0.5633,0.0486,NA,9.4170
-0.5388,-0.5444,-0.5388,-0.5444,9.8725
-0.3036,-2.1338,-0.3036,NA,8.8918
1.6946,0.5579,1.6946,0.5579,9.7807
-0.6080,-1.4359,-0.6080,NA,9.6328
0.0161,-0.3253,0.0161,-0.3253,10.4112
0.1389,-0.3361,0.1389,-0.3361,10.0817
0.0466,0.9890,0.0466,NA,9.5593
-0.6050,2.3471,-0.6050,2.3471,10.5091
-0.2799,-1.2819,-0.2799,-1.2819,10.9557
-0.7986,-0.9071,-0.7986,NA,8.1735
0.1073,0.4957,0.1073,NA,9.2232
-1.4403,-1.6165,-1.4403,-1.6165,7.9767
-0.5599,1.3691,NA,1.3691,12.0427
1.5066,0.0543,1.5066,0.0543,9.6143
1.1923,0.2932,1.1923,0.2932,10.9150
0.5421,-1.0038,0.5421,NA,8.8063
-0.5338,-0.6478,-0.5338,NA,8.5950
0.4320,-0.3616,NA,-0.3616,10.5810
-0.1160,-0.2445,-0.1160,-0.2445,9.8473
0.2406,1.1924,0.2406,1.1924,10.1443
1.1509,0.3820,1.1509,0.3820,10.7988
-0.0529,0.7125,-0.0529,NA,9.0121
-0.8204,-0.3910,-0.8204,NA,9.6351
-0.0838,-0.9856,-0.0838,-0.9856,9.4619
-0.1131,-1.9287,-0.1131,-1.9287,9.3333
-0.5345,-2.5770,NA,-2.5770,9.0172
-0.7186,0.7075,-0.7186,0.7075,10.0290
-0.2277,-0.0115,-0.2277,NA,8.1882
0.8750,1.1516,NA,1.1516,10.9255
-0.2229,-0.6448,-0.2229,-0.6448,9.3780
0.7170,-1.7323,0.7170,-1.7323,10.5375
-0.8421,-0.0487,-0.8421,-0.0487,9.1125
-0.3489,0.6777,-0.3489,0.6777,11.7141
0.7558,-0.5302,0.7558,-0.5302,10.3833
0.7831,0.7102,0.7831,NA,9.3436
-0.2545,-0.8008,-0.2545,-0.8008,9.5837
-0.2030,1.3691,-0.2030,1.3691,9.8554
1.2252,2.1654,1.2252,2.1654,12.4419
-0.1022,-1.0158,NA,NA,9.2568
-0.7655,-2.4532,-0.7655,NA,8.8281
-0.1326,0.1798,-0.1326,NA,9.2900
0.9006,-0.1869,0.9006,-0.1869,10.7197
0.2578,-1.6081,0.2578,-1.6081,10.5162
-1.4570,0.2480,NA,0.2480,11.1977
0.0169,-0.3270,0.0169,-0.3270,11.5556
-0.5406,0.6169,-0.5406,0.6169,9.8169
-0.7593,-0.8302,-0.7593,-0.8302,8.3213
-0.0045,1.3964,-0.0045,1.3964,10.3231
-0.7671,-2.2738,-0.7671,-2.2738,9.7413
0.0942,1.0440,0.0942,1.0440,10.7303
1.1198,-0.4092,NA,-0.4092,10.8342
-0.3391,-0.7042,-0.3391,NA,8.7408
0.8007,0.5699,NA,0.5699,10.4818
0.4142,1.1160,0.4142,NA,9.4063
-1.2589,0.4768,-1.2589,NA,7.5399
-0.4087,1.4560,-0.4087,1.4560,8.6751
-1.2333,0.2110,-1.2333,0.2110,10.0082
0.3887,-1.4860,0.3887,-1.4860,9.9818
-1.0898,0.1167,NA,NA,8.2411
-0.7304,0.3630,-0.7304,NA,8.5677
-1.5907,-0.6018,-1.5907,NA,7.5757
2.8499,0.3183,2.8499,0.3183,12.2679
1.5632,1.4018,1.5632,1.4018,12.5590
1.3379,-0.1289,1.3379,-0.1289,10.8612
1.0468,2.1023,NA,2.1023,10.0974
1.1380,1.2127,NA,1.2127,10.5596
0.3821,0.1585,NA,NA,9.4355
1.7057,0.5039,1.7057,0.5039,11.9107
-0.6469,-1.5467,-0.6469,-1.5467,10.9166
-0.7889,1.0785,-0.7889,1.0785,10.6873
0.2735,-0.9620,0.2735,-0.9620,9.1651
0.6647,2.1071,0.6647,2.1071,9.7237
0.3815,0.5268,0.3815,0.5268,11.0388
0.8280,-0.3917,NA,-0.3917,9.4373
-0.2754,0.0289,-0.2754,0.0289,9.5866
-0.5584,0.6355,-0.5584,0.6355,10.0981
-0.5659,-0.1747,-0.5659,NA,8.0497
2.2196,0.8799,2.2196,0.8799,12.4435
0.0851,0.5085,0.0851,0.5085,10.4173
0.7475,0.8008,0.7475,0.8008,10.9803
-0.0258,0.6620,-0.0258,0.6620,10.4029
-0.6586,-2.2765,-0.6586,NA,8.3972
-1.1673,-0.7903,-1.1673,NA,9.3017
0.9893,1.6405,0.9893,1.6405,12.3563
-0.1955,-1.4041,NA,NA,8.7226
-0.1216,-0.2317,-0.1216,-0.2317,10.4836
1.9990,1.1985,1.9990,1.1985,12.2132
-0.7638,-0.6312,NA,-0.6312,10.7762
-1.2219,-0.3260,-1.2219,-0.3260,10.0288
0.0908,-0.2308,0.0908,-0.2308,11.1317
0.9151,1.7132,0.9151,1.7132,10.4639
0.6292,0.9973,0.6292,0.9973,12.7891
0.9896,0.1555,NA,0.1555,11.4426
-0.4312,-0.3548,NA,-0.3548,9.6322
0.3933,-0.0772,0.3933,-0.0772,10.0105
0.8798,0.6042,0.8798,0.6042,9.7840
-0.6103,-0.5910,-0.6103,-0.5910,10.0121
-0.8057,-0.6109,NA,-0.6109,8.0551
-1.0717,-0.8070,NA,NA,9.8380
0.4078,1.5228,0.4078,1.5228,11.3926
0.6527,0.8289,0.6527,0.8289,10.2682
-0.2656,-0.1165,-0.2656,NA,9.6057
-0.7784,-0.9298,-0.7784,NA,8.1941
-0.2157,0.1950,-0.2157,NA,7.4920
0.0692,2.1250,NA,2.1250,10.7311
1.4180,1.1297,NA,NA,8.6534
0.5721,0.5366,NA,0.5366,12.3707
1.3758,-0.9107,1.3758,-0.9107,9.6293
0.8784,1.3342,0.8784,1.3342,10.6481
1.5600,-0.8963,1.5600,-0.8963,11.0974
1.5104,-2.0108,1.5104,-2.0108,9.5525
1.5577,0.6908,1.5577,0.6908,12.2408
-0.9603,-0.1171,-0.9603,-0.1171,10.3590
-1.1097,-0.0401,NA,-0.0401,10.8466
-0.2167,-0.7488,-0.2167,-0.7488,8.7567
-0.1700,0.1839,-0.1700,0.1839,10.7593
-1.4478,0.5264,NA,NA,8.8502
0.3677,-1.5868,0.3677,-1.5868,8.8288
-0.0200,0.3550,-0.0200,NA,9.2337
0.3241,0.6261,0.3241,0.6261,9.8856
-1.4892,0.3396,NA,0.3396,8.6597
0.6051,0.2309,0.6051,0.2309,10.5378
0.1014,-0.8207,0.1014,-0.8207,11.3741
1.3491,1.1695,1.3491,1.1695,10.1964
0.9537,0.9311,0.9537,0.9311,10.0486
-0.7048,0.2245,-0.7048,0.2245,9.5358
-1.1658,0.5289,-1.1658,0.5289,10.7292
-0.9285,-1.1505,-0.9285,NA,8.3289
1.0808,-0.8264,1.0808,NA,10.1525
1.5565,0.9315,1.5565,0.9315,9.3166
-0.1104,-0.6191,-0.1104,-0.6191,9.6530
1.3285,0.6542,1.3285,0.6542,12.4192
0.4410,-0.2252,0.4410,-0.2252,10.3816
1.0526,0.5697,1.0526,0.5697,12.0513
0.1118,2.5017,NA,2.5017,11.9093
0.7674,-0.3126,0.7674,-0.3126,12.1827
-1.5844,-0.2877,NA,NA,8.0543
0.5942,-1.6574,0.5942,-1.6574,9.8663
-0.0103,-0.1551,-0.0103,-0.1551,9.6816
1.5168,0.8761,NA,NA,9.4216
1.3391,-1.2228,NA,-1.2228,9.8655
-0.6388,-0.5546,NA,-0.5546,11.6842
0.2490,0.1009,0.2490,0.1009,10.4480
-0.2797,-0.2525,-0.2797,NA,9.6410
-1.3777,-1.5498,-1.3777,-1.5498,9.1963
-1.3911,-0.5001,-1.3911,NA,9.7523
0.8686,-0.2712,0.8686,-0.2712,10.3616
-0.1150,-0.3320,NA,-0.3320,10.9403
2.4691,0.2361,2.4691,0.2361,11.9783
0.6553,0.8738,0.6553,0.8738,10.3329
-0.6025,-0.0683,-0.6025,NA,7.7565
-3.2381,-1.8667,-3.2381,NA,8.4561
-1.0960,0.0282,-1.0960,NA,9.1846
-0.8176,0.1081,-0.8176,NA,9.3157
-0.1799,0.5039,NA,0.5039,9.4666
0.6255,0.8488,0.6255,0.8488,11.2042
0.9082,-1.1953,0.9082,-1.1953,9.3467
-0.8764,-1.0429,-0.8764,NA,8.4201
2.1807,2.0345,NA,2.0345,12.8999
-0.8212,-0.9684,-0.8212,-0.9684,10.3013
2.0123,1.8059,2.0123,1.8059,11.6966
0.9892,-1.2036,0.9892,-1.2036,8.5693
0.2687,-0.0684,0.2687,-0.0684,10.8624
0.4188,0.0327,0.4188,0.0327,9.4460
-0.7403,0.1651,-0.7403,0.1651,8.9365
-0.1910,0.4370,-0.1910,NA,8.2207
-0.4617,2.0761,-0.4617,2.0761,11.0870
0.1893,-0.0332,0.1893,-0.0332,9.6559
-0.8174,-0.4981,-0.8174,-0.4981,11.8093
-0.3027,-0.9128,-0.3027,-0.9128,10.9740
0.8958,0.7130,0.8958,0.7130,10.6612
0.9369,-0.4776,NA,-0.4776,9.5329
0.1709,0.8008,0.1709,0.8008,11.3658
0.1400,-1.1648,0.1400,NA,8.9041
0.7025,0.5008,0.7025,0.5008,10.0256
0.5354,0.1860,0.5354,0.1860,9.3104
0.0499,1.1952,0.0499,1.1952,10.4839
-0.6730,-1.3932,-0.6730,-1.3932,10.2811
-0.8737,-1.2132,NA,-1.2132,9.2891
-0.4514,0.1624,-0.4514,0.1624,9.4521
0.2375,1.3718,0.2375,1.3718,9.9147
0.3898,2.2231,0.3898,2.2231,12.1083
-0.9395,-0.6262,-0.9395,-0.6262,10.4770
1.0740,-0.1719,1.0740,-0.1719,10.7293
-0.9858,0.8330,-0.9858,NA,9.6181
0.7308,1.5051,0.7308,1.5051,10.5188
-0.2979,0.5040,-0.2979,NA,7.3122
-0.5213,0.5314,-0.5213,0.5314,11.6983
0.6879,0.0013,0.6879,0.0013,10.6026
-1.1957,-1.3304,-1.1957,-1.3304,10.7857
0.8468,-0.2880,0.8468,-0.2880,9.6962
-0.6695,-2.2523,-0.6695,NA,9.0198
0.4328,-0.2941,0.4328,-0.2941,10.1236
0.6304,-0.7563,0.6304,NA,9.9063
0.6881,-0.4172,NA,NA,7.2827
0.3879,0.8041,0.3879,0.8041,10.3992
-0.5698,-1.1954,-0.5698,-1.1954,11.3340
0.1691,0.1929,0.1691,0.1929,11.9818
0.8769,0.4336,0.8769,0.4336,10.2520
0.2289,-0.4536,0.2289,NA,8.7334
1.5866,1.2202,1.5866,1.2202,11.2994
1.3495,0.6224,1.3495,0.6224,11.5332
0.0855,-0.2789,0.0855,NA,9.0755
0.5175,0.4483,0.5175,0.4483,10.9081
1.5725,1.8918,1.5725,1.8918,10.5187
0.0237,0.1715,NA,0.1715,11.1744
0.4294,1.2219,0.4294,1.2219,10.6595
-1.2655,-0.6916,-1.2655,-0.6916,8.8349
-0.7318,0.2370,-0.7318,0.2370,10.2587
-0.7987,1.7568,-0.7987,1.7568,10.9208
0.4847,-1.1002,0.4847,-1.1002,11.2914
-1.2857,-0.5512,-1.2857,NA,7.9922
0.4117,-1.0353,NA,NA,8.6719
0.5830,1.2373,0.5830,1.2373,10.6665
1.0815,-0.4149,1.0815,-0.4149,11.6251
1.1510,-0.7434,1.1510,-0.7434,9.2088
0.3525,0.8712,0.3525,NA,9.7715
-0.6540,-0.0949,-0.6540,-0.0949,10.6461
0.8621,1.0968,0.8621,1.0968,9.6665
1.4307,-0.2291,1.4307,-0.2291,9.8403
0.1110,0.4630,0.1110,0.4630,10.9701
0.3033,0.9742,0.3033,0.9742,10.7246
-1.0576,-1.7928,NA,-1.7928,8.8190
1.8207,-0.5492,1.8207,NA,9.5572
0.2312,1.0475,NA,1.0475,11.6178
-0.6284,0.7441,-0.6284,0.7441,9.5738
-0.7014,-1.5410,-0.7014,NA,7.9081
1.2752,0.6975,1.2752,0.6975,9.3105
-0.8718,0.0910,-0.8718,0.0910,8.4620
1.1574,0.5760,NA,0.5760,11.3599
-0.2971,0.3708,-0.2971,0.3708,11.3315
-0.4532,-1.9331,NA,-1.9331,10.7687
-0.1154,1.3673,-0.1154,1.3673,10.1516
-0.4724,-1.5066,-0.4724,-1.5066,10.1795
1.3261,1.7352,1.3261,1.7352,12.4049
1.1935,0.3819,1.1935,0.3819,10.4476
-1.6862,1.0101,-1.6862,1.0101,9.3086
-0.3278,-0.8497,-0.3278,-0.8497,11.4284
-0.6702,0.6697,-0.6702,0.6697,11.2799
1.3652,0.5665,1.3652,NA,8.5623
1.0134,0.9312,1.0134,0.9312,9.1575
-0.0465,-0.5003,-0.0465,-0.5003,12.2408
0.0146,-1.5929,0.0146,-1.5929,10.6003
0.6347,-0.1384,0.6347,-0.1384,9.6176
-1.0471,-0.8171,-1.0471,-0.8171,9.0233
0.9695,1.1225,0.9695,1.1225,11.5374
0.4497,1.8685,NA,1.8685,10.3388
-1.0988,1.5305,-1.0988,1.5305,9.1364
-1.1554,-1.4101,-1.1554,-1.4101,8.2103
-1.0198,0.3698,-1.0198,0.3698,10.7150
-0.5917,0.4644,-0.5917,0.4644,9.5767
-0.7850,-1.9065,-0.7850,-1.9065,11.2737
1.6968,0.2320,1.6968,0.2320,8.5871
-1.7045,-1.7674,-1.7045,NA,8.3008
0.0473,0.8591,NA,NA,10.3022
0.1161,-0.8538,0.1161,-0.8538,11.5045
1.0304,-0.4463,1.0304,-0.4463,11.7095
0.5687,-0.4524,0.5687,-0.4524,10.1345
0.4643,0.3131,0.4643,0.3131,9.4864
0.2332,-0.6829,0.2332,-0.6829,10.2694
-2.5716,-1.0039,-2.5716,NA,8.0892
-1.2695,-0.8069,-1.2695,-0.8069,9.6295
-1.0155,-0.4709,-1.0155,NA,8.0382
-1.5643,-0.8545,-1.5643,-0.8545,8.3255
-1.0463,-0.3517,NA,-0.3517,10.1184
1.9201,0.4300,1.9201,0.4300,11.1631
0.8319,0.0043,0.8319,0.0043,10.9134
-1.4279,-0.3715,NA,NA,9.7087
-1.1303,-0.9229,-1.1303,NA,9.3076
0.6954,0.6672,0.6954,0.6672,11.5752
0.1012,-0.0302,NA,-0.0302,9.9240
-0.7073,0.6057,-0.7073,0.6057,8.7506
-0.5406,0.5209,-0.5406,0.5209,11.0922
-1.1510,1.0567,-1.1510,1.0567,10.2569
-0.4895,-2.3302,NA,-2.3302,10.4531
-0.8809,0.5158,-0.8809,0.5158,11.3159
-0.6310,0.3861,-0.6310,NA,8.2629
-1.2757,1.4343,-1.2757,1.4343,8.9962
-0.8578,1.3569,-0.8578,1.3569,8.3108
-0.4905,-0.1888,-0.4905,NA,9.9667
-1.2666,-1.1989,-1.2666,-1.1989,8.8430
1.4193,0.3674,1.4193,0.3674,12.0513
0.1987,1.1094,0.1987,1.1094,12.1579
0.4658,-0.1766,0.4658,-0.1766,11.0127
-1.4164,0.3042,-1.4164,0.3042,9.1836
0.1959,2.1231,0.1959,2.1231,10.0777
-0.3983,-0.7119,-0.3983,-0.7119,10.1323
-1.1237,0.8250,-1.1237,0.8250,10.1852
1.2165,1.8283,1.2165,1.8283,11.9632
0.4941,-1.5194,0.4941,NA,8.9839
-0.0043,-0.6791,-0.0043,-0.6791,9.8936
0.5763,0.5986,0.5763,0.5986,11.1256
0.6063,-0.9432,0.6063,-0.9432,10.1299
-1.9437,0.4194,-1.9437,NA,8.0976
0.1828,0.9102,0.1828,0.9102,9.7030
0.1237,-0.9814,0.1237,NA,9.2113
-0.2307,-0.8521,-0.2307,-0.8521,8.4775
-0.4258,0.9840,-0.4258,0.9840,11.0752
-0.7784,-0.4058,-0.7784,-0.4058,10.0696
0.4166,-1.1752,0.4166,-1.1752,10.0644
0.8068,1.0106,0.8068,1.0106,10.5165
0.4010,-1.5359,0.4010,-1.5359,9.7667
0.4068,-0.2209,0.4068,-0.2209,9.7820
-1.2405,0.9266,-1.2405,0.9266,12.7545
-0.7903,-0.0513,-0.7903,-0.0513,9.9846
1.2452,1.9342,1.2452,1.9342,10.7580
-2.1275,-0.3221,-2.1275,NA,9.0742
0.9407,0.8183,0.9407,0.8183,12.3114
-0.6160,0.9020,-0.6160,0.9020,11.4183
-1.1857,-1.6999,-1.1857,-1.6999,9.3871
1.7660,1.4077,1.7660,1.4077,10.6854
0.7226,0.4039,NA,0.4039,10.6089
0.2116,-0.4393,0.2116,NA,9.5769
0.4895,0.8244,NA,0.8244,12.2167
1.1888,0.3155,1.1888,0.3155,9.7035
1.4189,-0.5002,1.4189,-0.5002,9.9894
0.0852,0.8495,0.0852,0.8495,12.8419
0.8181,-1.1195,0.8181,-1.1195,11.1930
-0.9234,0.3350,-0.9234,0.3350,10.3698
0.6572,0.4453,0.6572,0.4453,9.8169
1.2573,0.2799,1.2573,0.2799,8.9449
0.5525,0.8906,0.5525,0.8906,9.8477
0.9406,0.9179,0.9406,0.9179,11.1851
0.8602,0.1374,0.8602,0.1374,10.6473
-0.8281,-0.6756,-0.8281,-0.6756,12.1051
0.0923,0.1305,0.0923,0.1305,9.5612
-0.5425,-1.3269,-0.5425,-1.3269,10.5102
-0.7868,1.0293,-0.7868,1.0293,11.9114
0.1957,0.3621,0.1957,0.3621,10.6747
0.2002,-0.5165,0.2002,-0.5165,9.9843
0.5105,0.3031,0.5105,NA,8.3511
-1.1640,-0.5911,NA,-0.5911,8.8037
-0.3698,-0.7173,-0.3698,-0.7173,10.1044
1.0758,0.6990,NA,0.6990,8.6708
-0.4343,-0.8378,-0.4343,NA,8.8282
-0.5934,0.4581,-0.5934,NA,10.0428
-0.7005,0.0418,-0.7005,0.0418,10.4642
0.8205,-0.5695,0.8205,NA,9.1135
1.2004,0.1070,1.2004,0.1070,9.8607
-0.5681,-0.1361,NA,-0.1361,10.1111
0.6332,-0.4634,0.6332,-0.4634,10.8393
-0.1088,1.3624,-0.1088,1.3624,12.5865
0.3723,1.1933,0.3723,1.1933,11.7983
0.3087,-0.6485,0.3087,-0.6485,10.5578
-1.0936,-0.2403,-1.0936,-0.2403,10.0194
-0.0728,0.6807,-0.0728,NA,9.7446
-0.4648,0.7098,-0.4648,0.7098,10.6492
-1.3242,0.3600,-1.3242,0.3600,10.4523
0.1718,-1.8375,NA,NA,8.9175
-1.9490,1.0497,-1.9490,NA,8.6965
0.7676,-0.0447,0.7676,-0.0447,10.9885
-2.6935,-2.0625,-2.6935,-2.0625,8.1262
-1.0451,-0.6573,-1.0451,-0.6573,9.5511
0.3504,0.8953,0.3504,0.8953,9.8502
-1.7180,0.9892,NA,0.9892,9.3377
0.2672,-1.1206,0.2672,-1.1206,11.4692
0.1850,2.1247,0.1850,2.1247,11.8627
-1.9544,-0.6890,-1.9544,NA,8.1684
0.5515,1.5068,NA,1.5068,10.3844
-0.8476,-1.6588,-0.8476,NA,8.2546
1.0131,0.5120,1.0131,0.5120,12.5493
-1.3196,-2.2048,-1.3196,NA,8.6506
0.1884,1.6946,0.1884,1.6946,11.9278
-1.6538,-1.3266,NA,-1.3266,9.3332
0.2955,0.2944,0.2955,NA,9.6558
-1.3319,-0.0863,-1.3319,NA,9.2941
0.8285,-1.1407,0.8285,-1.1407,9.0598
0.6503,-0.7490,0.6503,-0.7490,11.4615
0.1332,0.8601,0.1332,0.8601,9.9980
0.6427,1.1077,0.6427,1.1077,10.0850
-0.4442,-1.4701,-0.4442,NA,7.4761
1.4480,0.2987,1.4480,NA,9.6956
0.4674,0.1226,NA,NA,9.9547
-1.6358,-1.2307,-1.6358,NA,8.4897
-0.9384,0.2496,-0.9384,NA,7.6908
-0.0420,-1.0019,-0.0420,-1.0019,9.1553
-1.9762,-0.2014,-1.9762,-0.2014,8.7595
1.0878,0.8264,1.0878,0.8264,10.2485
0.3046,-0.6597,0.3046,-0.6597,10.4019
-1.8103,-0.2682,-1.8103,NA,8.5553
-2.3060,-1.6464,-2.3060,NA,7.3890
0.7423,0.7044,0.7423,0.7044,9.8891
0.8286,-0.1891,0.8286,NA,9.0978
0.6070,0.1333,NA,0.1333,10.5314
0.6251,-0.2880,0.6251,-0.2880,11.2625
0.1910,-0.6245,0.1910,-0.6245,10.0464
0.3573,-0.8011,0.3573,NA,9.4195
-0.4749,-0.2639,-0.4749,-0.2639,10.3048
1.7163,0.4187,1.7163,0.4187,9.5698
-0.2970,1.8597,-0.2970,1.8597,9.4471
0.7719,-0.2577,NA,-0.2577,10.4286
1.5549,1.5886,1.5549,1.5886,11.4968
0.0654,0.9147,0.0654,0.9147,10.9048
1.5668,0.8120,1.5668,0.8120,11.7004
0.1306,1.1520,0.1306,1.1520,9.7984
1.1726,1.3009,1.1726,1.3009,10.1370
0.6349,-0.0132,0.6349,-0.0132,10.4614
-0.2947,0.8420,-0.2947,0.8420,11.2939
-0.1607,-0.7353,NA,-0.7353,9.3278
-0.2371,1.7928,-0.2371,1.7928,7.7893
-0.0185,-0.2807,-0.0185,-0.2807,10.3772
-0.1549,-1.5002,-0.1549,-1.5002,11.1426
-1.6758,0.0899,NA,NA,9.3981
-1.3333,-0.0746,-1.3333,-0.0746,9.1578
-0.9735,0.7395,NA,0.7395,8.7786
1.5887,-1.4724,1.5887,-1.4724,10.6087
0.2756,-0.9078,0.2756,-0.9078,10.3745
2.9088,0.9424,2.9088,0.9424,10.4320
-0.0763,-0.9596,-0.0763,-0.9596,9.7785
0.5581,0.6534,0.5581,0.6534,12.2105
0.5703,-0.9703,0.5703,-0.9703,9.6582
0.5945,-0.8300,0.5945,-0.8300,9.0482
-1.1871,-0.6124,-1.1871,-0.6124,9.2712
-1.3015,-2.1163,-1.3015,NA,9.1738
0.8370,-0.5235,0.8370,-0.5235,9.6826
0.4678,-1.1611,0.4678,NA,9.3167
1.6260,1.0064,1.6260,1.0064,11.8974
2.4242,0.4748,2.4242,0.4748,10.9759
-0.6160,-0.5184,NA,-0.5184,10.5006
0.2280,0.2081,0.2280,0.2081,10.5654
-0.2429,0.2774,-0.2429,NA,8.1801
-0.1643,0.8203,-0.1643,0.8203,10.2206
0.4464,-2.0093,0.4464,-2.0093,8.9905
0.7550,0.2246,0.7550,0.2246,10.6927
-1.1141,1.1335,-1.1141,NA,9.5426
0.8268,0.7972,0.8268,0.7972,11.7381
-2.2139,-1.7128,-2.2139,NA,9.0949
0.7943,0.2779,0.7943,0.2779,9.4628
-0.6646,-1.2466,-0.6646,-1.2466,10.3987
0.1963,0.1754,0.1963,0.1754,12.0517
1.1377,1.0376,1.1377,1.0376,10.7411
0.9907,0.5967,0.9907,0.5967,10.3888
-0.9064,0.3302,-0.9064,0.3302,11.2305
-1.2105,-0.0501,-1.2105,-0.0501,9.3617
1.5859,-0.2964,1.5859,NA,10.2378
-0.0773,0.1006,-0.0773,NA,7.9678
0.4565,0.0060,NA,0.0060,10.2047
1.5226,2.0745,1.5226,2.0745,10.2974
0.5295,1.0510,0.5295,1.0510,11.1915
-0.1749,0.8679,NA,0.8679,10.6116
-0.3201,1.4670,-0.3201,1.4670,10.8173
-0.5651,0.3988,NA,0.3988,10.9302
1.8225,1.2952,1.8225,1.2952,11.2800
-2.1450,-1.2567,-2.1450,NA,9.5024
0.0549,0.6283,0.0549,0.6283,12.7105
-3.2123,-0.6712,-3.2123,-0.6712,9.8782
0.1035,2.9000,NA,2.9000,10.8200
2.5031,1.3695,NA,1.3695,12.3296
-0.6261,-0.6287,-0.6261,-0.6287,8.7051
0.7324,0.9275,0.7324,0.9275,10.0590
0.3395,-1.0069,NA,-1.0069,9.8350
-2.6123,-1.9219,-2.6123,NA,6.2613
0.2597,0.2656,0.2597,0.2656,11.7985
0.0507,1.1365,0.0507,1.1365,10.6793
-0.4531,0.4686,-0.4531,0.4686,10.0603
-1.5641,-2.2229,-1.5641,NA,8.2094
-0.8960,-0.6011,-0.8960,NA,7.7444
0.4560,0.9180,0.4560,0.9180,9.9739
0.8153,0.2058,0.8153,0.2058,10.2374
-0.3981,-0.9799,-0.3981,-0.9799,10.7948
0.7755,-2.0354,0.7755,NA,9.3093
-0.5279,-0.9203,NA,-0.9203,10.4495
1.0591,-0.6683,1.0591,-0.6683,11.0461
-0.0893,-1.1462,-0.0893,NA,10.2209
-0.2563,-0.2472,NA,NA,9.2077
1.0414,-0.0480,1.0414,-0.0480,11.4640
-0.6612,0.2094,-0.6612,0.2094,9.7079
1.3810,-0.8658,1.3810,-0.8658,10.4994
-0.1005,1.2273,-0.1005,1.2273,9.3237
-0.3483,-0.1795,NA,NA,7.6968
0.9485,-1.3925,0.9485,-1.3925,9.2588
0.3415,0.9548,0.3415,0.9548,10.1643
1.0805,-0.1562,1.0805,-0.1562,10.2996
0.9054,-0.4976,0.9054,-0.4976,10.6346
-1.2662,-1.3778,-1.2662,NA,8.6150
1.1653,1.7387,1.1653,NA,9.6981
-2.2285,-2.9268,-2.2285,-2.9268,10.4393
0.8498,2.0254,0.8498,2.0254,10.6316
-0.4289,-0.3188,-0.4289,-0.3188,10.5434
0.1259,-0.4153,NA,-0.4153,10.5914
-0.1774,0.5512,-0.1774,0.5512,9.8095
0.7012,-1.1355,0.7012,-1.1355,9.9573
-1.5000,-0.4506,NA,-0.4506,10.2332
1.3443,-0.1117,1.3443,-0.1117,12.1481
-0.3560,-0.4945,-0.3560,-0.4945,11.2222
-0.4013,-0.0992,-0.4013,-0.0992,11.2267
0.8085,-0.5837,0.8085,-0.5837,11.1856
0.2674,0.4038,NA,0.4038,10.5785
0.0638,-2.5026,0.0638,-2.5026,10.5608
0.4960,-0.1131,0.4960,-0.1131,9.1842
0.9403,-0.5394,0.9403,-0.5394,10.5346
0.8933,-2.0253,0.8933,-2.0253,8.8136
0.6694,1.6925,0.6694,1.6925,13.3412
-0.3253,-0.1490,-0.3253,-0.1490,9.9866
2.3609,-1.0673,2.3609,-1.0673,10.9703
-1.6918,-1.1632,-1.6918,NA,8.4694
1.0971,0.2710,1.0971,0.2710,11.5692
-0.4801,-0.2695,-0.4801,-0.2695,9.3918
0.7645,-0.1196,NA,-0.1196,9.4815
-0.1965,-0.4998,-0.1965,-0.4998,8.7454
-0.0389,0.5226,-0.0389,NA,10.3016
0.7568,0.9525,0.7568,0.9525,11.4547
0.4704,1.0216,0.4704,1.0216,11.7660
-1.1433,-1.1736,-1.1433,-1.1736,8.8598
2.1385,0.7591,NA,0.7591,10.9105
0.5681,1.0319,0.5681,1.0319,10.2853
0.1411,-0.4325,0.1411,NA,8.6567
1.2275,-0.5263,NA,-0.5263,10.9728
0.1579,-0.1337,0.1579,NA,9.4373
-0.8540,0.6239,-0.8540,0.6239,10.5638
1.0350,-0.1995,1.0350,-0.1995,10.2537
0.7689,-0.9135,NA,-0.9135,9.4669
-0.4600,-0.4124,-0.4600,-0.4124,9.1789
0.5166,1.1993,0.5166,1.1993,11.7571
0.2145,0.8720,0.2145,0.8720,10.9776
0.2012,0.5938,0.2012,0.5938,9.7220
-0.1022,-1.3636,NA,-1.3636,9.3936
0.7613,0.4715,0.7613,0.4715,11.2141
0.7021,1.9075,0.7021,1.9075,9.8206
-0.9166,0.1727,-0.9166,0.1727,10.1696
0.4418,-0.9950,0.4418,-0.9950,11.0987
-1.5485,0.7304,-1.5485,0.7304,11.5486
0.3495,0.8198,0.3495,NA,7.9274
1.0700,0.4866,1.0700,0.4866,11.2144
-0.6001,-0.7489,-0.6001,-0.7489,9.4570
-0.2676,-0.9680,-0.2676,-0.9680,10.3389
1.4697,1.2397,NA,1.2397,11.1856
-1.1100,0.7549,-1.1100,NA,8.4341
-0.3411,1.8185,-0.3411,1.8185,10.6829
-1.3931,-0.8977,NA,-0.8977,8.8572
-2.1570,-0.3982,-2.1570,NA,8.2754
2.0241,-0.8201,2.0241,-0.8201,10.7929
1.7470,-0.0025,NA,-0.0025,11.4593
0.1594,0.6960,0.1594,0.6960,11.7352
-0.4359,0.0468,-0.4359,0.0468,9.3667
0.3990,-0.5383,0.3990,-0.5383,8.8225
-0.8669,-1.2295,-0.8669,NA,8.5087
1.4434,0.4594,1.4434,0.4594,13.2656
-1.5571,-1.1341,-1.5571,-1.1341,9.3411
0.0028,-0.6276,NA,-0.6276,8.4554
-0.4212,-0.9146,-0.4212,NA,9.7484
0.5498,0.1994,0.5498,0.1994,11.0609
-1.0705,-1.0593,-1.0705,NA,9.3338
0.7467,-0.3118,0.7467,-0.3118,9.7007
0.1204,-0.9603,0.1204,-0.9603,10.3981
0.1268,2.7711,0.1268,2.7711,13.2801
-0.5729,-1.0080,-0.5729,-1.0080,12.4334
1.3276,0.0090,1.3276,0.0090,10.1749
-0.4591,2.7382,-0.4591,2.7382,10.8239
-0.7164,-0.5505,-0.7164,-0.5505,10.5864
-0.4276,-1.5927,-0.4276,-1.5927,9.0543
0.2483,1.5879,0.2483,1.5879,10.4543
0.2962,-0.5910,0.2962,-0.5910,9.4907
-0.2179,-0.4403,-0.2179,NA,9.0309
0.5963,2.1796,0.5963,2.1796,10.5323
-0.8432,1.2069,NA,NA,8.6349
-0.6587,0.4248,NA,0.4248,10.3516
0.9746,0.7111,0.9746,0.7111,10.9552
1.3813,-0.5073,1.3813,-0.5073,11.0683
-0.8451,-0.1652,-0.8451,NA,7.7464
1.4967,-0.2184,1.4967,-0.2184,11.9219
-0.4121,0.7332,-0.4121,NA,8.6378
0.7644,-0.5910,0.7644,-0.5910,11.8818
-1.1229,-0.1090,-1.1229,-0.1090,8.9444
-0.7417,-1.4349,-0.7417,-1.4349,7.8027
-0.3489,0.6302,-0.3489,0.6302,8.5766
1.0229,0.0082,1.0229,0.0082,9.6358
1.9018,0.5842,1.9018,0.5842,11.0168
-2.2402,-2.1482,-2.2402,NA,9.8501
1.1645,2.0479,1.1645,2.0479,9.9787
-0.2187,0.7294,-0.2187,0.7294,11.2364
0.9936,-0.1223,0.9936,-0.1223,9.0125
-0.7694,0.2953,-0.7694,NA,8.6181
-1.7751,0.2261,-1.7751,0.2261,9.6239
0.8900,2.1423,0.8900,2.1423,12.0241
-0.4624,-0.6013,NA,-0.6013,11.2297
-0.5049,2.1609,-0.5049,2.1609,10.4548
0.2278,-0.0737,NA,-0.0737,9.3807
0.8250,1.0394,0.8250,1.0394,9.5259
-1.6551,0.3813,-1.6551,0.3813,10.8321
-0.6090,-0.1438,-0.6090,NA,9.5101
-1.0269,-0.8736,-1.0269,-0.8736,10.3467
2.8431,0.3734,2.8431,0.3734,11.4451
-0.5589,0.3293,-0.5589,NA,7.3345
-0.3888,0.4394,-0.3888,0.4394,10.8193
-0.8693,-0.1079,-0.8693,NA,8.6118
1.3595,1.0567,1.3595,1.0567,11.7212
0.1787,0.8593,0.1787,0.8593,9.0758
0.3712,-1.8613,0.3712,-1.8613,9.2800
-1.3541,-2.2431,-1.3541,NA,9.3658
-1.3446,0.1965,-1.3446,0.1965,9.8024
-0.0511,-1.3435,-0.0511,-1.3435,9.8431
1.5862,-1.8567,1.5862,NA,9.1647
0.2914,-0.7972,0.2914,NA,9.4971
-0.6194,-0.5932,NA,-0.5932,8.9626
-0.7005,1.0173,-0.7005,1.0173,10.4746
1.5571,1.1215,1.5571,1.1215,11.5480
-1.2730,-0.6054,-1.2730,-0.6054,9.5919
0.7594,-0.9482,0.7594,-0.9482,9.8812
-1.4230,0.0465,-1.4230,NA,7.1539
0.3596,-0.6182,NA,-0.6182,9.0055
0.9152,1.7532,0.9152,1.7532,9.7837
-0.3674,1.0681,-0.3674,1.0681,10.0373
-0.2193,1.4581,-0.2193,NA,8.9184
0.0582,-0.7960,0.0582,-0.7960,11.5197
0.6030,1.6239,0.6030,1.6239,10.7631
-1.0146,-1.0889,-1.0146,-1.0889,10.1092
-0.2273,1.5183,-0.2273,1.5183,10.8101
-0.0834,0.7664,-0.0834,NA,10.0143
2.0528,-0.5261,2.0528,-0.5261,11.1439
0.4951,0.5215,0.4951,0.5215,12.0719
0.5441,0.7628,0.5441,0.7628,12.0808
-1.9970,0.5048,-1.9970,0.5048,10.0092
0.4590,0.3833,0.4590,0.3833,9.5127
-0.0599,-1.5260,NA,NA,8.3897
-0.5313,-0.8162,-0.5313,NA,9.9994
-0.9198,0.8295,NA,0.8295,11.1371
0.6495,0.9398,0.6495,0.9398,9.9061
0.6279,-0.5072,0.6279,-0.5072,11.0515
0.6209,-1.8513,0.6209,-1.8513,9.2147
1.1657,0.4333,1.1657,0.4333,11.8266
0.9626,1.2047,NA,1.2047,11.2094
-0.3657,0.5041,NA,0.5041,10.6450
0.2679,-0.6522,0.2679,-0.6522,10.7076
-0.2989,-1.7787,-0.2989,NA,9.4339
-0.8404,0.1323,-0.8404,0.1323,9.8829
0.9718,0.3295,NA,0.3295,9.1819
-0.1455,-1.3554,-0.1455,-1.3554,10.7360
0.7850,1.0190,NA,1.0190,11.5453
-0.8505,0.5946,-0.8505,0.5946,8.7906
1.3804,-0.4173,1.3804,-0.4173,11.3938
-0.8193,-0.2928,-0.8193,-0.2928,10.7993
-0.9741,-0.1829,-0.9741,NA,8.2870
0.5331,-0.3515,0.5331,-0.3515,10.8676
-0.4567,-1.3029,-0.4567,NA,7.9841
0.3637,-0.8826,0.3637,NA,8.6133
-0.2639,-0.2666,-0.2639,NA,9.1094
-0.0612,-1.5974,-0.0612,-1.5974,10.1193
-0.4236,0.1650,-0.4236,0.1650,10.3143
-0.7867,-0.1300,-0.7867,-0.1300,10.4724
-1.3843,0.1839,-1.3843,0.1839,10.1205
-1.7954,-0.6198,-1.7954,-0.6198,7.9920
1.0528,0.8449,1.0528,0.8449,9.6964
-0.7885,-0.5398,-0.7885,-0.5398,9.9374
-0.6078,-0.2299,-0.6078,-0.2299,9.9572
0.0274,-0.2015,0.0274,-0.2015,11.3546
-0.8052,1.3592,-0.8052,NA,9.4354
-0.1554,-1.5653,-0.1554,-1.5653,11.0093
-2.0641,-1.9003,-2.0641,-1.9003,9.2891
-1.3256,-0.7558,-1.3256,-0.7558,8.0736
-0.7451,1.2136,-0.7451,1.2136,10.9443
0.3821,0.8089,0.3821,0.8089,13.2112
1.9773,0.2153,1.9773,0.2153,10.8144
0.4286,0.9987,NA,0.9987,10.8422
-2.3446,-0.1024,-2.3446,NA,7.6693
0.8924,1.2709,0.8924,1.2709,12.2393
-0.3495,1.1733,NA,1.1733,11.4415
1.7289,0.8632,1.7289,0.8632,11.4543
0.3831,-0.4287,0.3831,-0.4287,10.5495
0.5625,-0.1139,0.5625,-0.1139,11.7691
1.7370,2.3624,1.7370,2.3624,11.9314
2.1021,-0.1509,2.1021,-0.1509,11.2281
-0.1210,0.5630,-0.1210,0.5630,9.2536
-0.0544,1.6785,-0.0544,NA,9.5275
0.1681,1.2690,NA,1.2690,10.8755
-0.4411,0.4686,NA,0.4686,10.0032
1.3955,0.7254,1.3955,0.7254,11.7382
1.3534,0.8269,1.3534,NA,8.8182
-0.5103,0.5326,-0.5103,0.5326,9.4998
0.1381,-0.5181,0.1381,-0.5181,10.3618
-1.2763,-1.1071,-1.2763,NA,9.9651
-0.8072,0.4572,-0.8072,NA,10.3754
-1.3025,0.4173,-1.3025,NA,8.8004
0.8560,-1.5022,NA,NA,9.1742
1.3289,2.1867,NA,2.1867,11.2383
-1.2423,-0.2114,-1.2423,-0.2114,8.2552
-0.0376,0.8275,-0.0376,0.8275,10.1451
-0.7030,-1.2598,-0.7030,-1.2598,10.5161
-0.5695,0.1143,-0.5695,0.1143,10.2615
0.6121,0.9509,NA,NA,10.3725
-0.7947,-1.3132,-0.7947,-1.3132,9.9111
-0.2194,-0.0125,-0.2194,NA,9.4220
-0.9665,-1.3496,-0.9665,-1.3496,9.7536
0.3891,-0.9848,0.3891,-0.9848,11.6962
-0.0187,-2.4494,-0.0187,NA,8.5100
0.1043,-0.6353,0.1043,-0.6353,10.3033
0.7510,-0.3542,0.7510,-0.3542,12.1063
0.8055,-0.2393,NA,-0.2393,9.8397
-0.3386,1.3272,-0.3386,1.3272,11.0042
-0.9099,0.2835,-0.9099,0.2835,8.9422
-1.4395,1.4215,-1.4395,NA,8.2908
-0.9242,-0.7218,-0.9242,-0.7218,10.5667
-0.5293,0.8500,-0.5293,0.8500,12.0222
0.6657,-0.5535,0.6657,NA,9.6281
-0.0002,-0.9886,-0.0002,-0.9886,9.8521
0.8646,0.5748,0.8646,0.5748,11.0334
0.0247,3.1831,0.0247,3.1831,11.6216
-0.3633,0.4717,-0.3633,0.4717,9.7879
-0.3166,-0.8174,-0.3166,-0.8174,10.4539
0.3933,-1.0502,0.3933,-1.0502,10.3878
-0.7996,-0.2989,-0.7996,-0.2989,9.9237
-0.6430,0.9883,-0.6430,0.9883,11.9481
0.5822,2.0740,NA,2.0740,10.6017
-0.2338,-2.2378,-0.2338,-2.2378,9.9020
0.7551,-1.4815,0.7551,-1.4815,10.7044
-0.7651,-0.4320,-0.7651,-0.4320,8.5768
1.6841,-0.2148,1.6841,-0.2148,11.8348
0.4052,0.0692,0.4052,0.0692,8.7113
-1.2312,-1.3560,-1.2312,NA,8.3896
1.1979,-1.1436,1.1979,-1.1436,10.0255
1.3894,1.1487,1.3894,1.1487,11.7253
-2.4824,-0.8543,-2.4824,-0.8543,9.3983
-2.1054,-2.5427,-2.1054,NA,9.3093
0.7521,1.0926,0.7521,1.0926,11.0631
0.3064,-0.3853,NA,-0.3853,11.1681
2.4099,0.4536,2.4099,0.4536,11.1653
-0.6173,0.4288,NA,0.4288,11.1443
-0.2255,0.0708,NA,0.0708,9.7916
0.1231,-1.3543,0.1231,-1.3543,10.6178
1.6595,0.8176,1.6595,0.8176,11.3090
0.1906,-2.0573,0.1906,NA,9.5018
0.0262,0.0139,0.0262,0.0139,10.2392
0.5715,-0.3061,0.5715,-0.3061,10.5649
-1.8150,-1.7246,-1.8150,-1.7246,9.3639
0.7819,-0.0591,0.7819,-0.0591,10.9502
-0.5507,0.6272,-0.5507,NA,8.6713
-0.0900,-1.2847,-0.0900,-1.2847,9.5113
0.6176,0.9528,0.6176,0.9528,9.9627
-0.5642,0.1991,-0.5642,0.1991,8.5551
-0.1326,-1.6341,-0.1326,NA,7.2557
-2.2642,-0.5037,-2.2642,NA,7.9375
0.3283,1.6499,NA,1.6499,11.7711
1.6595,-0.8803,1.6595,-0.8803,11.3162
1.0914,-0.4361,1.0914,-0.4361,11.5898
-0.1648,-1.1737,-0.1648,-1.1737,9.6265
-0.7215,-1.5024,-0.7215,NA,7.5116
-2.3481,0.3026,-2.3481,0.3026,8.9796
0.1814,0.5138,0.1814,0.5138,9.1104
1.3043,-0.0655,1.3043,-0.0655,10.0026
-0.3141,0.1999,-0.3141,0.1999,10.1491
-1.7554,-0.4529,-1.7554,NA,9.1459
0.2315,0.6467,0.2315,0.6467,10.8849
0.5546,0.1427,0.5546,NA,8.6783
-0.0432,-0.2992,-0.0432,-0.2992,10.7026
1.3959,-0.6969,1.3959,-0.6969,11.5113
0.3694,0.3344,0.3694,0.3344,11.0454
0.1334,-0.7633,NA,-0.7633,9.4265
-0.4788,-0.5365,-0.4788,-0.5365,9.4236
1.1093,2.4449,1.1093,2.4449,11.4565
0.5679,1.8003,0.5679,1.8003,11.2026
2.4241,0.5988,2.4241,0.5988,10.2906
-0.6866,0.5337,-0.6866,0.5337,8.4821
0.2551,0.6943,0.2551,0.6943,10.4446
0.9024,0.3031,0.9024,0.3031,8.8695
1.4475,0.2140,1.4475,0.2140,11.8387
0.2515,0.2517,0.2515,0.2517,10.1455
