x,y,time,level_2
0.6879,-0.5989,1,1
NA,-0.0963,2,1
NA,-1.7873,3,1
NA,NA,4,1
-0.3518,NA,5,1
NA,-1.2891,6,1
-0.2469,NA,7,1
0.7733,-2.6697,8,1
0.8031,NA,9,1
1.1031,-0.2768,10,1
NA,NA,11,1
NA,-1.2991,12,1
-0.7108,NA,13,1
-0.7570,NA,14,1
0.2844,-0.7845,15,1
0.0060,-1.3145,16,1
NA,0.2942,17,1
-1.1552,-0.4012,18,1
-0.8119,-0.9843,19,1
NA,NA,20,1
NA,NA,21,1
NA,NA,22,1
-0.7784,NA,23,1
-0.1987,-0.4309,24,1
0.6507,NA,25,1
-0.6351,-0.9001,26,1
-0.8401,NA,27,1
-1.5136,0.6098,28,1
NA,3.6680,29,1
NA,NA,30,1
NA,NA,31,1
-1.7302,NA,32,1
NA,NA,33,1
NA,NA,34,1
NA,NA,35,1
1.3344,0.2982,36,1
NA,-0.1451,37,1
NA,-0.6685,38,1
-0.7079,0.8988,39,1
0.2689,0.2919,40,1
0.7117,NA,41,1
-0.1879,NA,42,1
NA,-1.4438,43,1
NA,-1.1820,44,1
NA,NA,45,1
-0.2706,NA,46,1
NA,NA,47,1
-0.8271,NA,48,1
-0.7819,-1.3138,49,1
-1.1325,0.1330,50,1
0.2840,-0.5625,1,2
1.2629,NA,2,2
0.4655,-2.1857,3,2
NA,-0.8896,4,2
0.0315,0.3821,5,2
NA,0.3098,6,2
0.7533,-1.2491,7,2
NA,-0.6756,8,2
NA,-0.9585,9,2
-1.4921,-1.4031,10,2
-0.9617,0.1026,11,2
-1.5841,NA,12,2
-1.4269,NA,13,2
-1.5939,NA,14,2
0.3142,-1.2602,15,2
-0.6834,NA,16,2
-0.2204,NA,17,2
NA,-0.1183,18,2
NA,NA,19,2
NA,NA,20,2
NA,1.0439,21,2
NA,NA,22,2
NA,NA,23,2
-3.4686,NA,24,2
-1.6943,NA,25,2
0.1490,NA,26,2
-1.3384,NA,27,2
-1.7265,NA,28,2
NA,-0.2728,29,2
NA,NA,30,2
2.2495,NA,31,2
0.3299,0.3326,32,2
NA,NA,33,2
NA,1.2209,34,2
-0.9892,NA,35,2
NA,NA,36,2
-0.4543,-0.7636,37,2
NA,NA,38,2
NA,NA,39,2
NA,1.2166,40,2
NA,NA,41,2
NA,NA,42,2
NA,1.5381,43,2
NA,NA,44,2
NA,NA,45,2
NA,NA,46,2
NA,-0.8397,47,2
NA,NA,48,2
-1.3422,NA,49,2
0.1168,0.9569,50,2
-0.7057,2.9206,1,3
-1.1557,NA,2,3
NA,1.8404,3,3
-0.3274,NA,4,3
-0.2565,1.0271,5,3
NA,1.9277,6,3
NA,NA,7,3
-1.1033,NA,8,3
NA,NA,9,3
-1.0281,0.3858,10,3
NA,0.2814,11,3
0.1192,0.6582,12,3
-0.4903,NA,13,3
NA,NA,14,3
0.2438,NA,15,3
NA,NA,16,3
NA,NA,17,3
-1.3889,0.5797,18,3
-0.8127,NA,19,3
-0.8079,NA,20,3
NA,0.2774,21,3
-0.7074,-0.2376,22,3
NA,1.1333,23,3
-1.6341,NA,24,3
-1.6675,NA,25,3
0.6253,1.1036,26,3
-0.0765,NA,27,3
0.6166,NA,28,3
NA,-0.6917,29,3
2.4095,0.1612,30,3
NA,-1.1506,31,3
-0.1357,-0.3972,32,3
2.3158,NA,33,3
-0.1813,NA,34,3
-1.7691,-1.5449,35,3
-0.4314,2.3753,36,3
NA,0.5623,37,3
0.0176,NA,38,3
NA,-0.8527,39,3
NA,NA,40,3
NA,1.0127,41,3
NA,NA,42,3
0.8817,-1.6016,43,3
0.8997,-0.6319,44,3
1.3165,NA,45,3
NA,NA,46,3
0.9477,-0.9049,47,3
-0.8247,NA,48,3
NA,NA,49,3
1.4784,-0.2723,50,3
-3.1339,0.5619,1,4
NA,1.1262,2,4
NA,NA,3,4
NA,NA,4,4
-1.6847,-0.9064,5,4
NA,NA,6,4
NA,NA,7,4
-0.6948,NA,8,4
NA,NA,9,4
-0.2482,-0.0429,10,4
-1.9052,-0.4918,11,4
-0.5463,NA,12,4
0.2519,-1.6560,13,4
NA,-0.3698,14,4
NA,NA,15,4
NA,0.9456,16,4
NA,NA,17,4
NA,0.6344,18,4
-1.7131,-0.2102,19,4
NA,NA,20,4
-0.9108,NA,21,4
-2.7390,NA,22,4
-2.5372,NA,23,4
NA,2.2695,24,4
NA,0.2143,25,4
-1.6532,-0.7236,26,4
NA,NA,27,4
NA,NA,28,4
-1.3103,0.5220,29,4
-1.8824,1.3613,30,4
-1.9089,0.5499,31,4
-0.3074,NA,32,4
NA,0.2410,33,4
-0.4891,NA,34,4
NA,NA,35,4
-1.7960,1.6066,36,4
NA,1.5880,37,4
-1.6935,NA,38,4
NA,0.8363,39,4
NA,1.1003,40,4
-0.8375,2.3498,41,4
NA,0.2068,42,4
NA,NA,43,4
NA,0.8297,44,4
NA,1.3171,45,4
NA,NA,46,4
NA,1.1187,47,4
-1.5348,-0.0421,48,4
NA,1.1482,49,4
-1.3000,-0.5951,50,4
-0.4893,-0.2571,1,5
0.5026,NA,2,5
NA,0.0507,3,5
-0.8748,-0.2056,4,5
NA,0.9138,5,5
-1.9199,-1.5556,6,5
NA,-2.1638,7,5
-1.3749,NA,8,5
NA,NA,9,5
NA,NA,10,5
NA,NA,11,5
NA,NA,12,5
-0.2838,0.6915,13,5
-1.6068,-0.7156,14,5
NA,-0.8753,15,5
0.3353,0.2896,16,5
NA,0.1553,17,5
NA,1.0846,18,5
NA,0.3205,19,5
NA,-1.0619,20,5
1.0544,-1.1103,21,5
NA,-0.9278,22,5
NA,NA,23,5
-0.2006,NA,24,5
NA,-1.8679,25,5
0.5125,0.7751,26,5
-0.0559,0.2454,27,5
2.0639,NA,28,5
NA,NA,29,5
-0.6036,NA,30,5
-2.2397,-1.3081,31,5
-0.6274,-0.7168,32,5
-1.2792,-0.2552,33,5
NA,NA,34,5
NA,NA,35,5
NA,NA,36,5
NA,NA,37,5
NA,NA,38,5
-0.7680,NA,39,5
NA,-1.2345,40,5
-0.7180,NA,41,5
NA,1.5363,42,5
NA,0.0445,43,5
NA,-2.7511,44,5
-1.1719,-2.5531,45,5
NA,1.2410,46,5
NA,-0.9568,47,5
NA,NA,48,5
0.0830,1.4264,49,5
-1.7677,-0.8681,50,5
-1.6332,-0.4943,1,6
-2.5459,NA,2,6
-1.8430,NA,3,6
-3.6278,NA,4,6
NA,-1.1951,5,6
NA,0.4402,6,6
-1.7937,NA,7,6
NA,NA,8,6
NA,0.6552,9,6
NA,-0.9814,10,6
-3.8108,-1.1942,11,6
NA,NA,12,6
-5.3349,NA,13,6
NA,NA,14,6
-1.9888,-1.3461,15,6
NA,NA,16,6
NA,-1.2989,17,6
-2.4868,NA,18,6
-0.2815,NA,19,6
-2.4861,NA,20,6
-0.4954,NA,21,6
-1.2584,-2.0239,22,6
-1.7579,NA,23,6
NA,-0.5475,24,6
-1.6016,-2.6483,25,6
-2.3184,NA,26,6
NA,-1.6707,27,6
-2.0001,-0.1127,28,6
-2.1509,NA,29,6
NA,0.9101,30,6
NA,1.3982,31,6
NA,1.3221,32,6
-0.4852,NA,33,6
NA,NA,34,6
NA,NA,35,6
NA,-0.3984,36,6
-3.9351,NA,37,6
NA,NA,38,6
NA,NA,39,6
-1.2095,0.6908,40,6
0.1897,0.2288,41,6
-1.3546,NA,42,6
NA,NA,43,6
-2.9646,NA,44,6
NA,1.6682,45,6
-2.7466,NA,46,6
NA,0.6344,47,6
-3.1435,NA,48,6
NA,1.2770,49,6
-1.5110,-0.2397,50,6
-2.8609,-3.0040,1,7
NA,NA,2,7
-2.7602,-1.8348,3,7
-3.3412,-2.1994,4,7
-3.7045,NA,5,7
-1.9214,NA,6,7
-0.7648,NA,7,7
NA,-2.5645,8,7
-2.3542,-0.5678,9,7
-1.5628,NA,10,7
NA,-1.9962,11,7
-3.2781,NA,12,7
-3.0406,-2.9358,13,7
-2.1468,-2.0620,14,7
NA,NA,15,7
-4.1792,-3.3234,16,7
NA,-1.6542,17,7
-3.2543,-2.4201,18,7
NA,NA,19,7
NA,-1.4951,20,7
NA,NA,21,7
NA,NA,22,7
NA,-2.3315,23,7
-2.2652,NA,24,7
NA,NA,25,7
NA,-2.4836,26,7
NA,NA,27,7
NA,-3.6576,28,7
-0.9553,-1.5820,29,7
NA,-2.4200,30,7
-0.9438,NA,31,7
-0.4998,NA,32,7
-2.2809,-2.7155,33,7
-2.1441,-2.0494,34,7
NA,-4.2397,35,7
-3.9112,NA,36,7
NA,-2.6418,37,7
NA,NA,38,7
NA,-3.6807,39,7
-2.3878,-3.3777,40,7
NA,-5.6864,41,7
-0.4115,NA,42,7
-2.0002,NA,43,7
-1.4972,-3.3685,44,7
NA,NA,45,7
-2.8088,-3.2897,46,7
-3.0847,-3.3608,47,7
NA,NA,48,7
NA,NA,49,7
0.0118,-0.7916,50,7
0.7469,0.6308,1,8
-0.0891,-2.2568,2,8
0.9016,NA,3,8
0.2271,-0.4326,4,8
NA,NA,5,8
-0.9764,-1.0513,6,8
-1.5685,NA,7,8
-0.3135,-0.3447,8,8
NA,NA,9,8
1.9279,-0.4180,10,8
NA,0.9997,11,8
-1.5695,NA,12,8
NA,-1.7575,13,8
-0.9534,NA,14,8
NA,-1.4809,15,8
NA,-2.0853,16,8
NA,NA,17,8
-0.2998,NA,18,8
NA,0.7031,19,8
NA,NA,20,8
NA,NA,21,8
NA,NA,22,8
NA,NA,23,8
1.3875,0.7092,24,8
1.0215,NA,25,8
0.2504,NA,26,8
-1.2812,-1.7106,27,8
0.1206,NA,28,8
NA,NA,29,8
NA,NA,30,8
0.8738,NA,31,8
-0.3884,NA,32,8
NA,NA,33,8
NA,NA,34,8
NA,NA,35,8
NA,NA,36,8
1.3674,NA,37,8
NA,NA,38,8
-0.9818,NA,39,8
NA,NA,40,8
-2.5387,-2.6472,41,8
-0.7145,NA,42,8
-1.4864,NA,43,8
NA,1.0493,44,8
-1.6306,NA,45,8
-1.5080,-1.6163,46,8
NA,-0.2073,47,8
-1.2932,-1.3333,48,8
NA,NA,49,8
-0.0461,-1.4279,50,8
-1.2210,0.5206,1,9
-1.7788,NA,2,9
-2.2117,0.0731,3,9
-2.5982,-0.8899,4,9
-3.2840,NA,5,9
-1.0192,1.9671,6,9
-1.5418,NA,7,9
NA,NA,8,9
NA,NA,9,9
-0.8554,-0.2403,10,9
-1.1967,NA,11,9
NA,NA,12,9
NA,NA,13,9
NA,-1.5982,14,9
NA,-0.3669,15,9
NA,1.1720,16,9
-1.4428,NA,17,9
-2.0880,1.0035,18,9
0.1340,2.3436,19,9
-3.0757,NA,20,9
-1.0600,1.5522,21,9
0.3719,NA,22,9
NA,1.9699,23,9
-2.7173,NA,24,9
-2.7754,0.2363,25,9
-0.6164,NA,26,9
NA,NA,27,9
NA,NA,28,9
NA,-0.0580,29,9
-0.7140,NA,30,9
NA,-0.1168,31,9
-3.2529,-0.6744,32,9
-1.3371,NA,33,9
NA,1.1170,34,9
-1.8461,NA,35,9
-2.4542,NA,36,9
NA,NA,37,9
-0.6040,NA,38,9
NA,0.0913,39,9
NA,NA,40,9
NA,0.4801,41,9
NA,NA,42,9
NA,NA,43,9
-0.5755,NA,44,9
NA,NA,45,9
-0.7850,NA,46,9
NA,NA,47,9
NA,1.4949,48,9
NA,2.6858,49,9
-2.4167,-0.8022,50,9
-2.6838,-2.5615,1,10
NA,NA,2,10
NA,NA,3,10
NA,NA,4,10
NA,-3.4683,5,10
-2.0005,NA,6,10
NA,-1.6082,7,10
NA,-2.5313,8,10
NA,NA,9,10
NA,NA,10,10
-3.1293,NA,11,10
NA,-1.1287,12,10
-4.1023,-1.6221,13,10
-2.9373,NA,14,10
-2.9031,NA,15,10
-3.1642,NA,16,10
NA,0.2156,17,10
-2.4357,0.3103,18,10
NA,NA,19,10
-3.0784,-2.3650,20,10
-2.9387,NA,21,10
-3.7934,NA,22,10
NA,NA,23,10
-5.1703,NA,24,10
NA,-0.3611,25,10
NA,NA,26,10
NA,1.6881,27,10
NA,-0.5542,28,10
-3.5232,-2.5360,29,10
NA,NA,30,10
NA,NA,31,10
-1.4479,NA,32,10
-2.4360,-1.3987,33,10
-1.4974,-2.3146,34,10
NA,-0.2495,35,10
-2.8194,NA,36,10
-3.3052,-2.6339,37,10
NA,NA,38,10
NA,-2.0685,39,10
-1.9691,NA,40,10
NA,-1.6231,41,10
-1.5693,-2.7439,42,10
-3.5504,NA,43,10
-1.4704,-1.7258,44,10
NA,-2.3999,45,10
NA,0.3294,46,10
NA,NA,47,10
-2.6296,0.1340,48,10
NA,-1.9545,49,10
-2.5942,-0.2977,50,10
-1.1934,2.9984,1,11
NA,NA,2,11
-1.0211,3.1829,3,11
NA,NA,4,11
NA,NA,5,11
NA,NA,6,11
-0.3156,2.8766,7,11
NA,NA,8,11
-0.2819,NA,9,11
0.2790,3.0207,10,11
NA,NA,11,11
-0.4348,1.6797,12,11
NA,NA,13,11
NA,0.1486,14,11
-1.8496,NA,15,11
NA,0.5880,16,11
NA,NA,17,11
1.5431,NA,18,11
1.9312,1.1669,19,11
0.1329,NA,20,11
NA,2.1505,21,11
0.2468,NA,22,11
0.2399,NA,23,11
0.4046,NA,24,11
-0.1936,2.6888,25,11
0.1375,NA,26,11
-0.4911,NA,27,11
NA,0.6456,28,11
-2.3479,NA,29,11
NA,NA,30,11
0.8781,NA,31,11
NA,NA,32,11
NA,2.0483,33,11
0.0376,0.9370,34,11
-0.9242,1.6851,35,11
-1.2805,2.3522,36,11
NA,NA,37,11
-0.2603,2.8136,38,11
NA,2.1573,39,11
NA,NA,40,11
-1.0377,1.8349,41,11
NA,NA,42,11
NA,-0.0141,43,11
0.5104,1.1190,44,11
NA,NA,45,11
NA,0.9217,46,11
-0.9669,NA,47,11
NA,2.2227,48,11
NA,NA,49,11
1.1308,2.8162,50,11
0.1908,-0.4311,1,12
NA,0.4028,2,12
NA,-0.2257,3,12
-0.3228,-0.6570,4,12
0.0910,NA,5,12
-0.6231,NA,6,12
NA,NA,7,12
NA,1.0714,8,12
NA,NA,9,12
0.1780,0.1522,10,12
NA,1.4454,11,12
NA,NA,12,12
-0.3815,-0.9497,13,12
0.9329,-2.0922,14,12
-0.4675,-2.9334,15,12
-0.8526,NA,16,12
NA,NA,17,12
-0.4702,NA,18,12
NA,1.8014,19,12
-0.6730,1.1723,20,12
-1.3513,NA,21,12
NA,0.5909,22,12
NA,0.1084,23,12
0.1942,1.0313,24,12
NA,NA,25,12
-2.2061,-1.7047,26,12
0.8145,0.6317,27,12
NA,NA,28,12
1.8925,NA,29,12
NA,NA,30,12
2.6668,-0.4158,31,12
NA,NA,32,12
-1.4408,-1.0790,33,12
NA,NA,34,12
NA,-1.0031,35,12
0.2573,NA,36,12
NA,NA,37,12
0.9773,0.5656,38,12
NA,NA,39,12
0.7024,-0.9052,40,12
NA,-0.1825,41,12
NA,NA,42,12
-1.3239,NA,43,12
0.2180,1.1527,44,12
-0.4966,0.7649,45,12
NA,NA,46,12
0.5950,NA,47,12
NA,-1.3964,48,12
NA,NA,49,12
0.0987,-1.0152,50,12
-2.3124,-2.8145,1,13
-0.8690,-1.3087,2,13
NA,-0.9103,3,13
NA,NA,4,13
NA,-2.7746,5,13
NA,NA,6,13
-3.3135,-2.2144,7,13
NA,NA,8,13
NA,-2.4465,9,13
NA,NA,10,13
-1.7913,-1.4810,11,13
0.5283,NA,12,13
0.3695,-0.0995,13,13
NA,NA,14,13
-0.3490,-2.2225,15,13
-1.1285,-2.4468,16,13
-2.0041,NA,17,13
NA,NA,18,13
-0.1631,NA,19,13
NA,-3.0986,20,13
NA,-2.6552,21,13
-0.0316,-3.1970,22,13
NA,NA,23,13
-0.2491,-3.4352,24,13
-1.4229,-2.7562,25,13
-0.4456,-2.6905,26,13
NA,NA,27,13
-0.4297,NA,28,13
NA,NA,29,13
NA,-2.2967,30,13
NA,-2.0640,31,13
NA,-2.8781,32,13
-0.8079,-1.7861,33,13
NA,NA,34,13
NA,-2.0170,35,13
NA,NA,36,13
-0.0510,NA,37,13
-0.2767,NA,38,13
NA,-5.1386,39,13
NA,-1.4987,40,13
NA,-3.0437,41,13
NA,NA,42,13
NA,NA,43,13
NA,NA,44,13
-0.1152,NA,45,13
-1.4938,NA,46,13
-1.1264,-3.7389,47,13
-1.6149,NA,48,13
-0.3640,NA,49,13
0.0307,-1.1158,50,13
1.4568,0.3430,1,14
NA,NA,2,14
-1.1637,-0.4912,3,14
-0.6799,NA,4,14
NA,NA,5,14
NA,NA,6,14
0.9911,NA,7,14
-1.7501,NA,8,14
NA,NA,9,14
NA,NA,10,14
-1.2267,0.0596,11,14
NA,1.7665,12,14
0.2394,0.6976,13,14
0.8922,NA,14,14
NA,0.6617,15,14
NA,3.3088,16,14
NA,3.2460,17,14
-0.7255,NA,18,14
-0.2582,NA,19,14
NA,NA,20,14
NA,2.1686,21,14
NA,1.1982,22,14
NA,NA,23,14
NA,NA,24,14
0.0772,0.4251,25,14
0.8375,0.6579,26,14
NA,0.6483,27,14
-1.5105,0.0949,28,14
-0.2000,NA,29,14
NA,NA,30,14
NA,1.3037,31,14
NA,0.8773,32,14
NA,0.6189,33,14
NA,NA,34,14
-1.4729,-0.0869,35,14
NA,NA,36,14
-1.1581,NA,37,14
NA,NA,38,14
0.6671,NA,39,14
0.7386,NA,40,14
NA,NA,41,14
NA,NA,42,14
NA,NA,43,14
NA,NA,44,14
1.2960,NA,45,14
NA,0.2135,46,14
NA,0.8512,47,14
NA,NA,48,14
NA,0.4958,49,14
1.5831,0.1894,50,14
0.1387,-0.7393,1,15
NA,-1.1239,2,15
-0.2582,NA,3,15
NA,NA,4,15
NA,NA,5,15
NA,NA,6,15
NA,NA,7,15
NA,-1.8739,8,15
NA,NA,9,15
1.3542,NA,10,15
-0.6549,NA,11,15
NA,NA,12,15
1.6090,NA,13,15
1.5509,-1.3399,14,15
-2.0307,-1.6294,15,15
-0.0344,NA,16,15
0.9961,NA,17,15
-0.4780,NA,18,15
0.4638,-1.1631,19,15
-1.0980,NA,20,15
NA,-1.7287,21,15
0.1199,NA,22,15
-1.1512,-2.7654,23,15
0.1087,-1.6113,24,15
NA,NA,25,15
-0.0951,-2.3966,26,15
1.6081,NA,27,15
NA,-1.7509,28,15
0.2240,NA,29,15
NA,-0.9586,30,15
-1.6553,NA,31,15
NA,-0.1189,32,15
NA,-1.7236,33,15
NA,-0.4296,34,15
-0.2375,NA,35,15
-0.8106,-2.4028,36,15
NA,-0.2863,37,15
-0.7580,-1.7937,38,15
NA,-0.6907,39,15
NA,-2.3605,40,15
NA,-2.0314,41,15
-0.3786,-1.3622,42,15
NA,-0.7257,43,15
NA,NA,44,15
-0.3675,NA,45,15
0.2948,-2.9353,46,15
NA,NA,47,15
1.6278,-1.0494,48,15
NA,NA,49,15
2.2452,-0.3049,50,15
0.7899,-2.8920,1,16
NA,-0.5026,2,16
-1.4451,NA,3,16
-1.5861,-3.0252,4,16
NA,NA,5,16
-0.2638,-0.7454,6,16
NA,NA,7,16
-1.0930,NA,8,16
-0.5101,-1.3221,9,16
NA,-0.2364,10,16
NA,NA,11,16
NA,NA,12,16
-2.7213,NA,13,16
-5.0204,NA,14,16
-2.6081,-0.1162,15,16
NA,NA,16,16
NA,-2.7516,17,16
-2.0738,NA,18,16
-0.8630,-2.6247,19,16
-0.0288,-0.9968,20,16
-0.3857,-1.8256,21,16
NA,NA,22,16
-1.7117,NA,23,16
NA,NA,24,16
NA,-2.8517,25,16
-1.2950,-1.9891,26,16
-1.7730,-2.8667,27,16
-2.3868,NA,28,16
NA,-1.4157,29,16
-0.9778,NA,30,16
-0.7025,-2.8578,31,16
NA,NA,32,16
NA,-2.5361,33,16
-1.1081,NA,34,16
NA,NA,35,16
NA,NA,36,16
NA,-0.7075,37,16
NA,NA,38,16
-1.2889,NA,39,16
0.5821,-0.5826,40,16
0.7744,NA,41,16
-0.3704,NA,42,16
0.1539,NA,43,16
-0.9408,NA,44,16
NA,NA,45,16
-0.3310,NA,46,16
-0.3970,-1.6140,47,16
-1.1650,NA,48,16
NA,-2.1496,49,16
-1.2518,-2.4869,50,16
-0.5418,-0.8707,1,17
-0.0132,NA,2,17
-2.1433,-2.1735,3,17
NA,1.8438,4,17
0.1528,0.3986,5,17
-0.5285,NA,6,17
-2.1889,-0.0263,7,17
0.1965,NA,8,17
NA,-0.0527,9,17
0.9852,NA,10,17
-0.3225,-0.0540,11,17
NA,-0.1508,12,17
-0.1228,0.4793,13,17
1.4621,1.7370,14,17
NA,-0.9333,15,17
0.6253,0.1987,16,17
1.4723,NA,17,17
NA,NA,18,17
NA,-0.6989,19,17
-1.3485,NA,20,17
-1.1418,NA,21,17
NA,-1.8305,22,17
0.2514,NA,23,17
-0.2156,0.4137,24,17
-0.3535,NA,25,17
NA,-0.5640,26,17
NA,NA,27,17
NA,NA,28,17
NA,NA,29,17
NA,-0.4301,30,17
NA,-0.2752,31,17
NA,0.3029,32,17
NA,NA,33,17
-1.8314,NA,34,17
2.1489,0.8644,35,17
1.8485,NA,36,17
NA,NA,37,17
0.7648,NA,38,17
1.6815,NA,39,17
1.8780,1.7943,40,17
0.5548,NA,41,17
-0.4096,NA,42,17
0.8669,NA,43,17
NA,0.8898,44,17
-0.9502,NA,45,17
-0.3089,-2.3296,46,17
1.3797,-0.6735,47,17
1.4887,NA,48,17
2.5253,-0.8327,49,17
-1.2507,-3.0682,50,17
-0.4836,-1.6702,1,18
NA,NA,2,18
-1.4616,-1.5914,3,18
NA,NA,4,18
NA,-1.5906,5,18
NA,-2.5138,6,18
NA,-2.5723,7,18
NA,NA,8,18
NA,NA,9,18
NA,-1.8230,10,18
NA,NA,11,18
NA,NA,12,18
NA,NA,13,18
-0.6400,-1.9585,14,18
NA,-0.8041,15,18
NA,-0.3457,16,18
-2.9900,NA,17,18
-0.7306,NA,18,18
NA,-2.5549,19,18
NA,-2.8488,20,18
-0.3729,NA,21,18
NA,NA,22,18
-0.9015,-1.8775,23,18
-2.1698,NA,24,18
-1.1804,-0.5189,25,18
NA,NA,26,18
NA,NA,27,18
NA,-2.1488,28,18
-1.4150,-1.7180,29,18
-0.7339,-1.7604,30,18
NA,NA,31,18
NA,-2.8063,32,18
1.3924,NA,33,18
NA,NA,34,18
NA,NA,35,18
NA,NA,36,18
NA,-2.2870,37,18
NA,NA,38,18
NA,NA,39,18
0.1166,NA,40,18
0.3101,NA,41,18
NA,NA,42,18
NA,NA,43,18
NA,-3.0102,44,18
NA,-2.1587,45,18
NA,NA,46,18
0.6344,-2.3473,47,18
NA,NA,48,18
-0.6728,-3.3057,49,18
-0.1365,-0.6389,50,18
0.9869,-1.5921,1,19
NA,NA,2,19
0.4898,NA,3,19
-0.0243,-1.4759,4,19
-1.1936,-2.9699,5,19
NA,-2.3276,6,19
-0.5845,-3.0796,7,19
-0.6538,NA,8,19
-1.2442,NA,9,19
0.4212,NA,10,19
NA,-0.5596,11,19
NA,NA,12,19
-1.2199,-0.8802,13,19
0.3942,-1.5212,14,19
-0.6063,NA,15,19
0.2322,NA,16,19
-0.4126,-1.6168,17,19
NA,-2.6859,18,19
NA,NA,19,19
NA,-1.5095,20,19
NA,NA,21,19
0.5729,-1.8351,22,19
NA,NA,23,19
NA,-2.1733,24,19
NA,-2.9046,25,19
NA,NA,26,19
0.0586,-1.2860,27,19
NA,-1.7527,28,19
NA,-0.5971,29,19
-0.4598,-1.2008,30,19
NA,-1.6073,31,19
NA,NA,32,19
NA,NA,33,19
NA,NA,34,19
NA,NA,35,19
NA,-1.7088,36,19
0.7535,-0.2546,37,19
0.8564,NA,38,19
0.3134,NA,39,19
0.4011,-1.6190,40,19
-0.5801,-3.3264,41,19
0.0995,-1.4501,42,19
-1.3804,-1.7760,43,19
NA,NA,44,19
NA,-1.5236,45,19
NA,-0.0105,46,19
-0.6786,-0.8352,47,19
-1.7504,-0.5432,48,19
0.9130,NA,49,19
0.7061,-0.8378,50,19
1.2163,-0.5623,1,20
NA,NA,2,20
NA,NA,3,20
NA,2.4334,4,20
NA,2.3279,5,20
1.3566,NA,6,20
NA,0.3283,7,20
3.6225,0.1513,8,20
1.1490,-1.8103,9,20
1.4529,NA,10,20
NA,-3.0545,11,20
NA,NA,12,20
1.6799,-0.8847,13,20
3.2061,NA,14,20
2.3634,-0.7130,15,20
NA,-0.8081,16,20
NA,NA,17,20
1.6451,-0.8248,18,20
NA,0.2089,19,20
0.2085,NA,20,20
NA,-1.2523,21,20
1.9184,NA,22,20
NA,NA,23,20
2.7045,0.8417,24,20
2.2095,NA,25,20
1.8056,-0.1476,26,20
NA,0.3990,27,20
NA,0.2602,28,20
2.2169,-0.8273,29,20
0.2711,NA,30,20
NA,NA,31,20
NA,2.1809,32,20
1.6019,1.1848,33,20
2.5032,-1.1931,34,20
1.0651,NA,35,20
NA,-0.1571,36,20
NA,-0.3919,37,20
0.7312,0.3315,38,20
NA,0.2286,39,20
1.7534,1.3453,40,20
1.7813,2.0969,41,20
0.3066,NA,42,20
1.7115,0.4153,43,20
NA,-0.0620,44,20
1.5393,-0.2060,45,20
0.6195,NA,46,20
1.8022,0.8801,47,20
1.9729,NA,48,20
NA,1.7715,49,20
2.4958,0.2250,50,20
-3.2326,-2.6392,1,21
-2.3928,-0.2830,2,21
NA,NA,3,21
NA,-1.0254,4,21
NA,-1.2481,5,21
NA,NA,6,21
NA,-0.6602,7,21
NA,-0.0179,8,21
-0.5443,-0.3281,9,21
NA,NA,10,21
NA,0.2395,11,21
NA,0.2316,12,21
-0.4802,NA,13,21
NA,NA,14,21
NA,-0.8071,15,21
-1.4516,-2.5587,16,21
1.2461,NA,17,21
-1.4435,NA,18,21
NA,-2.6060,19,21
NA,NA,20,21
-2.3051,NA,21,21
1.2465,0.1870,22,21
-0.9871,-2.6906,23,21
NA,NA,24,21
NA,NA,25,21
NA,NA,26,21
NA,NA,27,21
NA,NA,28,21
NA,NA,29,21
-0.6229,NA,30,21
-0.2262,NA,31,21
-1.6263,NA,32,21
-0.5357,NA,33,21
-2.4470,NA,34,21
-0.2170,-0.4006,35,21
NA,NA,36,21
-1.6983,NA,37,21
NA,1.8334,38,21
-1.4629,-0.0178,39,21
NA,NA,40,21
-0.5211,NA,41,21
0.2981,NA,42,21
0.2184,NA,43,21
NA,-0.9576,44,21
NA,-0.8004,45,21
-2.3079,NA,46,21
NA,0.4778,47,21
NA,-1.3784,48,21
-1.6985,NA,49,21
1.8951,-0.8574,50,21
0.7594,-0.5096,1,22
NA,NA,2,22
NA,NA,3,22
1.9022,NA,4,22
NA,-0.9534,5,22
1.1608,-0.2575,6,22
NA,NA,7,22
1.3546,NA,8,22
NA,NA,9,22
-0.3445,-1.2437,10,22
0.8509,0.0522,11,22
NA,-1.3881,12,22
-0.0167,0.1022,13,22
NA,1.3353,14,22
0.2907,-0.7190,15,22
2.6026,1.5733,16,22
0.1485,NA,17,22
-0.3261,-1.1901,18,22
NA,-1.1219,19,22
0.2234,NA,20,22
-0.0498,0.7002,21,22
NA,-0.1028,22,22
0.7505,NA,23,22
NA,0.6952,24,22
-0.3947,-0.0536,25,22
NA,NA,26,22
0.5890,-0.9603,27,22
NA,NA,28,22
NA,NA,29,22
NA,NA,30,22
NA,NA,31,22
NA,NA,32,22
1.7348,NA,33,22
NA,NA,34,22
NA,NA,35,22
NA,-0.0414,36,22
-0.0696,0.3595,37,22
0.8848,-0.3182,38,22
1.6296,NA,39,22
NA,NA,40,22
2.2535,NA,41,22
1.4577,NA,42,22
NA,0.2397,43,22
-0.3059,-1.4513,44,22
-0.9743,NA,45,22
-0.5329,0.9916,46,22
NA,-1.7817,47,22
NA,NA,48,22
NA,-0.2572,49,22
-0.0138,-1.1437,50,22
-0.5679,0.6616,1,23
-0.0313,NA,2,23
NA,0.5228,3,23
-0.7311,NA,4,23
NA,-0.2356,5,23
0.1294,NA,6,23
NA,NA,7,23
NA,-0.6622,8,23
NA,-1.2720,9,23
-1.6832,NA,10,23
NA,0.1172,11,23
NA,NA,12,23
0.6179,-1.3501,13,23
0.8071,-3.3496,14,23
1.4031,NA,15,23
1.3069,NA,16,23
-0.1015,NA,17,23
NA,-1.8002,18,23
NA,-0.5805,19,23
NA,NA,20,23
NA,NA,21,23
-0.1237,NA,22,23
NA,-1.4539,23,23
NA,0.1347,24,23
0.2235,0.9841,25,23
-0.3699,-0.4855,26,23
NA,NA,27,23
NA,NA,28,23
-0.9596,NA,29,23
1.4702,-1.0737,30,23
1.7659,0.6427,31,23
NA,NA,32,23
2.0959,NA,33,23
0.2656,-0.3190,34,23
-0.4228,NA,35,23
NA,NA,36,23
-1.7059,NA,37,23
NA,NA,38,23
NA,-1.8266,39,23
NA,-0.2313,40,23
0.3969,-0.8663,41,23
0.1464,NA,42,23
NA,-2.7437,43,23
NA,-1.0291,44,23
0.2048,NA,45,23
-0.4464,-0.5842,46,23
NA,NA,47,23
-0.9120,NA,48,23
-0.6222,-0.0352,49,23
-0.4212,-1.1817,50,23
0.0962,-0.0235,1,24
-0.3215,-0.0039,2,24
-1.3395,NA,3,24
NA,NA,4,24
NA,-0.6197,5,24
-2.2395,NA,6,24
-1.4280,0.8508,7,24
-0.7700,NA,8,24
NA,1.7780,9,24
NA,NA,10,24
NA,NA,11,24
NA,NA,12,24
NA,NA,13,24
NA,NA,14,24
0.0239,NA,15,24
NA,NA,16,24
NA,1.1566,17,24
0.5214,NA,18,24
NA,NA,19,24
NA,-0.8394,20,24
NA,-0.0480,21,24
NA,0.1694,22,24
NA,NA,23,24
NA,2.1031,24,24
-3.6278,1.8665,25,24
NA,0.3613,26,24
-2.7003,1.4325,27,24
-1.9268,NA,28,24
NA,NA,29,24
1.3323,NA,30,24
NA,NA,31,24
-0.5160,NA,32,24
NA,NA,33,24
-0.3262,0.8404,34,24
0.1342,NA,35,24
NA,NA,36,24
-0.8816,-1.7385,37,24
0.3966,-0.5844,38,24
-1.6384,NA,39,24
NA,NA,40,24
NA,-0.8122,41,24
0.6488,1.1560,42,24
NA,NA,43,24
0.5314,NA,44,24
-1.0099,NA,45,24
NA,NA,46,24
-1.5154,NA,47,24
-0.7958,-0.2629,48,24
NA,NA,49,24
0.5871,1.3070,50,24
1.2220,0.6552,1,25
0.4152,0.8117,2,25
1.7102,2.1951,3,25
2.1577,NA,4,25
NA,1.3060,5,25
2.4827,NA,6,25
2.7804,0.4388,7,25
1.2369,0.3058,8,25
NA,NA,9,25
NA,0.7476,10,25
NA,2.4462,11,25
NA,NA,12,25
3.6279,2.6614,13,25
0.4250,NA,14,25
0.5206,NA,15,25
NA,NA,16,25
NA,NA,17,25
NA,2.4030,18,25
NA,NA,19,25
0.8727,NA,20,25
0.5164,0.9589,21,25
2.8987,NA,22,25
NA,2.6755,23,25
NA,1.4408,24,25
NA,0.3161,25,25
NA,NA,26,25
NA,2.3977,27,25
NA,1.6416,28,25
3.1888,3.3136,29,25
NA,0.2233,30,25
2.4978,NA,31,25
NA,1.4704,32,25
1.9056,1.1504,33,25
1.0078,-0.3047,34,25
NA,NA,35,25
-1.0022,NA,36,25
0.7291,2.8801,37,25
-1.1510,NA,38,25
NA,3.9995,39,25
-0.6986,1.9990,40,25
1.9311,2.4282,41,25
NA,NA,42,25
0.8948,-0.0936,43,25
NA,-0.0253,44,25
NA,NA,45,25
3.7528,NA,46,25
4.0042,NA,47,25
-0.0728,NA,48,25
NA,NA,49,25
1.1270,1.5061,50,25
1.6371,-0.9316,1,26
0.1187,NA,2,26
NA,0.5182,3,26
-0.7467,NA,4,26
NA,0.2184,5,26
-0.7733,NA,6,26
0.5781,0.0319,7,26
0.9428,NA,8,26
-0.1111,-0.0654,9,26
NA,NA,10,26
NA,-0.3591,11,26
-0.6548,-0.0316,12,26
NA,-0.9410,13,26
-0.6273,NA,14,26
0.5929,NA,15,26
NA,-0.3002,16,26
1.0213,NA,17,26
1.2357,-0.6121,18,26
NA,0.1394,19,26
0.4419,NA,20,26
NA,NA,21,26
NA,-2.1485,22,26
NA,NA,23,26
0.0870,NA,24,26
0.1196,NA,25,26
NA,-1.5466,26,26
1.9189,NA,27,26
NA,NA,28,26
1.3474,-2.0653,29,26
0.8516,-1.0648,30,26
NA,-0.7438,31,26
NA,-2.0674,32,26
NA,NA,33,26
NA,NA,34,26
NA,NA,35,26
NA,0.7490,36,26
0.4708,1.0510,37,26
NA,0.8848,38,26
-1.9918,NA,39,26
-0.9604,NA,40,26
1.0354,0.2761,41,26
1.0048,-0.5912,42,26
NA,NA,43,26
-0.5959,-1.3057,44,26
1.9350,NA,45,26
NA,-1.4587,46,26
0.6192,NA,47,26
1.8137,NA,48,26
NA,-0.1709,49,26
0.5832,0.2535,50,26
-0.3574,-1.1517,1,27
NA,0.0863,2,27
NA,NA,3,27
NA,NA,4,27
-0.6512,-2.1461,5,27
0.1874,-0.0640,6,27
-0.0494,NA,7,27
-1.8452,NA,8,27
1.1240,NA,9,27
-0.8043,NA,10,27
NA,NA,11,27
0.5497,0.9698,12,27
NA,-0.3396,13,27
NA,-0.3173,14,27
-0.0919,NA,15,27
NA,NA,16,27
NA,NA,17,27
0.9625,NA,18,27
1.2644,NA,19,27
1.6403,-2.4580,20,27
NA,NA,21,27
3.9769,0.7022,22,27
NA,-1.0457,23,27
0.7956,0.9255,24,27
0.5436,NA,25,27
0.6208,NA,26,27
0.2906,NA,27,27
0.4618,NA,28,27
-1.4007,0.0981,29,27
-0.3519,1.3454,30,27
0.5774,NA,31,27
-0.2222,0.5255,32,27
-1.4094,0.2511,33,27
-1.7600,0.0920,34,27
NA,2.3778,35,27
NA,NA,36,27
-0.8292,-1.0555,37,27
NA,NA,38,27
NA,NA,39,27
-1.7305,NA,40,27
NA,1.0263,41,27
NA,NA,42,27
1.4451,NA,43,27
NA,NA,44,27
NA,0.3821,45,27
-0.7166,0.3143,46,27
NA,0.9921,47,27
NA,1.3026,48,27
0.1878,0.1124,49,27
-1.0195,0.7433,50,27
2.5340,1.1001,1,28
0.6809,-0.5631,2,28
NA,0.0450,3,28
1.7394,NA,4,28
NA,NA,5,28
3.5072,0.0292,6,28
NA,NA,7,28
NA,-1.5242,8,28
NA,-0.3957,9,28
2.5190,NA,10,28
2.6742,NA,11,28
1.7719,NA,12,28
3.0195,NA,13,28
NA,NA,14,28
NA,-0.2838,15,28
3.8640,1.2451,16,28
1.7120,-0.0685,17,28
2.8201,NA,18,28
0.6964,NA,19,28
NA,NA,20,28
NA,-0.2797,21,28
NA,-1.5035,22,28
2.9447,-0.1800,23,28
NA,-0.9563,24,28
4.8291,-0.1488,25,28
4.6474,NA,26,28
NA,-1.5289,27,28
NA,NA,28,28
NA,-1.9643,29,28
NA,NA,30,28
NA,0.2383,31,28
NA,NA,32,28
NA,0.1644,33,28
NA,NA,34,28
2.9908,NA,35,28
NA,0.4203,36,28
NA,NA,37,28
0.8604,NA,38,28
NA,0.1803,39,28
NA,0.7973,40,28
2.0631,-0.7568,41,28
1.8569,NA,42,28
1.3348,NA,43,28
2.5347,NA,44,28
NA,-1.0065,45,28
NA,NA,46,28
3.3077,NA,47,28
NA,NA,48,28
3.8006,-0.5376,49,28
1.8666,-0.9550,50,28
1.5423,1.5089,1,29
-1.0501,NA,2,29
-1.4109,NA,3,29
NA,1.6281,4,29
-2.2002,1.0621,5,29
NA,0.5973,6,29
NA,1.1476,7,29
NA,3.2649,8,29
NA,NA,9,29
NA,NA,10,29
-0.7500,NA,11,29
-3.5748,NA,12,29
-2.6020,1.0023,13,29
NA,NA,14,29
-2.7726,-0.4271,15,29
NA,NA,16,29
NA,NA,17,29
-1.0449,-0.2105,18,29
-1.7323,NA,19,29
-2.7613,NA,20,29
-3.4412,1.1746,21,29
NA,1.0304,22,29
-2.6577,1.7806,23,29
NA,NA,24,29
NA,-0.6439,25,29
NA,1.4481,26,29
NA,1.4639,27,29
-1.0516,1.2879,28,29
-1.8833,NA,29,29
NA,NA,30,29
NA,NA,31,29
NA,-0.7591,32,29
-1.0293,3.3904,33,29
-3.8097,NA,34,29
-2.9996,0.9738,35,29
-2.8611,0.4762,36,29
NA,0.8028,37,29
-1.2097,NA,38,29
NA,2.1127,39,29
NA,NA,40,29
NA,NA,41,29
NA,NA,42,29
-1.8940,-0.1358,43,29
NA,NA,44,29
NA,1.5886,45,29
-2.1389,-0.2320,46,29
-3.4937,NA,47,29
NA,NA,48,29
NA,-1.7957,49,29
-1.7111,-1.9194,50,29
0.5193,1.6322,1,30
NA,NA,2,30
NA,-0.6939,3,30
NA,1.2982,4,30
-0.4358,1.4627,5,30
-0.2795,NA,6,30
1.0476,0.6304,7,30
1.2703,0.7920,8,30
NA,1.5673,9,30
-0.5993,NA,10,30
NA,NA,11,30
-0.2604,1.2039,12,30
NA,NA,13,30
2.6728,0.8359,14,30
NA,NA,15,30
NA,NA,16,30
NA,NA,17,30
NA,2.5296,18,30
-1.3223,NA,19,30
-1.3087,NA,20,30
NA,NA,21,30
NA,1.6330,22,30
NA,2.5886,23,30
NA,NA,24,30
1.7094,-0.5201,25,30
NA,NA,26,30
NA,1.6086,27,30
-0.3327,0.0348,28,30
1.1390,1.5062,29,30
1.0872,NA,30,30
-1.0528,NA,31,30
1.0637,NA,32,30
NA,1.1579,33,30
-1.1996,-0.6609,34,30
NA,NA,35,30
1.6638,0.5351,36,30
-0.0337,NA,37,30
NA,1.6407,38,30
NA,0.8364,39,30
-0.1012,-0.4983,40,30
NA,0.6462,41,30
0.4133,-0.8728,42,30
NA,3.3996,43,30
-1.0281,0.6932,44,30
NA,0.7839,45,30
NA,0.7212,46,30
NA,0.1480,47,30
0.5010,0.8629,48,30
NA,NA,49,30
-0.4497,2.5395,50,30
-1.6169,-2.4908,1,31
-0.8698,NA,2,31
NA,NA,3,31
NA,-1.2636,4,31
NA,NA,5,31
-0.0421,-1.9308,6,31
-1.0473,NA,7,31
-0.9170,-1.1990,8,31
-0.0794,NA,9,31
-1.1944,NA,10,31
NA,NA,11,31
NA,-2.6371,12,31
1.6092,NA,13,31
0.6773,NA,14,31
NA,-1.1995,15,31
NA,-1.6080,16,31
NA,-2.5946,17,31
0.9930,-1.4347,18,31
1.8908,NA,19,31
1.3638,-2.5350,20,31
NA,NA,21,31
NA,-2.7595,22,31
NA,NA,23,31
NA,NA,24,31
-1.4185,NA,25,31
-1.5488,NA,26,31
0.6809,-1.1649,27,31
0.9083,-0.2997,28,31
NA,NA,29,31
NA,NA,30,31
-1.8215,NA,31,31
NA,NA,32,31
-0.1309,-1.7497,33,31
NA,-1.2458,34,31
NA,-2.7748,35,31
-0.0105,NA,36,31
0.5617,-2.7657,37,31
NA,NA,38,31
NA,NA,39,31
1.4252,NA,40,31
NA,NA,41,31
0.5870,-0.5951,42,31
NA,NA,43,31
-0.7482,NA,44,31
0.3867,NA,45,31
0.5613,-2.3178,46,31
-0.3474,-1.6077,47,31
1.0657,NA,48,31
-1.0293,NA,49,31
-1.5180,-1.3187,50,31
0.2335,0.2217,1,32
NA,NA,2,32
NA,-0.8313,3,32
NA,NA,4,32
NA,1.6519,5,32
NA,0.4976,6,32
NA,NA,7,32
NA,NA,8,32
NA,NA,9,32
-1.0307,0.2330,10,32
NA,0.3236,11,32
NA,NA,12,32
NA,0.1142,13,32
NA,-0.3810,14,32
0.3591,NA,15,32
NA,NA,16,32
NA,0.0706,17,32
NA,0.7310,18,32
0.1195,NA,19,32
-1.2128,0.7771,20,32
0.5801,NA,21,32
NA,0.1096,22,32
NA,NA,23,32
NA,NA,24,32
NA,NA,25,32
1.1211,-0.5894,26,32
NA,0.4098,27,32
0.0563,NA,28,32
1.5449,0.1323,29,32
NA,NA,30,32
3.4148,NA,31,32
NA,NA,32,32
NA,NA,33,32
NA,NA,34,32
0.9085,NA,35,32
NA,-1.2671,36,32
0.4055,-0.3999,37,32
NA,0.2027,38,32
-1.4084,NA,39,32
NA,-0.5343,40,32
NA,NA,41,32
-0.9799,NA,42,32
1.3494,NA,43,32
NA,NA,44,32
0.0919,-1.4660,45,32
NA,NA,46,32
NA,-1.5691,47,32
2.6068,NA,48,32
1.5182,NA,49,32
0.4632,-1.3283,50,32
0.0452,3.0793,1,33
1.3402,NA,2,33
NA,NA,3,33
NA,NA,4,33
2.6759,NA,5,33
NA,0.5903,6,33
NA,0.3827,7,33
NA,NA,8,33
NA,NA,9,33
NA,NA,10,33
NA,NA,11,33
NA,5.6146,12,33
-0.2707,2.3676,13,33
NA,3.9362,14,33
2.0612,2.7296,15,33
NA,NA,16,33
-0.1593,1.6560,17,33
2.7539,NA,18,33
1.5035,NA,19,33
2.5548,NA,20,33
NA,NA,21,33
1.2322,NA,22,33
1.8335,1.5983,23,33
NA,2.7814,24,33
NA,NA,25,33
0.4965,NA,26,33
NA,1.1578,27,33
2.0598,NA,28,33
1.1505,2.6723,29,33
NA,2.5178,30,33
-0.2188,NA,31,33
1.4232,NA,32,33
1.6339,NA,33,33
NA,NA,34,33
NA,2.4352,35,33
NA,2.5964,36,33
0.7600,NA,37,33
NA,NA,38,33
NA,0.9059,39,33
NA,2.1574,40,33
1.9594,NA,41,33
0.5091,NA,42,33
1.6835,NA,43,33
0.0860,0.1864,44,33
1.8571,1.3106,45,33
NA,NA,46,33
2.5139,1.3660,47,33
NA,NA,48,33
NA,4.0155,49,33
1.2946,3.4652,50,33
2.0920,1.5875,1,34
0.1615,0.6790,2,34
NA,NA,3,34
2.8693,0.0816,4,34
2.2125,NA,5,34
1.8234,NA,6,34
2.2850,NA,7,34
NA,NA,8,34
1.3656,0.7149,9,34
NA,0.1969,10,34
0.8271,NA,11,34
NA,2.2572,12,34
3.1505,NA,13,34
2.3928,2.4130,14,34
NA,-0.1958,15,34
2.0249,NA,16,34
NA,NA,17,34
NA,NA,18,34
NA,1.1306,19,34
NA,0.6077,20,34
2.3789,1.9535,21,34
0.2678,0.4631,22,34
0.6360,NA,23,34
-0.3241,-1.2334,24,34
2.1436,0.1648,25,34
NA,-0.1589,26,34
NA,0.1682,27,34
2.4778,-0.3704,28,34
3.2206,NA,29,34
NA,0.2857,30,34
1.9615,NA,31,34
3.3019,NA,32,34
NA,NA,33,34
NA,0.3557,34,34
NA,NA,35,34
2.2372,NA,36,34
3.3898,NA,37,34
NA,1.3028,38,34
NA,NA,39,34
NA,NA,40,34
1.8164,NA,41,34
2.5774,-0.1761,42,34
NA,NA,43,34
1.8095,NA,44,34
NA,0.7440,45,34
NA,NA,46,34
2.3108,NA,47,34
NA,2.7604,48,34
NA,NA,49,34
2.0248,1.4067,50,34
-0.1346,1.2136,1,35
NA,NA,2,35
NA,NA,3,35
NA,NA,4,35
-2.4669,NA,5,35
-1.1689,NA,6,35
NA,-1.0479,7,35
NA,0.4453,8,35
-2.1367,NA,9,35
NA,1.2640,10,35
NA,2.4423,11,35
NA,NA,12,35
-3.2637,NA,13,35
-0.9996,0.0007,14,35
NA,-0.8541,15,35
-1.1985,0.4341,16,35
NA,0.0071,17,35
-2.6094,-0.6677,18,35
NA,NA,19,35
-1.8778,NA,20,35
NA,0.5030,21,35
NA,2.8543,22,35
NA,NA,23,35
-2.9572,-0.7003,24,35
NA,0.7518,25,35
NA,NA,26,35
-0.0630,-0.0632,27,35
-0.8601,NA,28,35
NA,NA,29,35
NA,NA,30,35
-0.6896,-1.5111,31,35
NA,-2.1799,32,35
NA,-0.0632,33,35
NA,NA,34,35
-0.2454,-1.0647,35,35
NA,NA,36,35
NA,NA,37,35
-0.9769,NA,38,35
-0.4561,NA,39,35
NA,NA,40,35
-1.4359,-0.7794,41,35
-1.2498,0.3783,42,35
-2.4342,NA,43,35
NA,-0.7091,44,35
-2.1551,NA,45,35
NA,-1.4440,46,35
0.7015,0.0462,47,35
-0.7145,-0.5332,48,35
-1.3464,NA,49,35
-1.0968,-0.7198,50,35
1.4264,0.3714,1,36
-0.0078,-0.0455,2,36
1.3672,-0.2656,3,36
NA,1.2966,4,36
NA,NA,5,36
NA,NA,6,36
NA,NA,7,36
NA,1.3380,8,36
-0.0623,2.4393,9,36
-0.1616,NA,10,36
NA,-0.5695,11,36
2.1248,NA,12,36
2.3652,NA,13,36
0.9047,NA,14,36
0.9719,1.2760,15,36
2.5037,NA,16,36
NA,0.2577,17,36
NA,NA,18,36
1.4326,-0.0719,19,36
2.4084,NA,20,36
NA,0.4203,21,36
0.7740,NA,22,36
NA,NA,23,36
-0.3916,-0.2675,24,36
NA,-0.3537,25,36
2.5206,NA,26,36
NA,-0.4103,27,36
NA,-0.0620,28,36
NA,NA,29,36
0.9760,NA,30,36
NA,0.4472,31,36
2.1283,NA,32,36
2.5113,NA,33,36
NA,-0.2347,34,36
0.6817,NA,35,36
1.0971,NA,36,36
2.6930,NA,37,36
0.8437,NA,38,36
2.7838,2.1286,39,36
NA,-1.8225,40,36
1.2960,NA,41,36
NA,1.9998,42,36
1.6855,NA,43,36
0.5634,0.0168,44,36
NA,1.1738,45,36
NA,1.4677,46,36
NA,NA,47,36
-0.2758,-0.9629,48,36
NA,0.7809,49,36
1.2417,2.0649,50,36
-2.6808,0.4595,1,37
NA,2.2349,2,37
-2.8261,NA,3,37
-1.1953,-0.7299,4,37
NA,NA,5,37
-0.7151,-1.7239,6,37
NA,-0.2741,7,37
0.2097,-1.4063,8,37
NA,NA,9,37
NA,NA,10,37
-1.3350,-0.6955,11,37
NA,NA,12,37
NA,0.0379,13,37
1.0922,NA,14,37
NA,0.9068,15,37
NA,NA,16,37
-1.9252,0.1595,17,37
NA,-0.0908,18,37
-2.3090,NA,19,37
NA,NA,20,37
NA,0.2404,21,37
-3.4305,-0.6163,22,37
-1.5130,-0.0347,23,37
NA,-1.2720,24,37
-1.2924,-2.1684,25,37
0.1154,-0.5645,26,37
-1.3447,NA,27,37
NA,-0.7059,28,37
NA,NA,29,37
NA,NA,30,37
0.6284,NA,31,37
1.8966,-1.6647,32,37
0.9991,NA,33,37
0.5416,-1.4532,34,37
NA,-1.5534,35,37
-0.5542,-1.8959,36,37
NA,NA,37,37
NA,-0.6710,38,37
NA,NA,39,37
NA,NA,40,37
-0.9081,NA,41,37
NA,NA,42,37
NA,0.0749,43,37
NA,NA,44,37
NA,-0.5651,45,37
-1.6007,NA,46,37
-1.0976,0.7815,47,37
-0.2012,NA,48,37
-1.0517,-0.5932,49,37
-0.5886,-0.8120,50,37
-0.1411,-0.6876,1,38
1.0582,NA,2,38
-1.3542,NA,3,38
0.7965,-0.1385,4,38
NA,NA,5,38
0.0483,NA,6,38
0.3405,0.3502,7,38
NA,NA,8,38
1.3548,NA,9,38
NA,-0.1220,10,38
NA,-1.2457,11,38
-1.1682,NA,12,38
NA,-0.5447,13,38
0.2473,NA,14,38
NA,NA,15,38
NA,1.6445,16,38
0.8681,NA,17,38
NA,-0.2810,18,38
-0.8900,NA,19,38
2.0169,-0.7262,20,38
0.6311,NA,21,38
0.4296,NA,22,38
NA,0.6243,23,38
NA,NA,24,38
NA,-0.2031,25,38
NA,NA,26,38
NA,NA,27,38
-0.6313,NA,28,38
NA,NA,29,38
-1.2473,-0.3206,30,38
0.8383,0.3026,31,38
0.1038,0.5511,32,38
NA,-0.7238,33,38
NA,NA,34,38
NA,-1.0065,35,38
-0.3687,-1.5910,36,38
0.7761,NA,37,38
NA,NA,38,38
NA,-0.5922,39,38
NA,0.3234,40,38
NA,-1.6108,41,38
-0.5842,NA,42,38
0.5897,NA,43,38
NA,NA,44,38
NA,NA,45,38
NA,NA,46,38
NA,NA,47,38
-0.2214,NA,48,38
NA,NA,49,38
0.1416,-1.5498,50,38
0.6736,1.9887,1,39
NA,2.4749,2,39
NA,NA,3,39
NA,1.7019,4,39
NA,-0.0016,5,39
2.3683,-1.4455,6,39
2.8035,NA,7,39
2.0986,-0.4561,8,39
NA,NA,9,39
NA,1.5705,10,39
1.7437,NA,11,39
NA,1.2854,12,39
NA,NA,13,39
1.7433,NA,14,39
NA,-0.7628,15,39
NA,NA,16,39
0.3327,0.9379,17,39
NA,0.9555,18,39
-0.6135,2.1732,19,39
-1.3740,0.3668,20,39
0.6461,2.2587,21,39
-0.6950,-0.0345,22,39
NA,1.4994,23,39
NA,NA,24,39
NA,NA,25,39
0.6905,-0.5050,26,39
-0.8413,NA,27,39
1.2183,-0.4552,28,39
NA,NA,29,39
0.0822,NA,30,39
NA,-0.1467,31,39
NA,0.4628,32,39
NA,0.1759,33,39
NA,NA,34,39
1.0981,NA,35,39
-0.0694,-0.4776,36,39
NA,NA,37,39
2.0207,NA,38,39
NA,NA,39,39
-0.5799,NA,40,39
-0.2053,NA,41,39
1.0793,-0.6248,42,39
NA,NA,43,39
NA,NA,44,39
3.1864,NA,45,39
NA,2.2729,46,39
3.4659,NA,47,39
2.0262,NA,48,39
NA,2.2047,49,39
2.8108,2.2807,50,39
0.3827,-0.4363,1,40
NA,-0.2445,2,40
NA,2.1931,3,40
NA,NA,4,40
NA,NA,5,40
NA,-0.3088,6,40
0.3357,-0.7845,7,40
0.2928,NA,8,40
0.0320,-0.3553,9,40
1.5580,-1.5728,10,40
NA,-0.2363,11,40
0.9223,NA,12,40
NA,-0.4533,13,40
NA,-0.0134,14,40
NA,1.0555,15,40
NA,-0.3974,16,40
NA,1.7112,17,40
NA,-1.2962,18,40
NA,-0.1098,19,40
0.8812,NA,20,40
NA,1.8624,21,40
NA,0.7673,22,40
-0.4333,2.3818,23,40
NA,0.9604,24,40
0.7083,0.9502,25,40
-0.5433,1.6167,26,40
NA,0.8496,27,40
NA,0.4725,28,40
-0.0036,0.5725,29,40
NA,NA,30,40
NA,1.7651,31,40
NA,0.9525,32,40
-0.6795,NA,33,40
NA,NA,34,40
NA,NA,35,40
0.5277,NA,36,40
-0.9830,0.0227,37,40
NA,1.4507,38,40
-0.7933,NA,39,40
-1.0189,NA,40,40
1.1455,NA,41,40
0.7158,NA,42,40
1.7678,NA,43,40
NA,NA,44,40
-1.9127,NA,45,40
NA,1.1137,46,40
-1.1475,1.6448,47,40
NA,1.4238,48,40
NA,NA,49,40
0.3182,0.5171,50,40
-0.1016,-1.3532,1,41
NA,0.1130,2,41
NA,NA,3,41
NA,-1.7655,4,41
NA,-0.6014,5,41
NA,NA,6,41
NA,-2.8253,7,41
0.4783,-2.4792,8,41
0.3180,-2.4098,9,41
NA,NA,10,41
0.8857,-1.2520,11,41
NA,NA,12,41
1.0594,NA,13,41
NA,NA,14,41
NA,-1.1524,15,41
-0.6431,NA,16,41
NA,NA,17,41
-4.5759,NA,18,41
-2.5545,NA,19,41
NA,NA,20,41
NA,NA,21,41
0.1312,NA,22,41
0.3094,NA,23,41
-1.5197,-1.8439,24,41
-1.5016,NA,25,41
NA,NA,26,41
NA,NA,27,41
NA,-0.4818,28,41
NA,NA,29,41
0.0590,NA,30,41
NA,0.6039,31,41
NA,NA,32,41
-1.8340,NA,33,41
-2.3397,-2.7949,34,41
0.3560,NA,35,41
-0.5627,-1.7093,36,41
NA,-1.4873,37,41
-1.1426,NA,38,41
0.1109,-0.7604,39,41
NA,-1.4736,40,41
-0.4164,-0.8924,41,41
NA,-1.8427,42,41
-2.0426,-0.4871,43,41
-1.3705,-0.4399,44,41
-1.4670,NA,45,41
NA,-0.0242,46,41
NA,NA,47,41
-1.7314,-1.5165,48,41
NA,-1.1579,49,41
-0.8017,-1.2809,50,41
-1.0281,-0.5633,1,42
0.5926,NA,2,42
NA,NA,3,42
NA,NA,4,42
-1.6902,-1.1816,5,42
1.3017,NA,6,42
0.7075,NA,7,42
1.0807,-3.5329,8,42
NA,NA,9,42
2.5210,-1.0620,10,42
1.0506,0.1296,11,42
1.7706,NA,12,42
NA,-1.3152,13,42
1.3174,-2.4634,14,42
1.1169,-1.1396,15,42
NA,0.7586,16,42
NA,NA,17,42
4.9723,NA,18,42
0.0764,-1.8606,19,42
2.4724,NA,20,42
NA,-2.3196,21,42
2.9671,-1.6912,22,42
2.3924,NA,23,42
NA,NA,24,42
1.0130,NA,25,42
3.3596,NA,26,42
NA,NA,27,42
NA,-0.8178,28,42
-0.3520,NA,29,42
1.9956,NA,30,42
0.8438,-3.1020,31,42
NA,0.2233,32,42
NA,NA,33,42
NA,-1.6009,34,42
NA,NA,35,42
1.5222,NA,36,42
1.0725,-4.1093,37,42
3.6149,-0.8446,38,42
1.3958,-1.4932,39,42
NA,-0.7534,40,42
NA,-0.7952,41,42
NA,NA,42,42
-1.1999,NA,43,42
-0.3439,NA,44,42
NA,NA,45,42
1.0759,-1.8384,46,42
-0.1709,NA,47,42
NA,1.2422,48,42
NA,NA,49,42
0.7590,0.2661,50,42
2.6535,0.8099,1,43
NA,NA,2,43
-0.0695,NA,3,43
NA,-1.0985,4,43
NA,NA,5,43
0.0724,1.7144,6,43
-0.4527,NA,7,43
-0.6459,NA,8,43
-1.8167,NA,9,43
-0.7125,0.1413,10,43
-2.5792,NA,11,43
NA,-0.4444,12,43
NA,1.3714,13,43
-0.7125,NA,14,43
-1.2022,-0.1789,15,43
NA,NA,16,43
-1.6568,NA,17,43
-0.2120,NA,18,43
NA,-1.8648,19,43
NA,-0.3927,20,43
NA,-0.9469,21,43
-0.9898,-1.3942,22,43
-0.3671,NA,23,43
-0.9314,NA,24,43
-0.1748,NA,25,43
-0.6642,0.8810,26,43
NA,NA,27,43
-0.9894,0.6899,28,43
NA,NA,29,43
NA,1.1003,30,43
NA,NA,31,43
NA,NA,32,43
NA,1.0413,33,43
NA,0.5970,34,43
-0.0425,NA,35,43
-1.3912,NA,36,43
NA,0.1784,37,43
-0.7790,NA,38,43
-1.4326,NA,39,43
NA,-0.3273,40,43
NA,0.1385,41,43
-2.5179,NA,42,43
NA,NA,43,43
NA,NA,44,43
NA,NA,45,43
0.7993,NA,46,43
NA,-0.2221,47,43
-1.2589,NA,48,43
NA,NA,49,43
1.9652,1.0564,50,43
-2.2500,-1.2208,1,44
NA,-0.9245,2,44
NA,NA,3,44
NA,NA,4,44
-0.4617,-0.2662,5,44
-1.2407,0.7413,6,44
NA,NA,7,44
-0.9289,NA,8,44
NA,-1.1946,9,44
-0.6691,NA,10,44
-0.9252,-1.9997,11,44
1.4007,-0.2008,12,44
NA,NA,13,44
NA,-2.3038,14,44
NA,NA,15,44
NA,NA,16,44
-1.6552,-0.6013,17,44
NA,NA,18,44
NA,0.7624,19,44
NA,-0.8862,20,44
-1.9299,NA,21,44
NA,-1.7085,22,44
-2.7222,-1.6712,23,44
NA,-1.2383,24,44
-1.6550,-1.5259,25,44
-2.2332,NA,26,44
-0.4238,NA,27,44
NA,NA,28,44
-1.0062,-3.4377,29,44
-0.7586,-2.4362,30,44
-1.1560,NA,31,44
0.5258,NA,32,44
-0.9092,NA,33,44
NA,-0.8341,34,44
-0.7739,NA,35,44
NA,NA,36,44
NA,-0.7743,37,44
-1.1845,NA,38,44
NA,-1.3731,39,44
NA,NA,40,44
NA,NA,41,44
NA,0.5938,42,44
NA,-2.2310,43,44
0.3479,NA,44,44
NA,NA,45,44
-1.4559,NA,46,44
-0.3338,NA,47,44
NA,-0.2904,48,44
NA,NA,49,44
-0.5084,0.1984,50,44
-0.3038,0.5637,1,45
-2.0156,1.0148,2,45
-2.6768,NA,3,45
-2.5100,NA,4,45
-0.4784,NA,5,45
NA,NA,6,45
NA,-0.5478,7,45
NA,0.4750,8,45
NA,1.5877,9,45
-1.1065,-1.2368,10,45
NA,NA,11,45
NA,1.2021,12,45
0.5707,1.6973,13,45
-1.2281,1.7383,14,45
-1.4443,NA,15,45
-1.6855,-0.1987,16,45
-0.8058,-0.5328,17,45
-0.7633,-1.2141,18,45
NA,-0.3006,19,45
NA,NA,20,45
-2.2540,NA,21,45
NA,-2.0183,22,45
1.6040,NA,23,45
NA,-0.9195,24,45
-2.1182,-0.0344,25,45
-1.5600,1.1996,26,45
NA,NA,27,45
-0.2025,NA,28,45
NA,0.0907,29,45
-0.7432,1.1579,30,45
NA,-0.9181,31,45
-0.9560,1.1600,32,45
NA,NA,33,45
NA,-0.0750,34,45
NA,NA,35,45
NA,NA,36,45
-1.3789,NA,37,45
-2.4263,NA,38,45
-3.3211,1.0210,39,45
-0.6378,NA,40,45
NA,NA,41,45
NA,NA,42,45
-1.4662,-0.1535,43,45
NA,0.9872,44,45
1.2942,NA,45,45
NA,-0.2159,46,45
NA,-1.0900,47,45
-0.8552,NA,48,45
-2.2830,NA,49,45
0.3792,2.0720,50,45
-1.2188,0.0550,1,46
NA,NA,2,46
NA,NA,3,46
NA,NA,4,46
-0.0440,1.5824,5,46
NA,NA,6,46
NA,NA,7,46
-0.3724,NA,8,46
NA,2.4528,9,46
-0.7946,0.7622,10,46
NA,1.3418,11,46
-2.4937,0.6476,12,46
-1.7418,NA,13,46
-1.6589,NA,14,46
NA,-2.7252,15,46
NA,-1.0531,16,46
0.6985,NA,17,46
NA,NA,18,46
NA,3.3167,19,46
-1.0336,2.0829,20,46
NA,1.9287,21,46
NA,NA,22,46
-3.5926,1.5066,23,46
-1.8802,0.9053,24,46
NA,NA,25,46
NA,NA,26,46
-0.5294,1.5884,27,46
NA,NA,28,46
-0.8722,0.4699,29,46
-1.6360,NA,30,46
-1.1907,NA,31,46
-0.6927,NA,32,46
NA,1.3785,33,46
NA,0.9571,34,46
-0.4890,NA,35,46
-1.0783,0.4632,36,46
-1.4245,NA,37,46
-1.0687,0.1608,38,46
NA,-0.3363,39,46
NA,-0.4650,40,46
-1.0670,NA,41,46
-0.6235,-0.1390,42,46
-0.8583,-0.9916,43,46
0.3386,NA,44,46
NA,-0.4010,45,46
NA,-0.2260,46,46
NA,NA,47,46
NA,NA,48,46
NA,0.3784,49,46
-0.4492,2.3020,50,46
-0.2039,-1.3028,1,47
-2.2653,NA,2,47
NA,NA,3,47
-0.9404,-1.5522,4,47
NA,-2.1393,5,47
-1.2021,NA,6,47
-1.4082,NA,7,47
NA,NA,8,47
0.9947,NA,9,47
1.0556,NA,10,47
-0.1497,NA,11,47
0.3163,-0.5615,12,47
-1.1028,-2.0221,13,47
NA,NA,14,47
2.3653,NA,15,47
NA,-4.1457,16,47
NA,NA,17,47
-0.1754,-2.5189,18,47
0.1940,NA,19,47
NA,NA,20,47
0.9357,NA,21,47
-1.0846,NA,22,47
NA,-3.1340,23,47
NA,-1.7311,24,47
NA,-0.0948,25,47
-1.9640,-1.9954,26,47
-0.5340,NA,27,47
-2.3287,-2.3906,28,47
NA,-0.7476,29,47
-1.7567,-2.4174,30,47
NA,-1.9535,31,47
NA,NA,32,47
-0.6787,NA,33,47
NA,NA,34,47
-1.7486,-2.8602,35,47
NA,NA,36,47
-2.4883,NA,37,47
NA,NA,38,47
-1.2160,-0.8924,39,47
1.2478,NA,40,47
-0.5976,NA,41,47
NA,-2.7122,42,47
NA,-2.8565,43,47
-0.1725,-0.8998,44,47
NA,NA,45,47
-0.0358,NA,46,47
NA,-1.2764,47,47
NA,NA,48,47
-0.1466,-0.7842,49,47
-1.1282,-2.1367,50,47
1.2235,0.3155,1,48
NA,-0.0397,2,48
NA,NA,3,48
0.9936,1.3653,4,48
-1.7337,0.2245,5,48
0.1963,1.1116,6,48
-0.2788,0.3223,7,48
NA,NA,8,48
NA,NA,9,48
-1.3023,NA,10,48
NA,NA,11,48
2.5219,-0.1456,12,48
0.5139,NA,13,48
NA,1.0015,14,48
NA,0.1614,15,48
1.7279,NA,16,48
NA,NA,17,48
-0.4660,NA,18,48
-0.0731,-0.4655,19,48
NA,1.8902,20,48
NA,NA,21,48
-0.0787,-0.6074,22,48
0.1817,-0.2654,23,48
NA,NA,24,48
NA,-0.1009,25,48
0.9623,-0.5534,26,48
-0.8398,NA,27,48
NA,NA,28,48
-0.7850,NA,29,48
-0.7856,NA,30,48
0.6227,NA,31,48
0.2612,-0.7550,32,48
1.1082,NA,33,48
0.1557,NA,34,48
1.5145,-0.1629,35,48
1.2229,NA,36,48
NA,NA,37,48
0.2363,2.4306,38,48
-1.1752,-0.1793,39,48
0.0496,NA,40,48
NA,NA,41,48
NA,-0.3376,42,48
1.3695,-0.7262,43,48
NA,-0.3550,44,48
0.0696,NA,45,48
NA,1.2188,46,48
0.7970,1.3043,47,48
NA,NA,48,48
NA,NA,49,48
-1.2008,-1.0258,50,48
2.1170,0.2721,1,49
0.0419,-0.8050,2,49
NA,-0.3172,3,49
0.4543,-0.4656,4,49
NA,NA,5,49
0.6991,NA,6,49
-0.2317,NA,7,49
1.7068,-0.7879,8,49
3.3551,NA,9,49
NA,-1.0273,10,49
1.6999,NA,11,49
NA,-1.4798,12,49
NA,NA,13,49
NA,NA,14,49
NA,NA,15,49
-0.4201,NA,16,49
-0.0251,NA,17,49
0.2918,1.9328,18,49
-0.1174,1.7588,19,49
-0.2388,NA,20,49
NA,NA,21,49
0.9857,NA,22,49
-0.2376,-0.5965,23,49
NA,NA,24,49
0.1308,NA,25,49
NA,-0.6051,26,49
0.6283,NA,27,49
-0.0599,NA,28,49
NA,NA,29,49
NA,NA,30,49
1.3619,0.4543,31,49
NA,NA,32,49
NA,-0.8165,33,49
NA,-1.1951,34,49
1.0061,NA,35,49
NA,-0.0174,36,49
1.4377,0.0733,37,49
-0.0421,-0.9885,38,49
0.4561,NA,39,49
0.8546,0.4803,40,49
0.8492,2.2289,41,49
0.9738,0.7748,42,49
NA,1.2173,43,49
NA,NA,44,49
1.7448,1.4952,45,49
0.0269,0.6456,46,49
NA,-0.5293,47,49
NA,0.1893,48,49
NA,NA,49,49
1.3230,0.5644,50,49
0.2850,0.5393,1,50
NA,NA,2,50
-1.9916,NA,3,50
-2.0409,NA,4,50
NA,NA,5,50
-0.6288,NA,6,50
-0.2652,0.7863,7,50
-0.6770,0.9410,8,50
NA,-0.3899,9,50
-1.2343,1.0732,10,50
-3.3126,-0.2684,11,50
NA,0.4228,12,50
NA,-0.8495,13,50
NA,-0.0974,14,50
-0.0381,1.1594,15,50
NA,0.0274,16,50
-0.8892,NA,17,50
0.8345,NA,18,50
-1.2049,NA,19,50
NA,NA,20,50
NA,NA,21,50
NA,NA,22,50
-1.0934,-1.2041,23,50
-1.6690,-0.8771,24,50
-2.3316,NA,25,50
-2.7800,NA,26,50
NA,NA,27,50
-0.3563,1.0331,28,50
NA,NA,29,50
-0.1636,NA,30,50
NA,-1.5582,31,50
0.3920,NA,32,50
-0.1993,-2.1186,33,50
-1.4321,NA,34,50
NA,1.5485,35,50
0.8690,2.3489,36,50
NA,0.3002,37,50
NA,NA,38,50
1.0525,2.2977,39,50
-2.4171,NA,40,50
NA,-1.5642,41,50
-1.1198,0.9133,42,50
-1.8560,NA,43,50
-1.7126,0.0564,44,50
NA,NA,45,50
-1.9167,NA,46,50
NA,NA,47,50
-1.2795,0.2619,48,50
-0.0007,-1.0308,49,50
-1.1371,-2.5944,50,50
0.5587,-0.0857,1,51
0.9788,0.2749,2,51
0.0603,NA,3,51
0.2396,NA,4,51
-1.7868,-0.6445,5,51
-0.2515,-1.1677,6,51
NA,NA,7,51
-0.0722,NA,8,51
NA,NA,9,51
0.5088,-0.1413,10,51
-0.2670,NA,11,51
1.9832,-0.5925,12,51
-0.2659,NA,13,51
-0.5142,-2.2490,14,51
NA,NA,15,51
NA,NA,16,51
NA,NA,17,51
NA,NA,18,51
NA,NA,19,51
-0.5856,NA,20,51
NA,-0.3455,21,51
-1.3496,-1.1603,22,51
-0.0932,-1.2936,23,51
-1.2643,-1.0810,24,51
-0.6861,NA,25,51
0.7288,NA,26,51
NA,1.7708,27,51
NA,NA,28,51
NA,0.6000,29,51
-0.5519,NA,30,51
-0.8175,0.1084,31,51
NA,1.8172,32,51
NA,-0.3221,33,51
NA,0.0679,34,51
-0.6102,NA,35,51
-2.4278,-2.8057,36,51
0.8813,0.9268,37,51
-0.7233,NA,38,51
NA,NA,39,51
NA,-0.4827,40,51
-0.2480,-0.1370,41,51
NA,-0.7654,42,51
NA,0.8297,43,51
NA,-1.2294,44,51
NA,0.5576,45,51
NA,-1.0712,46,51
0.1563,NA,47,51
0.0920,0.1830,48,51
NA,-0.9478,49,51
1.6241,2.2439,50,51
-0.7886,0.6523,1,52
-0.5664,NA,2,52
NA,1.4123,3,52
-0.6428,-0.3183,4,52
-0.9671,1.9877,5,52
NA,NA,6,52
NA,NA,7,52
NA,NA,8,52
1.3347,-0.4331,9,52
1.1622,NA,10,52
NA,NA,11,52
2.7431,-0.1139,12,52
NA,0.1337,13,52
NA,-1.3577,14,52
-1.0773,NA,15,52
NA,NA,16,52
-0.7418,NA,17,52
0.0298,NA,18,52
0.7836,NA,19,52
NA,0.1547,20,52
-1.0770,NA,21,52
-0.7212,0.0792,22,52
-1.6583,-1.4048,23,52
NA,NA,24,52
0.0710,NA,25,52
0.5697,-0.2502,26,52
NA,1.0314,27,52
NA,0.5641,28,52
NA,NA,29,52
NA,NA,30,52
NA,1.8150,31,52
NA,0.5987,32,52
NA,-0.6086,33,52
-0.2276,NA,34,52
1.6229,0.7044,35,52
-0.0825,NA,36,52
1.1735,NA,37,52
-0.2454,-1.3854,38,52
NA,NA,39,52
2.4911,0.4216,40,52
NA,0.2756,41,52
-0.6153,0.0720,42,52
-0.3918,0.7721,43,52
-1.0683,NA,44,52
0.5329,0.2509,45,52
NA,NA,46,52
0.1195,NA,47,52
0.0790,-1.1312,48,52
NA,NA,49,52
0.2736,-1.7337,50,52
-0.8627,-0.5231,1,53
-1.1618,NA,2,53
-1.2572,-0.1777,3,53
NA,-0.1142,4,53
NA,-0.9368,5,53
NA,NA,6,53
-1.1754,NA,7,53
-0.1310,0.8204,8,53
NA,-0.8448,9,53
NA,NA,10,53
0.1578,-1.5835,11,53
NA,NA,12,53
-0.0705,NA,13,53
1.0335,1.5124,14,53
NA,-1.0336,15,53
NA,-1.6596,16,53
1.1731,1.5730,17,53
NA,NA,18,53
0.3055,NA,19,53
NA,NA,20,53
-1.0296,-0.8047,21,53
NA,-1.1769,22,53
-1.9665,NA,23,53
NA,NA,24,53
NA,NA,25,53
-1.4534,NA,26,53
0.5986,NA,27,53
NA,NA,28,53
-0.4271,0.1948,29,53
NA,-0.9242,30,53
-1.0056,2.0124,31,53
NA,1.8556,32,53
NA,0.9345,33,53
-2.2049,NA,34,53
NA,NA,35,53
NA,NA,36,53
-1.8682,-1.7628,37,53
-1.9124,NA,38,53
-0.6873,NA,39,53
NA,-1.0231,40,53
NA,NA,41,53
NA,NA,42,53
-0.8659,NA,43,53
-1.1294,NA,44,53
NA,0.7712,45,53
NA,-1.5552,46,53
NA,-1.6747,47,53
NA,NA,48,53
-0.4689,NA,49,53
-0.0343,-0.6763,50,53
-0.0480,0.8737,1,54
1.6219,2.6846,2,54
1.5162,NA,3,54
NA,2.5559,4,54
0.5642,NA,5,54
0.6489,1.1037,6,54
0.0966,NA,7,54
NA,1.8104,8,54
2.2301,NA,9,54
-0.1795,NA,10,54
NA,NA,11,54
0.7035,NA,12,54
0.2243,NA,13,54
NA,NA,14,54
0.2741,NA,15,54
NA,1.4136,16,54
NA,NA,17,54
-0.6772,1.4881,18,54
0.7321,NA,19,54
0.7730,1.2889,20,54
2.1463,NA,21,54
NA,NA,22,54
NA,NA,23,54
1.0072,NA,24,54
0.4165,0.0815,25,54
1.2161,NA,26,54
2.3128,NA,27,54
NA,NA,28,54
0.0253,NA,29,54
-0.2236,0.6940,30,54
NA,NA,31,54
0.4923,2.0786,32,54
NA,NA,33,54
1.0053,2.4865,34,54
1.4409,NA,35,54
NA,2.4780,36,54
NA,1.9571,37,54
-0.0832,3.3352,38,54
NA,2.0629,39,54
1.6171,0.4035,40,54
NA,NA,41,54
1.8047,NA,42,54
-1.8520,NA,43,54
NA,2.4215,44,54
NA,0.2216,45,54
1.6844,NA,46,54
NA,1.6904,47,54
NA,NA,48,54
NA,NA,49,54
-1.2403,3.6693,50,54
2.3963,2.2420,1,55
1.7751,NA,2,55
1.9791,NA,3,55
NA,NA,4,55
1.6210,1.9710,5,55
NA,1.8235,6,55
NA,1.2343,7,55
1.2454,0.3815,8,55
NA,1.5469,9,55
NA,1.7826,10,55
1.8957,NA,11,55
0.0770,NA,12,55
NA,0.6997,13,55
1.3942,NA,14,55
0.8204,NA,15,55
1.3470,NA,16,55
NA,NA,17,55
1.4996,2.4101,18,55
NA,1.5657,19,55
-0.0263,NA,20,55
4.0429,NA,21,55
1.4693,NA,22,55
NA,NA,23,55
NA,1.2359,24,55
1.4976,1.4900,25,55
NA,1.5588,26,55
-0.4459,-1.5067,27,55
1.8826,NA,28,55
NA,NA,29,55
0.4319,2.0384,30,55
1.2189,NA,31,55
3.4842,1.7287,32,55
NA,NA,33,55
NA,0.8981,34,55
NA,NA,35,55
1.8810,1.6909,36,55
2.6944,2.5469,37,55
NA,2.0424,38,55
1.7867,2.7472,39,55
0.4255,2.3133,40,55
NA,NA,41,55
1.3927,2.6847,42,55
NA,NA,43,55
2.4672,NA,44,55
NA,1.3817,45,55
1.1182,0.9785,46,55
NA,NA,47,55
NA,0.0541,48,55
0.6523,NA,49,55
0.0518,0.7873,50,55
0.7706,1.6944,1,56
0.0322,NA,2,56
0.2496,NA,3,56
-0.3831,0.7390,4,56
1.2290,1.0977,5,56
NA,NA,6,56
-0.5927,0.2945,7,56
-1.3471,NA,8,56
-0.8648,NA,9,56
-1.9594,-0.5856,10,56
-0.9669,NA,11,56
0.4864,1.6526,12,56
NA,NA,13,56
0.5149,NA,14,56
NA,1.6477,15,56
0.2988,NA,16,56
-2.0772,0.7309,17,56
-0.0824,1.3986,18,56
NA,NA,19,56
1.7726,NA,20,56
NA,-0.2836,21,56
0.6382,NA,22,56
NA,1.5945,23,56
0.6992,1.2636,24,56
NA,NA,25,56
NA,NA,26,56
NA,2.2825,27,56
-2.1760,NA,28,56
NA,NA,29,56
NA,NA,30,56
0.2219,NA,31,56
NA,0.4984,32,56
NA,NA,33,56
NA,NA,34,56
NA,NA,35,56
NA,NA,36,56
0.1662,NA,37,56
NA,2.5347,38,56
0.2958,NA,39,56
NA,NA,40,56
0.2852,1.6283,41,56
-0.4772,1.1003,42,56
NA,NA,43,56
NA,2.2369,44,56
NA,2.0195,45,56
0.5087,2.6904,46,56
1.5735,4.1846,47,56
NA,-0.2593,48,56
NA,0.8720,49,56
0.0036,1.5177,50,56
-0.5863,0.3493,1,57
NA,-1.7439,2,57
NA,NA,3,57
-0.6505,-0.8171,4,57
NA,NA,5,57
NA,0.6917,6,57
-0.4547,NA,7,57
NA,0.8997,8,57
NA,0.6066,9,57
NA,NA,10,57
0.8458,NA,11,57
NA,-0.1369,12,57
NA,NA,13,57
NA,1.1949,14,57
0.4599,NA,15,57
NA,0.4367,16,57
0.2142,NA,17,57
0.0745,-0.5212,18,57
NA,-0.1874,19,57
1.5771,-0.2991,20,57
NA,1.2170,21,57
NA,NA,22,57
NA,1.1835,23,57
NA,NA,24,57
NA,NA,25,57
NA,NA,26,57
1.3356,NA,27,57
-0.5692,0.3097,28,57
NA,0.8183,29,57
NA,NA,30,57
NA,0.6672,31,57
NA,1.7471,32,57
0.4172,0.7959,33,57
NA,NA,34,57
NA,0.1265,35,57
-1.4952,NA,36,57
-0.1793,NA,37,57
NA,1.5810,38,57
-0.9690,1.4628,39,57
NA,-0.5493,40,57
-0.3763,NA,41,57
NA,-1.0287,42,57
NA,NA,43,57
0.8119,-0.0614,44,57
1.0471,1.0926,45,57
NA,NA,46,57
0.0007,NA,47,57
NA,0.1166,48,57
0.5080,2.5413,49,57
-0.7921,-0.2627,50,57
-1.3858,-1.9531,1,58
0.0702,-1.9442,2,58
0.1392,-1.8499,3,58
NA,-3.0610,4,58
1.0672,NA,5,58
NA,-3.7225,6,58
1.0051,-2.0835,7,58
-0.2560,-3.2539,8,58
0.8070,NA,9,58
-2.6829,-3.2951,10,58
NA,NA,11,58
NA,NA,12,58
NA,NA,13,58
0.9056,-2.0931,14,58
NA,NA,15,58
NA,NA,16,58
NA,-2.8306,17,58
NA,NA,18,58
1.7376,-3.4161,19,58
NA,NA,20,58
NA,-4.9957,21,58
NA,NA,22,58
NA,-2.3545,23,58
-0.8424,NA,24,58
NA,NA,25,58
NA,-0.3693,26,58
0.2326,NA,27,58
NA,NA,28,58
-1.3375,NA,29,58
-1.7993,NA,30,58
NA,NA,31,58
0.7723,NA,32,58
-0.1538,-3.2381,33,58
-0.8672,NA,34,58
-1.1889,-2.0478,35,58
-0.0419,NA,36,58
NA,NA,37,58
NA,NA,38,58
NA,NA,39,58
-1.2759,NA,40,58
NA,-3.2612,41,58
1.1967,-0.2734,42,58
-1.2400,NA,43,58
-0.9150,NA,44,58
0.7335,NA,45,58
NA,-2.5937,46,58
NA,NA,47,58
1.2182,-4.2584,48,58
NA,NA,49,58
-0.0441,-4.9036,50,58
0.4911,-0.0282,1,59
1.2837,1.6748,2,59
1.2978,NA,3,59
-0.1280,0.1408,4,59
NA,2.6419,5,59
0.3456,1.1044,6,59
0.6088,NA,7,59
0.8654,0.4370,8,59
NA,NA,9,59
NA,NA,10,59
0.9398,2.8053,11,59
-1.2649,NA,12,59
NA,NA,13,59
NA,NA,14,59
-1.8684,NA,15,59
NA,3.0451,16,59
0.0443,2.7387,17,59
-1.1121,NA,18,59
1.0965,NA,19,59
NA,-0.0813,20,59
1.5625,0.8606,21,59
NA,0.5194,22,59
-0.0482,NA,23,59
NA,0.5934,24,59
NA,NA,25,59
NA,1.7163,26,59
NA,NA,27,59
NA,NA,28,59
NA,0.6865,29,59
NA,1.1684,30,59
NA,NA,31,59
NA,0.3785,32,59
NA,0.6187,33,59
NA,-0.2074,34,59
0.4045,NA,35,59
1.0011,-0.1063,36,59
NA,0.6444,37,59
0.3276,-0.1897,38,59
0.5353,NA,39,59
NA,0.2822,40,59
2.0037,NA,41,59
NA,NA,42,59
NA,-1.0981,43,59
0.6165,NA,44,59
NA,NA,45,59
1.8523,2.0432,46,59
NA,NA,47,59
1.0116,0.2644,48,59
0.5899,2.5283,49,59
0.4702,2.1017,50,59
0.2524,-1.9871,1,60
1.1590,NA,2,60
-0.4578,-3.0112,3,60
-1.0698,-2.6184,4,60
NA,-2.2844,5,60
NA,-2.6047,6,60
-1.2188,NA,7,60
1.5911,-2.2402,8,60
-1.2249,NA,9,60
-0.5509,-1.5220,10,60
-0.4164,-0.1575,11,60
-1.3855,-1.4783,12,60
-0.4139,NA,13,60
-0.8676,0.1564,14,60
NA,NA,15,60
NA,NA,16,60
NA,-0.3113,17,60
NA,-0.8004,18,60
-2.1894,-0.2365,19,60
-0.7685,NA,20,60
-0.6804,NA,21,60
0.4246,-1.1164,22,60
-0.3270,-1.2690,23,60
0.0305,NA,24,60
-1.1503,-3.8742,25,60
0.5222,-1.8771,26,60
NA,-2.0024,27,60
NA,-1.5770,28,60
0.2163,-0.4690,29,60
-0.4403,-0.0399,30,60
NA,-2.6576,31,60
-0.7629,NA,32,60
NA,NA,33,60
NA,-0.9215,34,60
1.3280,NA,35,60
NA,-2.6740,36,60
NA,NA,37,60
NA,NA,38,60
NA,-0.8030,39,60
NA,-3.3953,40,60
0.5635,NA,41,60
1.3263,NA,42,60
NA,-0.2172,43,60
NA,-0.0827,44,60
NA,NA,45,60
-0.7147,0.1691,46,60
-0.8645,NA,47,60
NA,NA,48,60
NA,NA,49,60
-2.1957,-0.4866,50,60
0.0530,-2.1463,1,61
0.3151,NA,2,61
NA,NA,3,61
NA,NA,4,61
-0.0413,NA,5,61
2.0300,NA,6,61
-0.1992,-0.0110,7,61
-1.1069,NA,8,61
0.5712,0.3251,9,61
1.7511,0.9834,10,61
NA,0.3048,11,61
1.0212,1.1490,12,61
-0.0921,1.7254,13,61
1.0585,0.7998,14,61
1.3208,NA,15,61
-1.1158,-0.1765,16,61
NA,NA,17,61
NA,0.9024,18,61
-0.5976,NA,19,61
-0.4468,NA,20,61
NA,NA,21,61
0.0583,0.9570,22,61
-0.9957,-0.3146,23,61
0.8704,-0.0170,24,61
NA,NA,25,61
NA,NA,26,61
NA,NA,27,61
NA,NA,28,61
0.1805,NA,29,61
1.0132,0.2381,30,61
0.6789,NA,31,61
NA,1.3835,32,61
NA,1.5303,33,61
NA,NA,34,61
NA,NA,35,61
2.3428,NA,36,61
NA,0.0072,37,61
NA,-1.4450,38,61
NA,-1.3677,39,61
NA,0.1888,40,61
NA,-0.1706,41,61
NA,NA,42,61
1.7509,2.0523,43,61
NA,NA,44,61
NA,1.0274,45,61
-0.6638,NA,46,61
NA,0.4566,47,61
0.9434,NA,48,61
-2.0843,-0.0184,49,61
-2.7302,-0.1294,50,61
-3.1749,-1.9223,1,62
NA,-1.7296,2,62
NA,-2.6293,3,62
-1.3135,NA,4,62
NA,-2.1738,5,62
NA,-1.4866,6,62
-1.6918,-1.0398,7,62
NA,-0.5604,8,62
-2.8652,-1.6101,9,62
NA,NA,10,62
-1.2433,NA,11,62
-2.3074,NA,12,62
NA,-1.5749,13,62
NA,NA,14,62
-2.8432,NA,15,62
-1.8609,NA,16,62
NA,NA,17,62
-0.7594,-1.5120,18,62
NA,NA,19,62
-1.6599,-2.8209,20,62
-0.8018,NA,21,62
0.9729,NA,22,62
0.8333,-3.1666,23,62
-1.0758,NA,24,62
NA,-3.4657,25,62
NA,-2.1124,26,62
0.3896,-2.0792,27,62
0.3927,-2.2421,28,62
NA,NA,29,62
NA,-3.0917,30,62
NA,-3.1967,31,62
0.6601,-3.1657,32,62
NA,-2.7501,33,62
NA,-0.6233,34,62
-0.0429,NA,35,62
NA,NA,36,62
NA,NA,37,62
0.5871,-1.7650,38,62
1.0416,NA,39,62
NA,NA,40,62
-0.5768,NA,41,62
NA,NA,42,62
-0.9025,NA,43,62
-1.1753,-1.3494,44,62
-0.7926,-0.4142,45,62
-1.4969,NA,46,62
NA,-2.2152,47,62
NA,-0.2590,48,62
-2.0814,-1.3324,49,62
-1.7268,-0.4061,50,62
0.3180,-1.4234,1,63
-0.1884,NA,2,63
1.4912,NA,3,63
NA,0.8775,4,63
NA,0.0303,5,63
NA,NA,6,63
NA,NA,7,63
NA,NA,8,63
NA,-1.7473,9,63
NA,NA,10,63
NA,-0.2503,11,63
NA,0.5416,12,63
-0.8815,NA,13,63
0.7400,-0.1406,14,63
NA,NA,15,63
0.3378,NA,16,63
NA,0.3148,17,63
-0.2280,1.9981,18,63
NA,1.5157,19,63
NA,1.7521,20,63
0.4429,1.1874,21,63
NA,NA,22,63
NA,0.7141,23,63
NA,NA,24,63
-0.8075,NA,25,63
-0.8088,NA,26,63
-0.0096,1.1192,27,63
0.1486,1.0151,28,63
0.8265,0.7009,29,63
NA,NA,30,63
NA,-1.1606,31,63
0.4583,0.8909,32,63
NA,NA,33,63
NA,-0.5765,34,63
-1.8088,0.2875,35,63
0.5472,NA,36,63
0.8463,1.0910,37,63
1.0592,NA,38,63
NA,0.1702,39,63
NA,NA,40,63
-1.9052,-0.7440,41,63
-1.2879,-0.6203,42,63
-0.0897,NA,43,63
NA,NA,44,63
-0.2026,NA,45,63
NA,NA,46,63
-0.4536,1.1963,47,63
-0.7450,0.7937,48,63
-0.4280,NA,49,63
0.9953,1.8738,50,63
-1.4680,-0.5700,1,64
NA,-0.4941,2,64
0.4326,NA,3,64
-0.5229,NA,4,64
0.7392,-0.3875,5,64
NA,-0.9583,6,64
1.1959,NA,7,64
1.0390,0.8024,8,64
-1.1526,NA,9,64
NA,NA,10,64
-2.7722,-0.8892,11,64
NA,-0.3590,12,64
NA,NA,13,64
NA,-0.2566,14,64
0.1157,NA,15,64
NA,NA,16,64
-0.0766,-0.7840,17,64
0.2551,-1.5092,18,64
-0.1078,NA,19,64
0.4308,-1.5768,20,64
0.2267,NA,21,64
NA,NA,22,64
NA,NA,23,64
NA,NA,24,64
NA,-3.0004,25,64
-0.0163,NA,26,64
NA,NA,27,64
NA,-3.2186,28,64
NA,-1.3142,29,64
1.8514,NA,30,64
NA,NA,31,64
NA,NA,32,64
-0.8197,NA,33,64
0.6409,-1.4837,34,64
NA,-2.4340,35,64
NA,NA,36,64
NA,-1.5451,37,64
NA,0.3952,38,64
NA,-3.5910,39,64
1.6136,-0.1918,40,64
0.2747,-1.3083,41,64
0.1716,NA,42,64
-1.0761,-2.2079,43,64
NA,-1.8963,44,64
-0.7297,-3.1921,45,64
NA,NA,46,64
0.9266,-1.9360,47,64
NA,-2.1643,48,64
0.8042,NA,49,64
0.4890,1.4703,50,64
1.6171,1.7131,1,65
2.4149,NA,2,65
1.1694,1.3521,3,65
1.8503,NA,4,65
NA,2.8380,5,65
4.0356,NA,6,65
1.5993,NA,7,65
2.8534,NA,8,65
NA,0.2072,9,65
2.6201,NA,10,65
NA,NA,11,65
NA,NA,12,65
3.2020,0.1005,13,65
2.9713,NA,14,65
NA,1.3962,15,65
1.9970,NA,16,65
1.8734,NA,17,65
2.9070,3.1322,18,65
2.8385,0.8291,19,65
NA,0.6157,20,65
4.1533,1.9923,21,65
NA,NA,22,65
NA,2.4843,23,65
1.9263,NA,24,65
1.4725,1.2414,25,65
NA,1.0364,26,65
2.0141,1.6390,27,65
2.6521,NA,28,65
NA,1.8259,29,65
1.9605,NA,30,65
1.9912,0.4702,31,65
0.9777,NA,32,65
NA,NA,33,65
NA,NA,34,65
1.3721,NA,35,65
1.7513,2.5799,36,65
2.3780,NA,37,65
NA,2.0936,38,65
2.2630,NA,39,65
NA,0.6176,40,65
NA,NA,41,65
2.8588,1.0424,42,65
3.2798,0.1066,43,65
NA,NA,44,65
NA,NA,45,65
NA,4.4251,46,65
NA,0.7262,47,65
NA,NA,48,65
2.3272,2.6442,49,65
0.8374,2.8033,50,65
-2.3542,-2.1625,1,66
-2.5890,-2.7734,2,66
-0.4266,-0.8461,3,66
NA,NA,4,66
-1.1839,-1.3452,5,66
-3.0254,-2.7911,6,66
-3.0107,NA,7,66
-0.3241,-1.1071,8,66
-1.2966,NA,9,66
NA,NA,10,66
-3.6845,-2.9284,11,66
NA,NA,12,66
-0.0992,NA,13,66
-1.8856,-1.8487,14,66
0.1526,-1.8463,15,66
-2.7381,NA,16,66
0.0684,NA,17,66
-3.3053,NA,18,66
NA,NA,19,66
-0.3868,NA,20,66
NA,-0.8659,21,66
-2.3546,NA,22,66
-2.2051,-2.6484,23,66
NA,NA,24,66
-1.9714,-3.2872,25,66
NA,NA,26,66
-0.7177,-0.7825,27,66
-1.8611,NA,28,66
-2.8271,NA,29,66
NA,-1.5484,30,66
NA,NA,31,66
NA,-3.1307,32,66
-2.1736,NA,33,66
-2.4808,NA,34,66
NA,NA,35,66
NA,-1.0602,36,66
NA,NA,37,66
NA,-1.0651,38,66
-2.8524,NA,39,66
-1.9879,NA,40,66
-2.5455,NA,41,66
-1.6460,-0.3553,42,66
NA,-1.9829,43,66
NA,-3.0432,44,66
NA,NA,45,66
NA,NA,46,66
NA,NA,47,66
NA,-2.2617,48,66
NA,NA,49,66
-2.6449,-1.0802,50,66
3.2200,-2.5883,1,67
4.4835,-1.5996,2,67
3.4475,-3.9868,3,67
NA,-2.9836,4,67
1.5226,NA,5,67
NA,NA,6,67
NA,-1.4259,7,67
NA,NA,8,67
NA,NA,9,67
4.3767,NA,10,67
NA,0.2416,11,67
NA,0.5852,12,67
0.1487,NA,13,67
-0.8152,0.1715,14,67
NA,0.8889,15,67
NA,0.2616,16,67
-0.0135,NA,17,67
NA,NA,18,67
2.0942,NA,19,67
NA,NA,20,67
3.0573,-1.1182,21,67
1.3117,NA,22,67
1.3498,NA,23,67
NA,-0.4489,24,67
1.1962,NA,25,67
NA,-1.7358,26,67
NA,NA,27,67
0.9160,2.3062,28,67
-0.3978,NA,29,67
NA,-0.8116,30,67
0.4635,NA,31,67
NA,-1.5008,32,67
3.1582,0.7918,33,67
1.9463,1.1094,34,67
1.7026,NA,35,67
NA,-0.8748,36,67
2.2885,-0.5939,37,67
NA,-0.8080,38,67
NA,NA,39,67
-0.3931,NA,40,67
-0.9653,NA,41,67
NA,NA,42,67
NA,NA,43,67
0.3680,NA,44,67
0.9535,NA,45,67
1.7885,0.3096,46,67
NA,NA,47,67
NA,-0.4069,48,67
0.5718,NA,49,67
1.7702,-1.5350,50,67
-0.1646,1.5779,1,68
NA,1.0355,2,68
NA,1.0577,3,68
NA,NA,4,68
NA,1.7651,5,68
-0.0051,NA,6,68
-0.4993,NA,7,68
-1.2010,-0.0559,8,68
NA,NA,9,68
2.3971,NA,10,68
0.4262,NA,11,68
NA,NA,12,68
0.9235,-0.9147,13,68
2.8663,NA,14,68
0.9942,1.1983,15,68
NA,NA,16,68
0.4914,0.6537,17,68
1.2426,1.9314,18,68
0.4139,2.0576,19,68
-0.5061,NA,20,68
1.2508,0.2366,21,68
NA,0.7983,22,68
NA,0.1582,23,68
0.7478,NA,24,68
NA,0.3447,25,68
NA,0.7884,26,68
1.4732,NA,27,68
NA,NA,28,68
1.4211,-1.4949,29,68
NA,-0.8278,30,68
NA,NA,31,68
1.3293,1.8225,32,68
1.5882,0.4591,33,68
0.6750,-0.3085,34,68
-0.5171,-0.2213,35,68
NA,NA,36,68
0.6679,NA,37,68
NA,NA,38,68
0.1786,1.0429,39,68
NA,2.6796,40,68
1.6919,0.7469,41,68
NA,0.5336,42,68
NA,NA,43,68
NA,-0.4845,44,68
1.9994,NA,45,68
NA,NA,46,68
1.0274,NA,47,68
0.9030,NA,48,68
2.4300,NA,49,68
2.7853,2.3767,50,68
-1.7628,-0.6980,1,69
NA,NA,2,69
-3.5204,-1.3545,3,69
-2.9885,NA,4,69
NA,0.0827,5,69
-0.9960,-0.8587,6,69
NA,NA,7,69
NA,NA,8,69
-2.9186,-2.2743,9,69
-1.4431,NA,10,69
NA,NA,11,69
-0.8958,-1.2181,12,69
-1.1487,-1.5276,13,69
-3.5791,-2.6255,14,69
NA,NA,15,69
NA,NA,16,69
-3.3159,NA,17,69
-2.0804,NA,18,69
-3.4307,-0.4481,19,69
-2.1607,-2.0205,20,69
-1.3390,-2.4179,21,69
-2.0396,-2.3215,22,69
NA,-3.1193,23,69
-2.7496,-1.6293,24,69
-4.4133,-1.8610,25,69
NA,-1.9223,26,69
-1.5390,0.3609,27,69
-0.7692,NA,28,69
-2.8485,-1.1718,29,69
NA,NA,30,69
-2.4415,NA,31,69
-2.1822,-0.5717,32,69
NA,-0.8264,33,69
NA,NA,34,69
NA,-0.0929,35,69
-2.0120,NA,36,69
-2.7920,NA,37,69
NA,NA,38,69
NA,-0.5141,39,69
-3.9487,NA,40,69
-3.0578,-1.3029,41,69
-2.9780,NA,42,69
NA,-1.3745,43,69
-1.7898,-1.0988,44,69
-1.5018,-0.8856,45,69
NA,-2.6695,46,69
-1.4268,-1.2960,47,69
NA,-0.3259,48,69
NA,NA,49,69
-1.1689,0.2838,50,69
1.8372,1.2040,1,70
2.3874,NA,2,70
4.1070,2.4292,3,70
1.6993,-0.7115,4,70
3.8262,NA,5,70
2.8317,NA,6,70
NA,0.4878,7,70
NA,NA,8,70
2.3577,0.3340,9,70
NA,0.8671,10,70
3.2499,1.9098,11,70
NA,0.5294,12,70
NA,NA,13,70
3.7703,3.0359,14,70
NA,NA,15,70
NA,0.3168,16,70
NA,NA,17,70
1.8233,0.2923,18,70
3.6648,1.9633,19,70
1.2928,-1.0942,20,70
NA,NA,21,70
NA,NA,22,70
3.4491,0.7295,23,70
NA,NA,24,70
3.3400,-0.0297,25,70
NA,NA,26,70
NA,-0.7142,27,70
1.4350,NA,28,70
NA,1.3459,29,70
1.4963,NA,30,70
0.5333,1.5673,31,70
NA,NA,32,70
1.6283,2.2383,33,70
NA,0.0842,34,70
NA,0.4465,35,70
1.8656,0.1748,36,70
1.5578,NA,37,70
NA,NA,38,70
NA,NA,39,70
1.6117,-1.5747,40,70
NA,NA,41,70
-0.1916,NA,42,70
NA,NA,43,70
NA,NA,44,70
NA,NA,45,70
NA,-0.5309,46,70
2.7632,NA,47,70
4.3618,NA,48,70
NA,-0.9215,49,70
2.1362,0.2106,50,70
-0.7562,1.5510,1,71
NA,2.4605,2,71
-0.8643,NA,3,71
NA,NA,4,71
NA,NA,5,71
-2.2966,NA,6,71
NA,NA,7,71
-0.9821,-0.2768,8,71
NA,2.1478,9,71
0.1570,NA,10,71
NA,NA,11,71
NA,1.5059,12,71
-1.7496,0.6958,13,71
NA,NA,14,71
-0.5636,NA,15,71
-0.9092,0.9630,16,71
-0.8841,1.9501,17,71
0.7679,1.7514,18,71
NA,2.8721,19,71
NA,1.9654,20,71
NA,NA,21,71
NA,1.5719,22,71
-0.4228,NA,23,71
NA,3.1768,24,71
-2.1546,1.1103,25,71
NA,1.6247,26,71
NA,1.8106,27,71
NA,NA,28,71
NA,NA,29,71
NA,NA,30,71
-0.1363,1.8555,31,71
0.3744,NA,32,71
NA,3.4114,33,71
-0.7435,2.2375,34,71
0.3927,NA,35,71
NA,2.3410,36,71
NA,2.0518,37,71
0.7729,1.4222,38,71
-1.6719,NA,39,71
-0.1522,2.2142,40,71
0.6991,0.8566,41,71
-0.4053,1.8869,42,71
1.2667,NA,43,71
-0.8524,NA,44,71
NA,NA,45,71
NA,NA,46,71
NA,0.9411,47,71
-2.0625,NA,48,71
NA,NA,49,71
-0.0178,1.4841,50,71
-0.0845,-0.3610,1,72
0.3294,-1.6174,2,72
NA,0.7584,3,72
1.5569,NA,4,72
-0.1393,-0.8890,5,72
1.8409,NA,6,72
-0.4251,NA,7,72
NA,NA,8,72
NA,3.0388,9,72
NA,NA,10,72
0.2652,0.7678,11,72
NA,1.1665,12,72
-1.2548,NA,13,72
NA,NA,14,72
NA,1.0344,15,72
0.0703,NA,16,72
-0.7566,0.2486,17,72
-1.4112,NA,18,72
-1.2658,1.6416,19,72
-2.1062,1.0509,20,72
-1.4556,NA,21,72
NA,NA,22,72
-0.7771,0.4618,23,72
NA,NA,24,72
NA,NA,25,72
-0.0137,0.5892,26,72
NA,0.5286,27,72
NA,1.8093,28,72
NA,1.2187,29,72
NA,NA,30,72
NA,NA,31,72
NA,-0.3027,32,72
0.4760,0.0112,33,72
NA,NA,34,72
NA,0.1494,35,72
NA,NA,36,72
NA,NA,37,72
-0.5746,0.6390,38,72
-0.2012,NA,39,72
1.2170,0.3653,40,72
NA,NA,41,72
-1.4767,NA,42,72
NA,1.8076,43,72
-0.1517,NA,44,72
-0.2787,NA,45,72
NA,1.0865,46,72
0.7115,NA,47,72
NA,NA,48,72
1.8878,NA,49,72
0.2471,1.0338,50,72
-1.5279,0.2175,1,73
-1.8618,NA,2,73
NA,NA,3,73
-3.8171,NA,4,73
NA,NA,5,73
-0.3921,2.2624,6,73
-1.1422,NA,7,73
NA,NA,8,73
-1.6698,-0.7836,9,73
-0.3918,1.8872,10,73
-3.0666,NA,11,73
-2.5033,1.4305,12,73
NA,2.6613,13,73
NA,NA,14,73
NA,-1.4561,15,73
-0.2406,NA,16,73
NA,1.0388,17,73
-0.4954,0.0397,18,73
-1.3351,0.2960,19,73
-2.6547,1.7307,20,73
-2.1936,NA,21,73
-1.6707,NA,22,73
-0.7638,1.1544,23,73
NA,NA,24,73
NA,-1.4939,25,73
NA,0.5308,26,73
NA,NA,27,73
NA,NA,28,73
NA,0.3334,29,73
-0.2079,NA,30,73
NA,NA,31,73
-1.2698,NA,32,73
NA,NA,33,73
NA,0.5844,34,73
-3.1776,-1.0489,35,73
NA,NA,36,73
NA,NA,37,73
-0.3545,-0.4382,38,73
NA,NA,39,73
-1.8110,0.5152,40,73
-2.3985,NA,41,73
-1.3309,NA,42,73
0.1655,NA,43,73
NA,NA,44,73
NA,0.3983,45,73
0.8889,NA,46,73
NA,-1.5467,47,73
NA,-0.0988,48,73
-2.4482,0.3127,49,73
-1.4164,0.4517,50,73
-1.1204,-0.8113,1,74
-2.0276,NA,2,74
-1.3004,NA,3,74
NA,-2.7911,4,74
-0.2146,-1.5943,5,74
-1.3067,-2.9199,6,74
NA,0.2097,7,74
0.3123,NA,8,74
NA,0.8301,9,74
-2.6724,-0.5157,10,74
NA,-0.5281,11,74
-1.3745,-0.3719,12,74
-2.4136,-1.1644,13,74
NA,NA,14,74
1.6285,-2.0857,15,74
-0.0756,NA,16,74
NA,NA,17,74
NA,-2.6922,18,74
-1.7592,-1.7750,19,74
NA,NA,20,74
NA,-2.1209,21,74
0.3810,NA,22,74
-0.4462,-2.7056,23,74
NA,-2.5477,24,74
-1.5879,-2.8917,25,74
NA,NA,26,74
-0.1313,NA,27,74
1.2323,NA,28,74
NA,-2.1117,29,74
-0.0200,-0.8739,30,74
NA,NA,31,74
-1.3712,-0.6855,32,74
-0.7607,-1.4856,33,74
NA,NA,34,74
-0.5401,NA,35,74
-0.8425,NA,36,74
NA,-1.7886,37,74
NA,NA,38,74
NA,NA,39,74
-1.3217,-2.3818,40,74
NA,-1.5046,41,74
-1.4305,NA,42,74
NA,NA,43,74
-1.2167,NA,44,74
NA,NA,45,74
-1.4277,-3.3697,46,74
NA,NA,47,74
-1.4222,-1.5069,48,74
NA,-2.5658,49,74
-1.1582,-2.2308,50,74
-1.0659,2.2346,1,75
NA,0.6287,2,75
-0.3506,3.0087,3,75
NA,2.9852,4,75
NA,NA,5,75
NA,NA,6,75
-3.7435,1.0355,7,75
-1.8476,NA,8,75
-1.8658,1.7559,9,75
-1.8601,2.5126,10,75
-1.8234,2.4838,11,75
-1.7705,NA,12,75
0.1452,NA,13,75
-0.4778,NA,14,75
-2.6214,0.4813,15,75
NA,NA,16,75
-0.3276,NA,17,75
-4.1142,-0.5286,18,75
NA,NA,19,75
-2.3240,1.7217,20,75
-1.7723,NA,21,75
-1.8901,-0.2388,22,75
-3.0344,0.0490,23,75
NA,NA,24,75
-0.6218,1.9691,25,75
NA,2.9088,26,75
-1.4906,1.4287,27,75
-2.0919,NA,28,75
NA,2.7051,29,75
NA,NA,30,75
NA,NA,31,75
-0.0801,NA,32,75
NA,NA,33,75
-1.0317,0.9229,34,75
NA,-0.3116,35,75
NA,NA,36,75
NA,NA,37,75
-2.4834,NA,38,75
NA,3.6071,39,75
-3.0508,0.9073,40,75
NA,2.5232,41,75
0.3825,NA,42,75
0.8941,1.5006,43,75
-0.2547,0.0152,44,75
-0.5304,NA,45,75
NA,NA,46,75
NA,1.2241,47,75
NA,0.2585,48,75
NA,NA,49,75
-1.7641,1.3643,50,75
-0.5179,-0.9540,1,76
NA,NA,2,76
NA,-0.9450,3,76
-0.2749,NA,4,76
0.3744,-0.0615,5,76
NA,-1.8870,6,76
1.0660,-0.9680,7,76
NA,NA,8,76
NA,NA,9,76
NA,NA,10,76
3.8769,-1.4703,11,76
NA,-2.6275,12,76
-0.3183,NA,13,76
NA,NA,14,76
NA,NA,15,76
1.3002,NA,16,76
NA,0.1253,17,76
NA,0.1970,18,76
-1.1065,-0.3217,19,76
NA,NA,20,76
NA,0.9120,21,76
-1.3895,NA,22,76
NA,2.0090,23,76
NA,0.9642,24,76
0.0326,0.1701,25,76
-1.4032,-0.3919,26,76
NA,NA,27,76
NA,NA,28,76
NA,NA,29,76
NA,-1.0350,30,76
NA,-2.4738,31,76
NA,-2.8432,32,76
NA,NA,33,76
-1.3960,NA,34,76
NA,NA,35,76
0.0596,-2.0985,36,76
0.2056,-1.2276,37,76
NA,NA,38,76
NA,NA,39,76
-1.7376,NA,40,76
NA,0.2080,41,76
NA,-0.0566,42,76
NA,NA,43,76
-1.3159,NA,44,76
NA,NA,45,76
0.0374,NA,46,76
NA,NA,47,76
NA,-1.8552,48,76
-0.6675,NA,49,76
-1.1586,-1.0201,50,76
-1.0892,0.6995,1,77
1.7777,NA,2,77
0.0698,1.5688,3,77
-0.9850,0.9458,4,77
NA,NA,5,77
-0.3506,NA,6,77
-1.7092,NA,7,77
NA,0.6006,8,77
0.7102,2.2119,9,77
NA,NA,10,77
NA,2.6401,11,77
-1.1208,0.8413,12,77
NA,2.6049,13,77
NA,NA,14,77
NA,2.9964,15,77
NA,2.3327,16,77
NA,NA,17,77
0.2956,NA,18,77
0.2061,NA,19,77
0.6817,3.1621,20,77
NA,0.3954,21,77
1.9405,-0.1746,22,77
NA,NA,23,77
0.6682,NA,24,77
0.0440,-0.0425,25,77
-1.1413,NA,26,77
-0.0920,2.5900,27,77
1.1281,NA,28,77
-1.9336,-0.2757,29,77
0.0497,NA,30,77
NA,NA,31,77
NA,NA,32,77
-1.2280,NA,33,77
-1.0177,NA,34,77
NA,1.5827,35,77
0.7197,-0.2301,36,77
NA,0.9106,37,77
0.2604,NA,38,77
0.8255,NA,39,77
NA,1.6000,40,77
NA,1.2807,41,77
0.6637,NA,42,77
1.2521,NA,43,77
1.9856,0.5470,44,77
-0.4434,-0.1750,45,77
-0.8884,-1.4610,46,77
0.6402,NA,47,77
1.8202,NA,48,77
1.6108,NA,49,77
-0.6912,-0.8220,50,77
2.1878,1.3721,1,78
NA,NA,2,78
2.5629,1.2012,3,78
1.4355,NA,4,78
3.7200,NA,5,78
NA,NA,6,78
-0.5167,-0.4216,7,78
0.3792,0.2791,8,78
1.1328,NA,9,78
1.2080,NA,10,78
NA,0.9021,11,78
1.7486,0.7744,12,78
NA,0.6596,13,78
2.2740,NA,14,78
NA,0.5313,15,78
2.0978,0.0115,16,78
NA,NA,17,78
NA,0.9977,18,78
1.5521,NA,19,78
NA,NA,20,78
NA,NA,21,78
NA,NA,22,78
2.9829,NA,23,78
-0.4778,NA,24,78
NA,NA,25,78
NA,0.0303,26,78
1.8110,NA,27,78
2.7499,1.9373,28,78
NA,NA,29,78
0.8882,NA,30,78
0.7610,NA,31,78
1.8497,NA,32,78
NA,NA,33,78
2.4954,NA,34,78
3.1649,-0.3817,35,78
2.7230,NA,36,78
NA,NA,37,78
NA,3.0138,38,78
1.3444,0.0270,39,78
2.4137,NA,40,78
NA,NA,41,78
NA,2.0834,42,78
1.1019,NA,43,78
NA,1.0231,44,78
0.5444,-1.4830,45,78
1.2205,0.6918,46,78
NA,NA,47,78
-0.6719,-0.5820,48,78
0.6586,1.9362,49,78
2.3423,1.8613,50,78
-1.7990,1.4197,1,79
NA,-0.5532,2,79
-0.0387,0.2115,3,79
NA,NA,4,79
NA,1.2691,5,79
-1.4472,2.6254,6,79
NA,1.8783,7,79
NA,0.7041,8,79
-0.7091,1.1500,9,79
-0.6354,0.5454,10,79
NA,-1.1683,11,79
NA,NA,12,79
-1.2312,NA,13,79
NA,0.5574,14,79
-1.9609,NA,15,79
-1.3903,1.2009,16,79
NA,1.1577,17,79
-2.1693,NA,18,79
NA,1.6025,19,79
-1.8052,1.9014,20,79
-1.4142,2.7523,21,79
NA,2.4266,22,79
NA,NA,23,79
-0.2593,1.6216,24,79
NA,1.1518,25,79
NA,-0.4931,26,79
NA,NA,27,79
0.1457,-1.3805,28,79
-0.4923,-0.1559,29,79
0.6364,-0.7019,30,79
-1.6052,-0.7174,31,79
NA,NA,32,79
-2.3627,0.1028,33,79
NA,NA,34,79
NA,NA,35,79
NA,NA,36,79
NA,-1.9061,37,79
NA,0.9080,38,79
NA,NA,39,79
NA,NA,40,79
NA,NA,41,79
NA,NA,42,79
NA,NA,43,79
NA,-0.0800,44,79
-1.9334,0.5858,45,79
NA,NA,46,79
-1.1163,NA,47,79
NA,0.8189,48,79
0.0147,NA,49,79
-2.2159,0.6679,50,79
-1.1159,1.0913,1,80
-2.3599,-2.1572,2,80
NA,-1.7608,3,80
NA,-1.6173,4,80
-0.3941,NA,5,80
NA,NA,6,80
-1.7813,NA,7,80
NA,NA,8,80
-3.1515,NA,9,80
NA,NA,10,80
NA,-1.0006,11,80
-0.8260,-1.5461,12,80
NA,-0.9410,13,80
NA,-2.2082,14,80
NA,NA,15,80
NA,NA,16,80
-1.0824,-1.2839,17,80
-0.6563,-0.6410,18,80
NA,NA,19,80
-2.5465,NA,20,80
NA,-0.4283,21,80
NA,-3.2119,22,80
-0.4222,NA,23,80
-1.8835,-1.6787,24,80
NA,NA,25,80
-1.0725,-1.0237,26,80
NA,NA,27,80
-0.3117,NA,28,80
0.2167,-1.4704,29,80
-1.2377,NA,30,80
0.5781,-0.1799,31,80
NA,NA,32,80
NA,NA,33,80
NA,NA,34,80
-0.8020,0.2596,35,80
NA,NA,36,80
NA,NA,37,80
NA,-1.4774,38,80
NA,NA,39,80
0.3402,-1.1706,40,80
-0.1036,-1.2683,41,80
-0.1110,NA,42,80
-0.6610,-2.8273,43,80
-1.9491,-1.4063,44,80
NA,NA,45,80
-1.0567,NA,46,80
-2.1955,-0.9985,47,80
-2.2621,NA,48,80
-3.4651,NA,49,80
-2.4254,-0.1129,50,80
-1.1698,0.7447,1,81
NA,1.3497,2,81
-3.2579,NA,3,81
-3.2126,-2.5919,4,81
NA,-1.6408,5,81
NA,NA,6,81
NA,NA,7,81
NA,-2.1408,8,81
-0.4877,NA,9,81
NA,-0.6030,10,81
-0.9745,NA,11,81
NA,-1.8901,12,81
-1.4253,-0.2995,13,81
-3.8676,-1.2952,14,81
NA,NA,15,81
-2.3669,NA,16,81
-1.5772,0.9217,17,81
-1.6290,-0.0333,18,81
-1.5720,-1.9352,19,81
-0.3000,0.4348,20,81
NA,NA,21,81
NA,-1.9719,22,81
NA,-2.6612,23,81
-2.5208,NA,24,81
NA,-1.2921,25,81
-1.8945,-2.0317,26,81
0.1718,0.0897,27,81
NA,-0.1057,28,81
-2.2553,-2.9136,29,81
-0.1630,-0.8893,30,81
NA,-2.8735,31,81
-0.4598,NA,32,81
-0.2526,NA,33,81
NA,-2.5236,34,81
NA,-4.7671,35,81
NA,NA,36,81
-0.3845,NA,37,81
-1.4749,-3.0773,38,81
NA,-2.5857,39,81
NA,NA,40,81
NA,NA,41,81
NA,NA,42,81
-1.3486,-0.3656,43,81
-1.6589,-2.3930,44,81
NA,-1.9438,45,81
-2.2260,-1.1894,46,81
NA,-0.5447,47,81
NA,-0.7558,48,81
-2.0832,NA,49,81
-0.6817,-1.2010,50,81
2.0588,3.2636,1,82
-0.1541,1.3707,2,82
1.3142,NA,3,82
NA,3.2096,4,82
NA,NA,5,82
NA,3.2288,6,82
NA,NA,7,82
NA,NA,8,82
-0.3911,2.0198,9,82
1.0227,2.4070,10,82
NA,3.4217,11,82
NA,NA,12,82
3.7218,NA,13,82
NA,2.5803,14,82
1.3949,NA,15,82
NA,2.7636,16,82
0.5773,NA,17,82
1.6618,NA,18,82
1.0193,NA,19,82
2.2673,NA,20,82
1.6286,2.6522,21,82
1.4205,2.0938,22,82
NA,0.7469,23,82
3.9940,NA,24,82
0.6293,1.9926,25,82
NA,3.3633,26,82
2.2956,4.2553,27,82
NA,3.6931,28,82
NA,NA,29,82
-1.4931,NA,30,82
-0.0605,NA,31,82
NA,1.9757,32,82
NA,2.9329,33,82
1.4389,NA,34,82
NA,2.6013,35,82
NA,2.4378,36,82
NA,2.4746,37,82
1.4770,0.2845,38,82
NA,NA,39,82
NA,NA,40,82
NA,1.9191,41,82
NA,0.7716,42,82
1.8130,NA,43,82
NA,NA,44,82
NA,1.1386,45,82
1.9362,NA,46,82
2.2466,NA,47,82
2.0186,NA,48,82
NA,2.0872,49,82
2.6706,2.5315,50,82
1.2176,0.8229,1,83
NA,-0.6108,2,83
0.9981,-1.5591,3,83
NA,-0.9422,4,83
2.0532,NA,5,83
NA,NA,6,83
0.7917,NA,7,83
0.6384,-0.7773,8,83
-0.4157,-0.2384,9,83
NA,-0.9780,10,83
1.5556,NA,11,83
NA,NA,12,83
1.1899,NA,13,83
NA,NA,14,83
1.2254,NA,15,83
NA,0.6165,16,83
NA,NA,17,83
NA,-0.3351,18,83
-0.4643,0.8850,19,83
NA,NA,20,83
NA,-0.6623,21,83
-1.1026,NA,22,83
-0.7911,NA,23,83
NA,-0.6776,24,83
NA,NA,25,83
NA,NA,26,83
NA,NA,27,83
NA,-0.4477,28,83
0.3255,NA,29,83
NA,NA,30,83
2.1869,NA,31,83
-0.5316,-3.1030,32,83
NA,-0.8920,33,83
NA,-0.1083,34,83
NA,NA,35,83
-0.0904,-0.7557,36,83
NA,0.1274,37,83
NA,NA,38,83
NA,0.0814,39,83
NA,NA,40,83
1.4171,NA,41,83
NA,-1.2837,42,83
0.7217,NA,43,83
NA,NA,44,83
NA,-1.1219,45,83
1.5566,-0.6928,46,83
1.2262,0.2583,47,83
0.1827,NA,48,83
0.5160,-1.6461,49,83
-0.1591,-2.6245,50,83
-2.5491,1.6219,1,84
0.2243,3.5358,2,84
NA,3.5819,3,84
-1.9716,1.3483,4,84
-1.8280,NA,5,84
-0.3317,2.7344,6,84
-1.2047,NA,7,84
-0.2659,-0.2350,8,84
NA,0.5917,9,84
-0.1160,1.0655,10,84
NA,NA,11,84
-2.1124,2.3346,12,84
NA,3.1960,13,84
NA,NA,14,84
NA,NA,15,84
-3.1607,1.4674,16,84
NA,NA,17,84
NA,NA,18,84
NA,NA,19,84
NA,0.6317,20,84
NA,2.0413,21,84
0.8388,NA,22,84
NA,1.6095,23,84
NA,2.1938,24,84
0.1922,-0.9525,25,84
NA,-0.7420,26,84
1.8148,NA,27,84
NA,1.3433,28,84
NA,NA,29,84
NA,NA,30,84
0.7216,NA,31,84
-1.1170,1.1159,32,84
-0.4431,NA,33,84
NA,-0.0993,34,84
1.7123,2.3044,35,84
NA,1.1091,36,84
1.6937,2.1536,37,84
-0.2947,2.2998,38,84
NA,3.2831,39,84
NA,0.1637,40,84
NA,NA,41,84
NA,-0.7086,42,84
1.5018,0.1548,43,84
NA,NA,44,84
NA,NA,45,84
NA,NA,46,84
NA,NA,47,84
1.2755,NA,48,84
0.4693,1.3126,49,84
-1.0587,1.8860,50,84
1.0976,0.9382,1,85
NA,0.3381,2,85
NA,-0.2378,3,85
0.6446,NA,4,85
0.0161,-1.4589,5,85
NA,NA,6,85
0.8032,-0.2820,7,85
NA,NA,8,85
-1.0166,NA,9,85
0.1926,-1.0558,10,85
NA,-0.7670,11,85
-1.6196,NA,12,85
0.7929,-0.2476,13,85
NA,-1.3930,14,85
-0.1205,NA,15,85
-0.8613,0.2835,16,85
0.1186,NA,17,85
NA,0.4298,18,85
NA,1.3427,19,85
-0.4758,0.6185,20,85
NA,NA,21,85
0.3822,NA,22,85
NA,NA,23,85
NA,-0.4898,24,85
NA,0.6995,25,85
NA,2.9599,26,85
NA,-0.2362,27,85
-0.6467,1.1860,28,85
-0.7644,NA,29,85
NA,NA,30,85
-1.1446,-1.7971,31,85
NA,-0.6303,32,85
0.4626,NA,33,85
2.2930,0.7246,34,85
-0.0211,-0.8144,35,85
NA,0.1672,36,85
NA,0.8517,37,85
-0.5380,-1.1479,38,85
NA,0.6622,39,85
NA,0.9939,40,85
NA,NA,41,85
-2.8211,NA,42,85
0.3219,NA,43,85
NA,0.4973,44,85
1.1410,0.0597,45,85
0.5905,NA,46,85
-0.7014,NA,47,85
NA,NA,48,85
-0.0254,NA,49,85
0.0396,-0.4328,50,85
1.6968,0.4311,1,86
0.8838,NA,2,86
2.3114,NA,3,86
1.3079,NA,4,86
NA,NA,5,86
NA,0.1213,6,86
NA,0.5496,7,86
NA,0.5890,8,86
NA,NA,9,86
0.0666,-0.3139,10,86
0.7963,NA,11,86
NA,NA,12,86
2.2341,0.6782,13,86
NA,NA,14,86
NA,NA,15,86
1.5575,NA,16,86
NA,1.2240,17,86
NA,NA,18,86
1.4699,NA,19,86
0.9444,-1.7109,20,86
NA,NA,21,86
2.2827,NA,22,86
1.8728,NA,23,86
0.3226,-0.7043,24,86
0.0905,NA,25,86
0.7119,1.9725,26,86
NA,NA,27,86
NA,NA,28,86
1.6108,2.0808,29,86
0.2300,1.0656,30,86
NA,0.8018,31,86
NA,-0.9200,32,86
0.1489,0.7419,33,86
-0.5813,-0.3348,34,86
0.0177,-0.3555,35,86
NA,NA,36,86
NA,0.8279,37,86
1.9224,0.2890,38,86
NA,NA,39,86
NA,NA,40,86
-1.1929,NA,41,86
-0.9824,NA,42,86
1.4755,NA,43,86
-0.5715,0.4803,44,86
-0.3307,1.6354,45,86
NA,NA,46,86
1.8487,NA,47,86
NA,2.1793,48,86
NA,NA,49,86
1.0241,0.7592,50,86
0.2609,-0.7996,1,87
NA,0.3457,2,87
NA,-0.3885,3,87
NA,-1.6761,4,87
1.1514,-1.4263,5,87
3.1590,-0.3757,6,87
NA,-1.2854,7,87
2.8367,-1.6398,8,87
NA,-1.1824,9,87
NA,-2.8823,10,87
NA,NA,11,87
NA,NA,12,87
NA,-0.6361,13,87
NA,-0.2200,14,87
NA,NA,15,87
0.0788,NA,16,87
NA,0.2623,17,87
1.1511,NA,18,87
NA,-0.6043,19,87
NA,-1.8558,20,87
NA,NA,21,87
NA,1.3340,22,87
1.1048,-0.2226,23,87
1.2038,-0.1278,24,87
NA,-0.6910,25,87
NA,1.0218,26,87
-0.7403,-0.5625,27,87
NA,1.9373,28,87
NA,-0.7281,29,87
0.8520,NA,30,87
0.1516,NA,31,87
1.8739,NA,32,87
NA,NA,33,87
1.7759,NA,34,87
NA,NA,35,87
NA,NA,36,87
NA,NA,37,87
-0.2051,NA,38,87
0.7995,NA,39,87
-0.3528,-0.2269,40,87
NA,NA,41,87
2.3857,NA,42,87
NA,-2.4226,43,87
NA,-2.6280,44,87
1.9437,NA,45,87
NA,0.5930,46,87
NA,-0.3617,47,87
3.0435,NA,48,87
1.4383,-1.9240,49,87
2.7621,-2.2921,50,87
0.1561,0.1430,1,88
NA,NA,2,88
NA,-0.5157,3,88
0.8563,NA,4,88
1.2400,0.4120,5,88
1.4757,NA,6,88
NA,0.6229,7,88
-0.9736,0.7079,8,88
NA,NA,9,88
NA,NA,10,88
NA,1.1508,11,88
NA,2.4088,12,88
NA,0.9548,13,88
NA,NA,14,88
NA,NA,15,88
NA,-1.1931,16,88
NA,0.5609,17,88
NA,NA,18,88
NA,1.0838,19,88
1.8619,NA,20,88
2.7098,NA,21,88
NA,-1.4286,22,88
1.5577,NA,23,88
2.4542,1.6733,24,88
NA,0.5287,25,88
0.0473,0.6745,26,88
1.8717,NA,27,88
NA,1.3625,28,88
NA,NA,29,88
1.2790,NA,30,88
1.2755,NA,31,88
NA,NA,32,88
NA,1.2139,33,88
0.0673,NA,34,88
NA,NA,35,88
1.8880,-1.1879,36,88
0.3799,-0.8900,37,88
0.3906,NA,38,88
0.0184,0.5736,39,88
NA,NA,40,88
-0.5888,NA,41,88
NA,NA,42,88
-0.0680,-0.6546,43,88
NA,0.9631,44,88
1.9093,0.2910,45,88
0.0875,NA,46,88
NA,-0.8313,47,88
NA,0.0857,48,88
NA,NA,49,88
1.4738,-0.3680,50,88
-0.6611,-0.5097,1,89
-1.0928,NA,2,89
NA,NA,3,89
0.5907,NA,4,89
1.7454,NA,5,89
NA,NA,6,89
-0.0045,-1.0259,7,89
NA,NA,8,89
NA,NA,9,89
0.4945,-0.1912,10,89
-1.7188,NA,11,89
0.2484,0.5804,12,89
NA,0.8402,13,89
-0.1300,NA,14,89
NA,-0.1074,15,89
-1.2608,0.9878,16,89
-1.1391,0.8742,17,89
NA,0.6188,18,89
0.8509,NA,19,89
NA,NA,20,89
NA,0.9737,21,89
1.7588,2.3107,22,89
-0.3525,-0.4452,23,89
NA,0.9922,24,89
0.1587,NA,25,89
NA,1.7799,26,89
-0.9433,NA,27,89
-0.7626,-1.1237,28,89
1.1939,0.7321,29,89
0.9314,-0.7140,30,89
-0.1756,NA,31,89
2.0194,NA,32,89
NA,NA,33,89
2.0423,NA,34,89
1.8366,-0.0493,35,89
NA,NA,36,89
NA,-0.1800,37,89
NA,NA,38,89
NA,NA,39,89
0.6957,NA,40,89
-0.7714,-0.4929,41,89
1.2376,1.0850,42,89
1.6635,NA,43,89
0.9724,NA,44,89
NA,NA,45,89
NA,-0.4014,46,89
NA,1.2367,47,89
0.3531,NA,48,89
2.3905,-0.0302,49,89
1.5056,2.6901,50,89
-2.8304,0.5616,1,90
-1.6989,NA,2,90
NA,NA,3,90
-1.3454,NA,4,90
NA,0.9894,5,90
-0.2423,0.3142,6,90
NA,2.0092,7,90
NA,NA,8,90
-1.6723,0.8384,9,90
-0.3930,1.6138,10,90
NA,0.4508,11,90
NA,1.8190,12,90
-1.4598,1.9582,13,90
0.4339,2.6479,14,90
NA,1.4893,15,90
NA,NA,16,90
NA,NA,17,90
NA,NA,18,90
NA,3.4500,19,90
-0.7272,NA,20,90
-1.8430,NA,21,90
0.6166,3.0746,22,90
NA,0.8068,23,90
-1.2258,0.1225,24,90
NA,2.7631,25,90
-1.5212,1.9787,26,90
-1.8549,NA,27,90
-1.3875,NA,28,90
-0.9366,4.8366,29,90
-2.5026,NA,30,90
NA,0.9336,31,90
-0.5871,1.7006,32,90
-0.9118,NA,33,90
NA,NA,34,90
-0.5797,NA,35,90
NA,NA,36,90
-1.5661,1.9981,37,90
NA,NA,38,90
-1.6377,1.4451,39,90
-0.4868,NA,40,90
-0.7161,NA,41,90
NA,NA,42,90
-2.1532,-0.6789,43,90
NA,NA,44,90
-0.1664,1.3880,45,90
-1.1733,NA,46,90
NA,NA,47,90
NA,0.2701,48,90
0.9134,0.6430,49,90
1.6690,2.3648,50,90
-0.9116,-0.4880,1,91
NA,NA,2,91
NA,NA,3,91
-0.0502,2.0775,4,91
-2.1221,NA,5,91
-0.3901,NA,6,91
NA,NA,7,91
0.4038,NA,8,91
-1.5896,1.0404,9,91
NA,-0.5380,10,91
-1.1149,NA,11,91
-0.0257,0.9715,12,91
0.2457,1.5053,13,91
-0.1835,NA,14,91
-1.9856,-0.1384,15,91
-1.2264,0.7562,16,91
NA,-1.0067,17,91
-1.5148,NA,18,91
-1.3574,0.9687,19,91
NA,NA,20,91
NA,-0.0788,21,91
NA,0.6148,22,91
0.2282,1.7274,23,91
NA,-0.0846,24,91
-2.0654,-0.4501,25,91
NA,-1.1444,26,91
0.2418,-0.6559,27,91
-0.4796,NA,28,91
NA,NA,29,91
NA,NA,30,91
NA,NA,31,91
-0.2022,NA,32,91
0.8251,0.2296,33,91
1.1057,-0.9518,34,91
0.9912,0.1580,35,91
-0.2738,-0.6377,36,91
NA,NA,37,91
-1.0671,NA,38,91
-1.3386,NA,39,91
NA,NA,40,91
-1.6317,NA,41,91
-1.6934,NA,42,91
-1.1050,NA,43,91
NA,NA,44,91
NA,-1.0646,45,91
1.0988,NA,46,91
-2.5230,NA,47,91
-0.9709,1.4622,48,91
0.1003,NA,49,91
0.1685,0.2485,50,91
0.7736,-1.4870,1,92
-0.4669,NA,2,92
-1.2047,-2.1942,3,92
0.0445,NA,4,92
-1.0078,-0.4573,5,92
-0.7984,2.1852,6,92
NA,NA,7,92
-0.1748,1.7321,8,92
-2.5446,NA,9,92
NA,0.3435,10,92
NA,-0.8192,11,92
-0.7981,0.6940,12,92
NA,NA,13,92
NA,1.5082,14,92
NA,0.7469,15,92
-0.4420,0.4629,16,92
1.0317,NA,17,92
NA,0.1407,18,92
-0.0457,0.7692,19,92
NA,-0.5308,20,92
NA,0.8930,21,92
NA,-0.0077,22,92
NA,NA,23,92
NA,1.6210,24,92
NA,NA,25,92
1.6529,1.3230,26,92
NA,NA,27,92
-0.0999,NA,28,92
0.4326,0.1502,29,92
NA,NA,30,92
NA,0.0709,31,92
NA,-0.0779,32,92
0.3718,NA,33,92
NA,0.3354,34,92
2.0101,1.8074,35,92
0.8022,0.5889,36,92
NA,NA,37,92
0.6164,1.0472,38,92
-0.2238,NA,39,92
-0.4158,2.5627,40,92
-0.9729,0.1699,41,92
0.3712,NA,42,92
1.2426,NA,43,92
NA,NA,44,92
1.5139,NA,45,92
1.1776,NA,46,92
0.7062,NA,47,92
NA,NA,48,92
-0.2014,-1.2470,49,92
-0.1211,0.2030,50,92
-1.7285,-0.3480,1,93
-0.4851,-2.2267,2,93
0.5029,NA,3,93
0.3917,-2.4732,4,93
-0.5982,-4.4926,5,93
0.9611,NA,6,93
-0.1051,-1.6227,7,93
1.4419,-2.3878,8,93
NA,NA,9,93
NA,-2.2973,10,93
0.9271,NA,11,93
NA,-2.5689,12,93
2.4397,NA,13,93
NA,NA,14,93
NA,-1.4594,15,93
0.8152,NA,16,93
NA,NA,17,93
-0.3812,-0.6322,18,93
1.1544,NA,19,93
NA,NA,20,93
NA,NA,21,93
NA,-1.3756,22,93
NA,-0.6263,23,93
-1.8773,NA,24,93
NA,-2.3873,25,93
NA,-0.5320,26,93
0.5913,-1.2818,27,93
NA,-0.7871,28,93
NA,NA,29,93
-1.3672,NA,30,93
0.1196,-2.3335,31,93
NA,NA,32,93
1.5643,NA,33,93
NA,-1.1755,34,93
-0.0395,-0.2311,35,93
-1.6264,-2.6381,36,93
NA,-2.5301,37,93
NA,NA,38,93
1.2490,-1.6245,39,93
NA,NA,40,93
NA,NA,41,93
-1.2524,NA,42,93
-0.4221,-1.0130,43,93
0.6637,-1.6424,44,93
NA,NA,45,93
0.6382,-3.2230,46,93
NA,-2.7757,47,93
-0.0450,NA,48,93
1.2464,NA,49,93
1.7533,-1.5090,50,93
0.2011,0.7204,1,94
1.5954,NA,2,94
-0.3546,NA,3,94
1.2126,NA,4,94
NA,-0.5901,5,94
-0.3560,NA,6,94
0.8061,1.3920,7,94
-0.2681,NA,8,94
NA,-1.9942,9,94
0.5869,-1.0360,10,94
-0.6128,NA,11,94
NA,NA,12,94
NA,NA,13,94
-1.2915,-0.0011,14,94
0.1637,NA,15,94
0.7272,0.7250,16,94
NA,1.6977,17,94
-1.4433,NA,18,94
NA,1.3772,19,94
-1.8932,NA,20,94
NA,NA,21,94
NA,NA,22,94
-0.8554,NA,23,94
-0.3116,0.9684,24,94
1.0413,NA,25,94
NA,NA,26,94
NA,-0.4181,27,94
0.5976,NA,28,94
NA,1.0610,29,94
-0.2244,0.6321,30,94
-1.3301,0.8019,31,94
-1.6874,NA,32,94
NA,NA,33,94
NA,0.5376,34,94
NA,NA,35,94
-0.7200,1.3444,36,94
0.1494,NA,37,94
NA,0.6455,38,94
-2.2076,NA,39,94
-3.7904,2.0745,40,94
NA,NA,41,94
-1.1941,1.9338,42,94
NA,1.5739,43,94
NA,1.3947,44,94
-0.1458,0.4095,45,94
NA,0.4176,46,94
0.5425,-0.7157,47,94
1.3732,0.2718,48,94
NA,0.4799,49,94
-0.4485,-0.3079,50,94
-1.5539,0.5347,1,95
NA,NA,2,95
NA,NA,3,95
-1.2966,NA,4,95
-1.4941,NA,5,95
-0.8394,0.2178,6,95
-3.2683,NA,7,95
NA,NA,8,95
0.4337,NA,9,95
-1.6391,NA,10,95
-1.0854,NA,11,95
-1.8747,NA,12,95
-2.0318,-0.7067,13,95
-0.8318,NA,14,95
-2.6916,-0.1379,15,95
NA,1.8061,16,95
-2.8035,0.4831,17,95
NA,-0.0534,18,95
-1.3194,NA,19,95
NA,0.2627,20,95
0.6549,1.5232,21,95
NA,-0.4681,22,95
-1.4549,NA,23,95
NA,NA,24,95
-1.6012,0.5624,25,95
NA,NA,26,95
-1.4449,-2.2655,27,95
-0.8106,-0.8378,28,95
NA,-0.2022,29,95
0.3405,0.7649,30,95
NA,-1.5979,31,95
NA,-0.7088,32,95
NA,NA,33,95
NA,NA,34,95
-1.4442,-1.4788,35,95
NA,-1.4936,36,95
-0.3551,-1.1456,37,95
1.3666,NA,38,95
NA,-3.4202,39,95
NA,NA,40,95
NA,NA,41,95
-0.1579,NA,42,95
-1.2976,-1.2606,43,95
0.6764,-1.0609,44,95
NA,NA,45,95
-0.8332,0.8615,46,95
NA,0.4855,47,95
NA,0.8120,48,95
NA,-1.1619,49,95
0.6475,0.8597,50,95
-0.4545,3.1356,1,96
NA,NA,2,96
NA,NA,3,96
NA,0.9260,4,96
0.4026,2.8843,5,96
2.0079,2.3683,6,96
0.3350,NA,7,96
2.0784,NA,8,96
NA,-0.0050,9,96
NA,NA,10,96
0.9952,1.3317,11,96
NA,NA,12,96
NA,1.8129,13,96
-1.3003,-0.1837,14,96
0.6770,1.8742,15,96
-0.0499,NA,16,96
-0.1136,2.1538,17,96
-0.2753,NA,18,96
NA,NA,19,96
NA,NA,20,96
NA,1.5331,21,96
1.7007,1.7667,22,96
0.2908,NA,23,96
NA,0.8915,24,96
1.3543,2.0105,25,96
-1.7057,NA,26,96
NA,NA,27,96
NA,0.5747,28,96
-1.0735,0.0913,29,96
NA,2.2721,30,96
-1.6006,1.9436,31,96
NA,NA,32,96
-0.8289,NA,33,96
NA,0.3654,34,96
-0.8792,NA,35,96
NA,NA,36,96
0.1989,NA,37,96
0.4728,NA,38,96
-0.4295,NA,39,96
NA,NA,40,96
NA,NA,41,96
-1.0503,3.9158,42,96
-1.5209,NA,43,96
NA,NA,44,96
-1.5057,NA,45,96
NA,NA,46,96
NA,NA,47,96
NA,NA,48,96
NA,1.1126,49,96
0.8581,1.3385,50,96
-0.5049,-0.8663,1,97
NA,0.8370,2,97
1.1168,NA,3,97
NA,NA,4,97
NA,-0.2923,5,97
1.0853,0.2532,6,97
0.3730,NA,7,97
NA,NA,8,97
NA,1.1093,9,97
NA,NA,10,97
NA,NA,11,97
1.0740,NA,12,97
0.6837,0.1741,13,97
NA,1.2495,14,97
NA,NA,15,97
NA,NA,16,97
NA,NA,17,97
-1.9788,1.0032,18,97
-1.0023,2.5029,19,97
-1.9248,NA,20,97
NA,NA,21,97
NA,2.6925,22,97
NA,NA,23,97
NA,0.0375,24,97
NA,0.6207,25,97
NA,0.2955,26,97
1.9764,0.7979,27,97
1.7841,0.1726,28,97
0.6741,-0.3801,29,97
0.2115,NA,30,97
2.4200,-0.3552,31,97
-0.2485,-1.0226,32,97
NA,NA,33,97
NA,0.6286,34,97
-1.5922,0.6010,35,97
NA,-0.2274,36,97
NA,0.4665,37,97
NA,NA,38,97
NA,-0.9913,39,97
-0.5640,0.2962,40,97
NA,0.4804,41,97
-0.8261,NA,42,97
-0.3219,NA,43,97
0.4068,NA,44,97
NA,NA,45,97
NA,-0.2444,46,97
-1.9223,-0.9054,47,97
0.1897,1.6236,48,97
-0.0542,NA,49,97
0.1966,-1.1459,50,97
1.5957,-0.3385,1,98
NA,NA,2,98
3.4008,NA,3,98
NA,NA,4,98
NA,-0.9814,5,98
NA,NA,6,98
NA,0.8319,7,98
2.6834,NA,8,98
NA,NA,9,98
NA,-0.8370,10,98
3.7783,NA,11,98
3.6476,NA,12,98
4.1547,NA,13,98
4.1435,NA,14,98
NA,NA,15,98
NA,NA,16,98
2.8519,1.2202,17,98
0.7329,-1.0325,18,98
NA,NA,19,98
NA,-1.2425,20,98
0.8029,NA,21,98
NA,NA,22,98
NA,NA,23,98
NA,NA,24,98
NA,NA,25,98
0.9592,-0.3755,26,98
NA,0.7646,27,98
0.8179,2.0480,28,98
NA,NA,29,98
NA,NA,30,98
NA,0.4576,31,98
2.1395,NA,32,98
2.3279,-0.0381,33,98
NA,-4.0195,34,98
0.7773,-1.5441,35,98
NA,NA,36,98
1.4534,0.1320,37,98
1.0217,NA,38,98
NA,-0.0275,39,98
NA,-0.0275,40,98
NA,NA,41,98
NA,0.7993,42,98
3.6302,-0.7524,43,98
1.9418,0.7789,44,98
NA,NA,45,98
NA,NA,46,98
0.7750,0.4078,47,98
1.6623,NA,48,98
NA,NA,49,98
-0.8653,1.3382,50,98
2.6266,-1.5774,1,99
NA,-1.2066,2,99
1.1072,0.0313,3,99
-1.0917,-0.4161,4,99
NA,NA,5,99
0.2981,NA,6,99
NA,-0.6668,7,99
NA,NA,8,99
0.8720,-1.2115,9,99
0.7490,NA,10,99
NA,-1.8230,11,99
NA,NA,12,99
0.4202,-1.5582,13,99
-0.3954,NA,14,99
0.4069,-1.1550,15,99
NA,-0.0657,16,99
NA,-2.2911,17,99
NA,0.8292,18,99
0.6150,-1.1732,19,99
NA,-0.6935,20,99
0.5141,NA,21,99
0.8649,0.7586,22,99
2.3240,NA,23,99
NA,NA,24,99
NA,NA,25,99
-1.4708,-0.9380,26,99
-1.4558,NA,27,99
NA,NA,28,99
NA,-1.0970,29,99
-1.3391,-0.3052,30,99
NA,NA,31,99
NA,NA,32,99
-1.5338,0.4930,33,99
NA,1.2254,34,99
NA,NA,35,99
2.2440,NA,36,99
NA,1.1069,37,99
0.0153,0.0898,38,99
NA,-1.8508,39,99
-1.1202,-1.4786,40,99
NA,NA,41,99
-0.9584,NA,42,99
0.4607,NA,43,99
-0.2706,0.6543,44,99
-1.7168,0.7634,45,99
NA,-0.9098,46,99
0.7835,-1.7070,47,99
1.3977,NA,48,99
0.5694,0.5591,49,99
-0.1685,0.4677,50,99
-0.7684,0.7758,1,100
-0.4953,NA,2,100
NA,NA,3,100
-0.7323,1.5712,4,100
0.4011,2.6198,5,100
NA,NA,6,100
0.3358,3.2751,7,100
-1.3972,NA,8,100
NA,NA,9,100
-0.4467,0.6091,10,100
-0.4900,2.5555,11,100
NA,NA,12,100
-1.1809,NA,13,100
0.1254,1.2776,14,100
NA,NA,15,100
NA,-0.2973,16,100
-0.1679,NA,17,100
-0.4345,NA,18,100
NA,NA,19,100
0.0858,NA,20,100
-0.4235,NA,21,100
NA,2.7362,22,100
-1.5720,NA,23,100
NA,NA,24,100
NA,NA,25,100
NA,0.7709,26,100
-0.8078,1.1573,27,100
-0.4722,2.4677,28,100
NA,4.1867,29,100
-0.1389,NA,30,100
NA,1.5816,31,100
NA,0.5706,32,100
1.2869,0.7922,33,100
NA,NA,34,100
0.9437,1.7738,35,100
-1.3196,NA,36,100
2.0870,NA,37,100
-1.0681,NA,38,100
-0.1100,NA,39,100
1.1730,NA,40,100
NA,NA,41,100
-1.1385,NA,42,100
NA,NA,43,100
NA,0.0038,44,100
NA,NA,45,100
0.2734,NA,46,100
NA,1.0804,47,100
NA,NA,48,100
1.3160,3.9240,49,100
2.1820,4.7509,50,100
